# of SCH,SCHOOL DIVISION NAME,DAN #,SCHOOL/PROGRAM NAME,ADDRESS,TOWN/CITY,PC,PHONE,GRADE RANGE, K-12 Total ,ISCED020,ISCED1,ISCED2,ISCED3
62,Chinook SD 211,2410121,Abbey Hutterite School,BOX 37,ABBEY,S0N 0A0,306-689-2260,Gr. 2-9, <10 ,0,1,1,0
,Chinook SD 211,710523,Bone Creek Hutterite,BOX 93,GULL LAKE,S0N 1A0,306-297-4104,Gr. 1-9,15,0,1,1,0
,Chinook SD 211,1710613,Box Elder Hutterite School,BOX 841,MAPLE CREEK,S0N 1N0,306-662-3481,Gr. K-10,12,1,1,1,1
,Chinook SD 211,2410213,Burstall School,BOX 9,BURSTALL,S0N 0H0,306-679-2230,Gr. K-8,41,1,1,1,0
,Chinook SD 211,711123,Butte Hutterite School,BOX 120,BRACKEN,S0N 0G0,306-298-2249,Gr. 1-9,19,0,1,1,0
,Chinook SD 211,1511303,Cabri School,BOX 349,CABRI,S0N 0J0,306-587-2229,Gr. K-12,128,1,1,1,1
,Chinook SD 211,2310821,Capeland Hutterite School,PO BOX 1809 STN MAIN,SWIFT CURRENT,S9H 4J8,306-784-2211,Gr. 1-10,25,0,1,1,1
,Chinook SD 211,1610613,Carmichael Hutterite School,BOX 30,GULL LAKE,S0N 1A0,306-672-3499,Gr. K-9,16,1,1,1,0
,Chinook SD 211,1550201,Central School,121  DUFFERIN STREET W,SWIFT CURRENT,S9H 0R2,306-778-9255,Gr. K-8,232,1,1,1,0
,Chinook SD 211,810113,Consul School,BOX 179,CONSUL,S0N 0P0,306-299-2044,Gr. K-12,76,1,1,1,1
,Chinook SD 211,810213,Creston Bench Hutterian School,BOX 33,SHAUNAVON,S0N 2M0,306-297-2648,Gr. K-10,16,1,1,1,1
,Chinook SD 211,1710313,Cypress Hutterite School,BOX 716,MAPLE CREEK,S0N 1N0,306-662-3149,Gr. K-12,15,1,1,1,1
,Chinook SD 211,1710113,Downie Lake Hutterite School,BOX 326,MAPLE CREEK,S0N 1N0,306-662-3462,Gr. K-10,11,1,1,1,1
,Chinook SD 211,1610703,Earview Hutterian School,PO BOX 1809 STN MAIN,SWIFT CURRENT,S9H 4J8,306-672-3434,Gr. 1-9,11,0,1,1,0
,Chinook SD 211,810313,East Fairwell Hutterian School,BOX 546,EASTEND,S0N 0T0,306-295-3288,Gr. 2-12,20,0,1,1,1
,Chinook SD 211,810413,Eastend School,BOX 69,EASTEND,S0N 0T0,306-295-3601,Gr. K-12,94,1,1,1,1
,Chinook SD 211,1511343,école Centennial School,2220 WOODROW LLOYD PLACE,SWIFT CURRENT,S9H 5R2,306-778-9240,Gr. K-8,562,1,1,1,0
,Chinook SD 211,2410413,Estuary Hutterite School,BOX 760,LEADER,S0N 1H0,306-628-4116,Gr. 1-10,25,0,1,1,1
,Chinook SD 211,1550501,Fairview School,859  5TH AVENUE SW,SWIFT CURRENT,S9H 3H6,306-778-9265,Gr. K-8,268,1,1,1,0
,Chinook SD 211,1710413,Fox Valley School,BOX 208,FOX VALLEY,S0N 0V0,306-666-2144,Gr. K-12,118,1,1,1,1
,Chinook SD 211,1510111,Friesen Hutterite School,PO BOX 216,WALDECK,S0H 4J0,306-784-2797,Gr. K-K, <10 ,1,0,0,0
,Chinook SD 211,810513,Frontier School,BOX 126,FRONTIER,S0N 0W0,306-296-2040,Gr. K-12,148,1,1,1,1
,Chinook SD 211,810111,Garden Plane Colony School,PO BOX 150,FRONTIER,S0N 0W0,,Gr. K-10,24,1,1,1,1
,Chinook SD 211,710533,Grassy Hill Hutterite School,PO BOX 417,TOMPKINS,S0N 2S0,306-622-2083,Gr. K-9,11,1,1,1,0
,Chinook SD 211,1610223,Gull Lake School,BOX 599,GULL LAKE,S0N 1A0,306-672-4186,Gr. K-12,247,1,1,1,1
,Chinook SD 211,1711113,Haven Hutterite School,PO BOX 668,LEADER,S0N 1H0,306-628-3340,Gr. 1-9,23,0,1,1,0
,Chinook SD 211,1610313,Hazlet School,BOX 90,HAZLET,S0N 1E0,306-678-2133,Gr. K-12,66,1,1,1,1
,Chinook SD 211,2310523,Herbert School,BOX 670,HERBERT,S0H 2A0,306-784-2454,Gr. K-12,191,1,1,1,1
,Chinook SD 211,2310623,Hodgeville School,BOX 160,HODGEVILLE,S0H 2B0,306-677-2393,Gr. K-12,55,1,1,1,1
,Chinook SD 211,,Home-based School,,,,,Gr. K-11,135,1,1,1,1
,Chinook SD 211,711213,Hulbert Hutterite School,BOX 37,PONTEIX,S0N 1Z0,306-625-3655,Gr. K-9,18,1,1,1,0
,Chinook SD 211,2410613,Leader Composite School,BOX 610,LEADER,S0N 1H0,306-628-3895,Gr. K-12,222,1,1,1,1
,Chinook SD 211,1710833,Maple Creek Composite School,PO BOX 369,MAPLE CREEK,S0N 1N0,306-662-2655,Gr. 6-12,246,0,1,1,1
,Chinook SD 211,1570403,Maverick School,580 6TH AVE SE,SWIFT CURRENT,S9H 3P6,306-778-9260,Gr. 10-12,73,0,0,0,1
,Chinook SD 211,1510213,McMahon Colony School,P.O. BOX 490,SWIFT CURRENT,S9H 3V3,306-627-3616,Gr. 1-9,12,0,1,1,0
,Chinook SD 211,2310633,Norfolk Hutterite School,BOX 357,HODGEVILLE,S0H 2B0,306-677-2256,Gr. K-10,16,1,1,1,1
,Chinook SD 211,1550901,O.M. Irwin School,999  GEORGE STREET E,SWIFT CURRENT,S6H 1Z3,306-778-9270,Gr. K-8,348,1,1,1,0
,Chinook SD 211,710813,Pelletier Hill Hutterite School,R.R. #1,ADMIRAL,S0N 0B0,306-297-6304,Gr. K-9,19,1,1,1,0
,Chinook SD 211,1510113,Pennant Colony School,BOX 38,PENNANT,S0N 1X0,,Gr. K-10,11,1,1,1,1
,Chinook SD 211,710623,Ponteix School,BOX 630,PONTEIX,S0N 1Z0,306-625-3277,Gr. K-12,110,1,1,1,1
,Chinook SD 211,1511213,Ruskin Hutterian School,PO BOX 894 STN MAIN,SWIFT CURRENT,S9H 3W8,306-773-0217,Gr. K-10, <10 ,1,1,1,1
,Chinook SD 211,710513,Sand Lake Hutterite Elementary,BOX 278,VAL MARIE,S0N 2T0,306-298-2006,Gr. 1-8,18,0,1,1,0
,Chinook SD 211,711013,Shaunavon High School,BOX 1148,SHAUNAVON,S0N 2M0,306-297-2733,Gr. 8-12,147,0,0,1,1
,Chinook SD 211,710911,Shaunavon Public School,BOX 1628,SHAUNAVON,S0N 2M0,306-297-2751,Gr. K-7,162,1,1,1,0
,Chinook SD 211,1710821,Sidney Street School,BOX 69,MAPLE CREEK,S0N 1N0,306-662-2510,Gr. K-5,213,1,1,0,0
,Chinook SD 211,810411,Sierra Hutterite School,BOX 33,SHAUNAVON,S0N 2M0,306-295-1200,Gr. K-9,12,1,1,1,0
,Chinook SD 211,2310531,Southland Hutterite School,BOX 459,HERBERT,S0H 2A0,306-784-2606,Gr. K-9,20,1,1,1,0
,Chinook SD 211,1710213,Spring Creek Hutterite School,BOX 29,WALSH,T0J 3L0,(403) 937-3798,Gr. K-10,17,1,1,1,1
,Chinook SD 211,1511323,Spring Lake Hutterite School,BOX 35,SWIFT CURRENT,S9H 3V5,306-627-3510,Gr. K-9,15,1,1,1,0
,Chinook SD 211,1510711,Stewart Valley School,BOX 70,STEWART VALLEY,S0N 2P0,306-773-2141,Gr. K-8,37,1,1,1,0
,Chinook SD 211,1510813,Success School,BOX 10,SUCCESS,S0N 2R0,306-773-7906,Gr. K-9,54,1,1,1,0
,Chinook SD 211,710713,Sunset Hutterite School,BOX 67,ADMIRAL,S0N 0B0,306-297-2218,Gr. K-9,16,1,1,1,0
,Chinook SD 211,1570304,Swift Current Comprehensive High School,1100  11TH AVENUE NE,SWIFT CURRENT,S9H 2V6,306-773-2801,Gr. 9-12,"1,018",0,0,1,1
,Chinook SD 211,1690111,Tompkins Hutterite School,PO BOX 243,TOMPKINS,S0N 2S0,306-622-4802,Gr. K-8, <10 ,1,1,1,0
,Chinook SD 211,1610413,Tompkins School,BOX 339,TOMPKINS,S0N 2S0,306-622-2144,Gr. K-5,23,1,1,0,0
,Chinook SD 211,711113,Val Marie School,BOX 240,VAL MARIE,S0N 2T0,306-298-2144,Gr. K-12,26,1,1,1,1
,Chinook SD 211,1510913,Vanguard Community School,BOX 310,VANGUARD,S0N 2V0,306-582-2134,Gr. K-12,94,1,1,1,1
,Chinook SD 211,1511013,Waldeck Elementary and Junior High School,BOX 90,WALDECK,S0H 4J0,306-778-9292,Gr. K-9,113,1,1,1,0
,Chinook SD 211,1610523,Webb Hutterite School,BOX 75,WEBB,S0N 2X0,306-674-2495,Gr. K-11,31,1,1,1,1
,Chinook SD 211,2410133,Wheatland Hutterite School,BOX 138,CABRI,S0N 0J0,306-587-2458,Gr. K-10,20,1,1,1,1
,Chinook SD 211,1511411,Wymark Hutterite School,PO BOX 386 STN MAIN,SWIFT CURRENT,S9H 3W8,,Gr. 7-9, <10 ,0,0,1,0
,Chinook SD 211,1511113,Wymark School,BOX 30,WYMARK,S0N 2Y0,306-778-9295,Gr. K-9,119,1,1,1,0
10,Christ the Teacher RCSSD 212,3670404,Dreambuilders High School,345 BROADWAY ST W,YORKTON,S3N 0N8,306-782-0901,Gr. 9-12,72,0,0,1,1
,Christ the Teacher RCSSD 212,,Home-based School,,,,,Gr. K-12,51,1,1,1,1
,Christ the Teacher RCSSD 212,3660403,Sacred Heart High School,280  GLADSTONE AVE. N.,YORKTON,S3N 2A8,306-783-3128,Gr. 9-12,348,0,0,1,1
,Christ the Teacher RCSSD 212,3660101,St. Alphonsus School,81  HENDERSON STREET,YORKTON,S3N 0A8,306-783-4121,Gr. K-8,190,1,1,1,0
,Christ the Teacher RCSSD 212,2660101,St. Henry's Junior School,840  MAIN STREET,MELVILLE,S0A 2P0,306-728-4758,Gr. K-5,128,1,1,0,0
,Christ the Teacher RCSSD 212,2660103,St. Henry's Senior School,1255  PRINCE EDWARD STREET,MELVILLE,S0A 2P0,306-728-3877,Gr. 5-9,152,0,1,1,0
,Christ the Teacher RCSSD 212,3660201,St. Mary's School,212  INDEPENDENT STREET,YORKTON,S3N 0S8,306-782-2889,Gr. K-8,102,1,1,1,0
,Christ the Teacher RCSSD 212,3660501,St. Michael's School,407  DARLINGTON STREET EAST,YORKTON,S3N 3Y9,306-782-4407,Gr. K-8,467,1,1,1,0
,Christ the Teacher RCSSD 212,3660301,St. Paul's School,487  PARKVIEW ROAD,YORKTON,S3N 2L8,306-783-9212,Gr. K-8,238,1,1,1,0
,Christ the Teacher RCSSD 212,1380103,St. Theodore School,BOX 430,THEODORE,S0A 4C0,,Gr. K-8,19,1,1,1,0
16,Conseil des écoles fransaskoises 310,4125303,ECF pavillon Gustave Dubois,2320 AVENUE LOUISE,SASKATOON,S7J 3M7,306-955-3983,Gr. 7-12,138,0,0,1,1
,Conseil des écoles fransaskoises 310,625101,École Beau Soleil,C.P. 515,GRAVELBOURG,S0H 1X0,306-648-3112,Gr. K-7,17,1,1,1,0
,Conseil des écoles fransaskoises 310,725101,École Boréale,C.P. 576,PONTEIX,S0N 1Z0,306-625-3345,Gr. K-12,40,1,1,1,1
,Conseil des écoles fransaskoises 310,4125203,École canadienne-française,ALBERT AVE,SASKATOON,S7H 5R8,306-653-8498,Gr. K-6,306,1,1,0,0
,Conseil des écoles fransaskoises 310,1025103,École de Bellegarde,C.P. 69,BELLEGARDE,S0C 0J0,306-452-6135,Gr. K-12,66,1,1,1,1
,Conseil des écoles fransaskoises 310,2125301,École du Parc,601 DOUGLAS AVE E,REGINA,S4N 1H7,,Gr. K-6,161,1,1,0,0
,Conseil des écoles fransaskoises 310,2125101,École Ducharme,340 OMINICA ST W,MOOSE JAW,S6H 1X5,306-691-0068,Gr. K-10,73,1,1,1,1
,Conseil des écoles fransaskoises 310,693003,École Mathieu de Gravelbourg,C.P. 690,GRAVELBOURG,S0H 1X0,306-648-3105,Gr. 8-11, <10 ,0,0,1,1
,Conseil des écoles fransaskoises 310,2125203,École MGR de Laval pavillon secondaire,1440 9TH AVE N,REGINA,S4R 8B1,306-775-1970,Gr. 7-12,165,0,0,1,1
,Conseil des écoles fransaskoises 310,2125103,École Monseigneur de Laval,1601 COWAN CRES,REGINA,S4S 4C4,306-584-7558,Gr. K-6,284,1,1,0,0
,Conseil des écoles fransaskoises 310,5325103,École Notre-Dame-des-Vertus,C.P. 248,ZENON PARK,S0E 1W0,306-767-2209,Gr. K-12,43,1,1,1,1
,Conseil des écoles fransaskoises 310,5825101,École Père Mercure,1881  99E RUE,NORTH BATTLEFORD,S9A 0R9,306-445-2490,Gr. K-12,52,1,1,1,1
,Conseil des écoles fransaskoises 310,4125103,École Providence,C.P. 289,VONDA,S0K 4N0,306-258-2181,Gr. K-12,125,1,1,1,1
,Conseil des écoles fransaskoises 310,4825103,École St-Isidore de Bellevue,GENERAL DELIVERY,ST ISIDORE DE BELLEVUE,S0K 3Y0,306-423-5354,Gr. K-12,91,1,1,1,1
,Conseil des écoles fransaskoises 310,5625103,École Valois,449  10E RUE EST,PRINCE ALBERT,S6V 0Z5,306-763-0230,Gr. K-12,156,1,1,1,1
,Conseil des écoles fransaskoises 310,,Home-based School,,,,,Gr. 1-7, <10 ,0,1,1,0
1,Creighton SD 111,6722013,Creighton Community School,BOX 158,CREIGHTON,S0P 0A0,306-688-5138,Gr. K-12,427,1,1,1,1
27,Good Spirit SD 204,3510301,Bear Stream School,BOX 1674,KAMSACK,S0A 1S0,306-542-9282,Gr. K-11, <10 ,1,1,1,1
,Good Spirit SD 204,3710233,Canora Composite School,BOX 986,CANORA,S0A 0L0,306-563-5492,Gr. 5-12,266,0,1,1,1
,Good Spirit SD 204,3710211,Canora Junior Elementary School,BOX 1150,CANORA,S0A 0L0,306-563-6511,Gr. K-4,157,1,1,0,0
,Good Spirit SD 204,2510423,Churchbridge Public School,BOX 470,CHURCHBRIDGE,S0A 0M0,306-896-2712,Gr. K-12,207,1,1,1,1
,Good Spirit SD 204,3650301,Columbia School,119  BRADBROOKE DRIVE,YORKTON,S3N 2K3,306-786-5510,Gr. K-8,351,1,1,1,0
,Good Spirit SD 204,2650201,Davison School,BOX 2888,MELVILLE,S0A 2P0,306-728-3955,Gr. K-6,186,1,1,0,0
,Good Spirit SD 204,3650801,Dr. Brass School,19  DARLINGTON STREET WEST,YORKTON,S3N 0E3,306-786-5520,Gr. K-8,120,1,1,1,0
,Good Spirit SD 204,2510543,Esterhazy High School,BOX 640,ESTERHAZY,S0A 0X0,306-745-6618,Gr. 6-12,322,0,1,1,1
,Good Spirit SD 204,2610613,Grayson School,BOX 10,GRAYSON,S0A 1E0,306-794-2055,Gr. K-8,49,1,1,1,0
,Good Spirit SD 204,,Home-based School,,,,,Gr. K-12,109,1,1,1,1
,Good Spirit SD 204,3710323,Invermay School,BOX 219,INVERMAY,S0A 1M0,306-593-2233,Gr. K-12,83,1,1,1,1
,Good Spirit SD 204,3510313,Kamsack Comprehensive Institute,BOX 579,KAMSACK,S0A 1S0,306-542-2521,Gr. 5-12,291,0,1,1,1
,Good Spirit SD 204,2510731,Langenburg Central School,BOX 10,LANGENBURG,S0A 2A0,306-743-2631,Gr. K-12,360,1,1,1,1
,Good Spirit SD 204,3650701,M.C. Knoll School,387  DARLINGTON STREET EAST,YORKTON,S3N 3Y9,306-786-5540,Gr. K-8,360,1,1,1,0
,Good Spirit SD 204,2511113,MacDonald School,BOX 40,STOCKHOLM,S0A 3Y0,306-793-2020,Gr. K-9,112,1,1,1,0
,Good Spirit SD 204,2670104,Melville Comprehensive School,BOX 1570,MELVILLE,S0A 2P0,306-728-4181,Gr. 7-12,354,0,0,1,1
,Good Spirit SD 204,2650301,Miller School,BOX 2800,MELVILLE,S0A 2P0,306-728-3961,Gr. K-4,84,1,1,0,0
,Good Spirit SD 204,4510423,Norquay School,BOX 430,NORQUAY,S0A 2V0,306-594-2286,Gr. K-12,215,1,1,1,1
,Good Spirit SD 204,2510521,P.J. Gillen School,BOX 1420,ESTERHAZY,S0A 0X0,306-745-2171,Gr. K-5,250,1,1,0,0
,Good Spirit SD 204,4510513,Preeceville School,BOX 679,PREECEVILLE,S0A 3B0,306-547-3148,Gr. K-12,253,1,1,1,1
,Good Spirit SD 204,3611123,Saltcoats School,BOX 187,SALTCOATS,S0A 3R0,306-744-2303,Gr. K-8,157,1,1,1,0
,Good Spirit SD 204,2622113,Silver Stream School,P O BOX 3640,MELVILLE,S0A 2P0,306-728-5609,Gr. K-9, <10 ,1,1,1,0
,Good Spirit SD 204,3611211,Springside School,BOX 100,SPRINGSIDE,S0A 3V0,306-792-2080,Gr. K-8,124,1,1,1,0
,Good Spirit SD 204,4510823,Sturgis Composite School,BOX 100,STURGIS,S0A 4A0,306-548-2103,Gr. K-12,183,1,1,1,1
,Good Spirit SD 204,3510221,Victoria School,BOX 609,KAMSACK,S0A 1S0,306-542-2546,Gr. K-4,165,1,1,0,0
,Good Spirit SD 204,3611713,Yorkdale Central School,270  GLADSTONE AVE S,YORKTON,S3N 3C6,306-783-5412,Gr. K-8,450,1,1,1,0
,Good Spirit SD 204,3670104,Yorkton Regional High School,150  GLADSTONE AVENUE N,YORKTON,S3N 2A8,306-786-5560,Gr. 9-12,790,0,0,1,1
6,Holy Family RCSSD 140,,Home-based School,,,,,Gr. K-4, <10 ,1,1,0,0
,Holy Family RCSSD 140,260101,Sacred Heart Elementary/École Sacre Coeur,1846  GIBBS ROAD,ESTEVAN,S4A 1Y2,306-634-4249,Gr. K-8,362,1,1,1,0
,Holy Family RCSSD 140,1220213,St. Augustine School (Wilcox),PO BOX 10,WILCOX,S0G 5E0,306-732-2077,Gr. K-8,54,1,1,1,0
,Holy Family RCSSD 140,260301,St. Mary's School,615  ARTHUR AVENUE,ESTEVAN,S4A 1S9,306-634-3541,Gr. K-8,278,1,1,1,0
,Holy Family RCSSD 140,1160203,St. Michael School,426  13TH STREET NE,WEYBURN,S4H 1L3,306-842-2860,Gr. K-9,496,1,1,1,0
,Holy Family RCSSD 140,324011,St. Olivier School,325 BECKWELL AVE,RADVILLE,S0C 2G0,306-869-3221,Gr. K-6,146,1,1,0,0
10,Holy Trinity RCSSD 22,2260701,All Saints Catholic School,2180 WOODROW LLOYD PLACE,SWIFT CURRENT,S9H 5R2,306-773-2460,Gr. K-8,473,1,1,1,0
,Holy Trinity RCSSD 22,724011,Christ the King School,BOX 1330,SHAUNAVON,S0N 2M0,306-297-2321,Gr. K-7,85,1,1,1,0
,Holy Trinity RCSSD 22,,Home-based School,,,,,Gr. 2-2, <10 ,0,1,0,0
,Holy Trinity RCSSD 22,2260603,Phoenix Academy,461 ATHABASCA ST E,MOOSE JAW,S6H 0L9,306-694-1289,Gr. 10-12,96,0,0,0,1
,Holy Trinity RCSSD 22,2260101,Sacred Heart School,1020  12TH AVENUE SW,MOOSE JAW,S6H 5X8,306-694-1622,Gr. K-8,241,1,1,1,0
,Holy Trinity RCSSD 22,2260201,St. Agnes School,330  OXFORD STREET W,MOOSE JAW,S6H 2P2,306-694-1767,Gr. K-8,311,1,1,1,0
,Holy Trinity RCSSD 22,2260301,St. Margaret School,495  5TH AVENUE NE,MOOSE JAW,S6H 0J9,306-694-4044,Gr. K-8,204,1,1,1,0
,Holy Trinity RCSSD 22,2260401,St. Mary School,720 5TH AVE SW,MOOSE JAW,S6H 5W3,306-694-0066,Gr. K-8,142,1,1,1,0
,Holy Trinity RCSSD 22,2260501,St. Michael School,1111  BROWN STREET,MOOSE JAW,S6H 4L2,306-693-7693,Gr. K-8,327,1,1,1,0
,Holy Trinity RCSSD 22,2260602,Vanier Collegiate,324  MACDONALD STREET W,MOOSE JAW,S6H 2V4,306-693-6744,Gr. 9-12,444,0,0,1,1
45,Horizon SD 205,4710713,Annaheim School,BOX 160,ANNAHEIM,S0K 0G0,306-598-2110,Gr. K-12,83,1,1,1,1
,Horizon SD 205,4610113,Archerwill School,BOX 308,ARCHERWILL,S0E 0B0,306-323-2132,Gr. K-9,65,1,1,1,0
,Horizon SD 205,4810213,Bruno School,BOX 160,BRUNO,S0K 0S0,306-369-2541,Gr. K-12,132,1,1,1,1
,Horizon SD 205,2910111,Bulyea Elementary,BOX 70,BULYEA,S0G 0L0,306-725-4872,Gr. K-6,63,1,1,0,0
,Horizon SD 205,4810313,Cudworth School,BOX 490,CUDWORTH,S0K 1B0,306-256-3411,Gr. K-12,146,1,1,1,1
,Horizon SD 205,4010111,Drake School,BOX 23,DRAKE,S0K 1H0,306-363-2142,Gr. K-8,56,1,1,1,0
,Horizon SD 205,4726103,Englefeld School,PO BOX 100,ENGLEFELD,S0K 1N0,306-287-3568,Gr. K-12,85,1,1,1,1
,Horizon SD 205,3810233,Foam Lake Composite High School,BOX 790,FOAM LAKE,S0A 1A0,306-272-3307,Gr. 7-12,123,0,0,1,1
,Horizon SD 205,3810211,Foam Lake Elementary,BOX 939,FOAM LAKE,S0A 1A0,306-272-3321,Gr. K-6,133,1,1,0,0
,Horizon SD 205,2910421,George Gordon Education Center,BOX 70,PUNNICHY,S0A 3C0,306-835-2222,Gr. K-8,162,1,1,1,0
,Horizon SD 205,,Home-based School,,,,,Gr. K-12,93,1,1,1,1
,Horizon SD 205,4711723,Horizon Distance Learning Centre,BOX 40,HUMBOLDT,S0K 2A0,306-682-8638,Gr. 11-12, <10 ,0,0,0,1
,Horizon SD 205,4722112,Humboldt Collegiate Institute,BOX 1780,HUMBOLDT,S0K 2A0,306-682-1010,Gr. 9-12,382,0,0,1,1
,Horizon SD 205,4722011,Humboldt Public School,BOX 848,HUMBOLDT,S0K 2A0,306-682-2684,Gr. K-8,272,1,1,1,0
,Horizon SD 205,3010413,Imperial School,BOX 240,IMPERIAL,S0G 2J0,306-963-2240,Gr. K-12,95,1,1,1,1
,Horizon SD 205,2610813,Ituna School,BOX 370,ITUNA,S0A 1N0,306-795-2581,Gr. K-12,204,1,1,1,1
,Horizon SD 205,4610323,Kelvington High School,BOX 400,KELVINGTON,S0A 1W0,306-327-5232,Gr. 6-12,122,0,1,1,1
,Horizon SD 205,4710613,Lake Lenore School,BOX 40,LAKE LENORE,S0K 2J0,306-368-2333,Gr. K-12,84,1,1,1,1
,Horizon SD 205,4611031,Lakeside Colony School,BOX 580,QUILL LAKE,S0A 3E0,306-383-2223,Gr. K-9,28,1,1,1,0
,Horizon SD 205,4010422,Lanigan Central High School,BOX 639,LANIGAN,S0K 2M0,306-365-2830,Gr. 9-12,123,0,0,1,1
,Horizon SD 205,4010411,Lanigan Elementary School,BOX 789,LANIGAN,S0K 2M0,306-365-2011,Gr. K-8,237,1,1,1,0
,Horizon SD 205,4010523,Leroy School,BOX 278,LEROY,S0K 2P0,306-286-3313,Gr. K-12,100,1,1,1,1
,Horizon SD 205,4711013,Muenster School,BOX 160,MUENSTER,S0K 2Y0,306-682-4538,Gr. K-12,156,1,1,1,1
,Horizon SD 205,3810523,New Horizon Hutterian School,BOX 190,LESTOCK,S0A 2G0,306-746-7403,Gr. K-9, <10 ,1,1,1,0
,Horizon SD 205,3010613,Nokomis School,BOX 129,NOKOMIS,S0G 3R0,306-528-2191,Gr. K-8,52,1,1,1,0
,Horizon SD 205,2910411,Punnichy Elementary,BOX 206,PUNNICHY,S0A 3C0,306-835-2128,Gr. K-8,140,1,1,1,0
,Horizon SD 205,2910423,Punnichy High School,BOX 460,PUNNICHY,S0A 3C0,306-835-2140,Gr. 9-12,168,0,0,1,1
,Horizon SD 205,4611023,Quill Lake School,BOX 250,QUILL LAKE,S0A 3E0,306-383-2533,Gr. K-12,106,1,1,1,1
,Horizon SD 205,2910623,Raymore School,BOX 520,RAYMORE,S0A 3J0,306-746-2112,Gr. K-12,240,1,1,1,1
,Horizon SD 205,4610311,Robert Melrose Elementary,BOX 160,KELVINGTON,S0A 1W0,306-327-4951,Gr. K-5,98,1,1,0,0
,Horizon SD 205,4611123,Rose Valley School,BOX 400,ROSE VALLEY,S0E 1M0,306-322-2341,Gr. K-12,87,1,1,1,1
,Horizon SD 205,3010713,Sask Central Hutterian School,BOX 24,SEMANS,S0A 3S0,306-946-7086,Gr. 2-12, <10 ,0,1,1,1
,Horizon SD 205,3010313,Schell School,BOX 28,HOLDFAST,S0G 2H0,306-488-2055,Gr. K-11,73,1,1,1,1
,Horizon SD 205,4711213,St. Brieux School,BOX 70,ST BRIEUX,S0K 3V0,306-275-2133,Gr. K-12,263,1,1,1,1
,Horizon SD 205,4710813,Three Lakes School,BOX 38,MIDDLE LAKE,S0K 2X0,306-367-2122,Gr. K-12,60,1,1,1,1
,Horizon SD 205,4010923,Viscount Central School,BOX 280,VISCOUNT,S0K 4M0,306-944-2027,Gr. K-12,135,1,1,1,1
,Horizon SD 205,4611423,Wadena Composite School,BOX 970,WADENA,S0A 4J0,306-338-2235,Gr. 7-12,149,0,0,1,1
,Horizon SD 205,4611411,Wadena Elementary,BOX 1150,WADENA,S0A 4J0,306-338-2455,Gr. K-6,203,1,1,0,0
,Horizon SD 205,4810913,Wakaw School,BOX 850,WAKAW,S0K 4P0,306-233-4683,Gr. K-12,266,1,1,1,1
,Horizon SD 205,3010911,Watrous Elementary,BOX 789,WATROUS,S0K 4T0,306-946-3366,Gr. K-7,244,1,1,1,0
,Horizon SD 205,3010922,Watrous Winston High School,BOX 1089,WATROUS,S0K 4T0,306-946-3309,Gr. 8-12,188,0,0,1,1
,Horizon SD 205,4711623,Watson School,BOX 100,WATSON,S0K 4V0,306-287-3535,Gr. K-12,138,1,1,1,1
,Horizon SD 205,2910923,William Derby School,BOX 517,STRASBOURG,S0G 4V0,306-725-3441,Gr. K-12,229,1,1,1,1
,Horizon SD 205,3810623,Wynyard Composite High School,BOX 880,WYNYARD,S0A 4T0,306-554-2539,Gr. 7-12,184,0,0,1,1
,Horizon SD 205,3810611,Wynyard Elementary,BOX 789,WYNYARD,S0A 4T0,306-554-2325,Gr. K-6,232,1,1,0,0
2,Ile a la Crosse SD 112,6720111,Rossignol Elementary School,BOX 70,ILE-A-LA-CROSSE,S0M 1C0,306-833-2010,Gr. K-6,176,1,1,0,0
,Ile a la Crosse SD 112,6720113,Rossignol High School,BOX 570,ILE-A-LA-CROSSE,S0M 1C0,306-833-2388,Gr. 7-12,169,0,0,1,1
8,Light of Christ RCSSD 16,5861101,École Monseigneur Blaise Morand,1651  96TH STREET,NORTH BATTLEFORD,S9A 0H7,306-446-2167,Gr. K-7,343,1,1,1,0
,Light of Christ RCSSD 16,5860301,Holy Family School,9201  19TH AVENUE,NORTH BATTLEFORD,S9A 2W2,306-445-2360,Gr. K-7,254,1,1,1,0
,Light of Christ RCSSD 16,,Home-based School,,,,,Gr. K-12,16,1,1,1,1
,Light of Christ RCSSD 16,5860803,John Paul II Collegiate,1491  97TH STREET,NORTH BATTLEFORD,S9A 0K1,306-446-2232,Gr. 8-12,665,0,0,1,1
,Light of Christ RCSSD 16,5860201,Notre Dame School,1241  105TH STREET,NORTH BATTLEFORD,S9A 1S8,306-445-0283,Gr. K-7,213,1,1,1,0
,Light of Christ RCSSD 16,6424011,Rivier Elementary School,BOX 678,SPIRITWOOD,S0J 2M0,306-883-2382,Gr. K-6,111,1,1,0,0
,Light of Christ RCSSD 16,5860501,St. Mary School,1352  110TH STREET,NORTH BATTLEFORD,S9A 2J1,306-445-5152,Gr. K-7,189,1,1,1,0
,Light of Christ RCSSD 16,5924111,St. Peter's School,BOX 598,UNITY,S0K 4L0,306-228-4141,Gr. K-6,149,1,1,0,0
28,Living Sky SD 202,5810211,Battleford Central Elementary,BOX 400,BATTLEFORD,S0M 0E0,306-937-2112,Gr. K-6,459,1,1,0,0
,Living Sky SD 202,5850201,Bready Elementary,9001  17TH AVENUE,NORTH BATTLEFORD,S9A 2V1,306-445-4954,Gr. K-6,216,1,1,0,0
,Living Sky SD 202,5010213,Cando Community School,BOX 250,CANDO,S0K 0V0,306-937-3934,Gr. K-12,70,1,1,1,1
,Living Sky SD 202,5850401,Connaught Elementary School,902  107TH STREET,NORTH BATTLEFORD,S9A 1Y7,306-445-3661,Gr. K-6,155,1,1,0,0
,Living Sky SD 202,5910123,Cut Knife Community School,BOX 430,CUT KNIFE,S0M 0N0,306-398-2333,Gr. K-12,189,1,1,1,1
,Living Sky SD 202,5710213,Hafford Central School,BOX 97,HAFFORD,S0J 1A0,306-549-2212,Gr. K-12,148,1,1,1,1
,Living Sky SD 202,6410721,Hartley Clark Elementary School,BOX 729,SPIRITWOOD,S0J 2M0,306-883-2183,Gr. K-6,70,1,1,0,0
,Living Sky SD 202,5894003,Heritage Christian School,BOX 490,BATTLEFORD,S0M 0E0,306-446-3188,Gr. K-8,27,1,1,1,0
,Living Sky SD 202,5910313,Hillsvale Colony School,BOX 368,CUT KNIFE,S0M 0N0,306-398-2944,Gr. 1-8,27,0,1,1,0
,Living Sky SD 202,,Home-based School,,,,,Gr. K-12,120,1,1,1,1
,Living Sky SD 202,4410223,Kerrobert Composite School,BOX 258,KERROBERT,S0L 1R0,306-834-2444,Gr. K-12,202,1,1,1,1
,Living Sky SD 202,5911011,Lakeview Colony School,BOX 366,UNITY,S0K 4L0,306-247-2051,Gr. 1-8,16,0,1,1,0
,Living Sky SD 202,5850501,Lawrence Elementary School,1942  102ND STREET,NORTH BATTLEFORD,S9A 1H7,306-445-4944,Gr. K-6,144,1,1,0,0
,Living Sky SD 202,6410313,Leoville Central School,BOX 39,LEOVILLE,S0J 1N0,306-984-2241,Gr. K-12,140,1,1,1,1
,Living Sky SD 202,4410323,Luseland School,BOX 399,LUSELAND,S0L 2A0,306-372-4222,Gr. K-12,196,1,1,1,1
,Living Sky SD 202,4410413,Macklin School,"BOX 518,",MACKLIN,S0L 2C0,306-753-2375,Gr. K-12,351,1,1,1,1
,Living Sky SD 202,5810713,Maymont Central School,BOX 129,MAYMONT,S0M 1T0,306-389-2045,Gr. K-12,143,1,1,1,1
,Living Sky SD 202,5850601,McKitrick Community School,1500  101ST STREET,NORTH BATTLEFORD,S9A 1A4,306-445-3851,Gr. K-6,170,1,1,0,0
,Living Sky SD 202,5910923,McLurg High School,BOX 489,WILKIE,S0K 4W0,306-843-2288,Gr. 7-12,126,0,0,1,1
,Living Sky SD 202,6694003,Meadow Lake Christian Academy,APT 208 - 9TH  AVENUE EAST,MEADOW LAKE,S9X 1G3,,Gr. K-11,30,1,1,1,1
,Living Sky SD 202,6410513,Medstead Central School,BOX 150,MEDSTEAD,S0M 1W0,306-342-4600,Gr. K-12,149,1,1,1,1
,Living Sky SD 202,5910911,Norman Carter Elementary School,BOX 879,WILKIE,S0K 4W0,306-843-2675,Gr. K-6,150,1,1,0,0
,Living Sky SD 202,5850904,North Battleford Comprehensive High School,1791  110TH STREET,NORTH BATTLEFORD,S9A 2Y2,306-445-6101,Gr. 7-12,"1,026",0,0,1,1
,Living Sky SD 202,5911113,Scott Colony  School,BOX 1510,UNITY,S0K 4L0,306-247-4800,Gr. K-7,20,1,1,1,0
,Living Sky SD 202,6410713,Spiritwood High School,BOX 280,SPIRITWOOD,S0J 2M0,306-883-2282,Gr. 7-12,199,0,0,1,1
,Living Sky SD 202,5810221,St. Vital Catholic School,BOX 358,BATTLEFORD,S0M 0E0,306-937-2233,Gr. K-7,123,1,1,1,0
,Living Sky SD 202,5910813,Unity Composite High School,BOX 1000,UNITY,S0K 4L0,306-228-2657,Gr. 7-12,295,0,0,1,1
,Living Sky SD 202,5910711,Unity Public School,BOX 1150,UNITY,S0K 4L0,306-228-4177,Gr. K-6,235,1,1,0,0
7,Lloydminster RCSSD 89,6060101,École St. Thomas Elementary,6524 35TH ST,LLOYDMINSTER,T9V 3H1,(780) 875-5366,Gr. K-7,555,1,1,1,0
,Lloydminster RCSSD 89,6060301,Father Gorman Community School,3112  47TH AVENUE,LLOYDMINSTER,S9V 1G5,306-825-4600,Gr. K-7,470,1,1,1,0
,Lloydminster RCSSD 89,6060203,Holy Rosary High School,6611A 39TH STREET,LLOYDMINSTER,T9V 2Z4,(780) 875-3600,Gr. 8-12,903,0,0,1,1
,Lloydminster RCSSD 89,,Home-based School,,,,,Gr. 1-12,74,0,1,1,1
,Lloydminster RCSSD 89,6060501,Mother Teresa Early Childhood Education Center,5216 44TH ST,LLOYDMINSTER,T9V 1R6,(780) 871-5944,Gr. K-2,136,1,1,0,0
,Lloydminster RCSSD 89,6060401,St. Joseph Elementary School,5706  27TH STREET,LLOYDMINSTER,T9V 2B8,(780) 875-2442,Gr. K-7,307,1,1,1,0
,Lloydminster RCSSD 89,6060201,St. Mary's Elementary School,5207 42ND ST,LLOYDMINSTER,T9V 1M8,(780) 808-8600,Gr. K-7,405,1,1,1,0
10,Lloydminster SD 99,6051103,Avery Outreach School,4111  48 AVENUE,LLOYDMINSTER,S9V 0V7,306-825-9088,Gr. 5-12,197,0,1,1,1
,Lloydminster SD 99,6050201,Barr Colony School,3103  52ND AVENUE,LLOYDMINSTER,T9V 1M9,(780) 875-4054,Gr. K-6,184,1,1,0,0
,Lloydminster SD 99,6051003,Bishop Lloyd Middle School,5524  31ST STREET,LLOYDMINSTER,T9V 1W1,(780) 875-6239,Gr. 7-9,378,0,0,1,0
,Lloydminster SD 99,6050902,College Park School,2115 56 AVE,LLOYDMINSTER,T9V 2W2,(780) 875-7518,Gr. K-9,668,1,1,1,0
,Lloydminster SD 99,6050803,E.S. Laird Middle School,4808  45TH AVENUE,LLOYDMINSTER,S9V 0X4,306-825-8826,Gr. 7-9,381,0,0,1,0
,Lloydminster SD 99,6050901,Jack Kemp School,3701  47 AVENUE,LLOYDMINSTER,S9V 1K9,306-825-9394,Gr. K-6,395,1,1,0,0
,Lloydminster SD 99,6050904,Lloydminster Comprehensive High School,5615 42ND ST,LLOYDMINSTER,T9V 0A2,(780) 875-5513,Gr. 10-12,951,0,0,0,1
,Lloydminster SD 99,6050501,Queen Elizabeth School,5512  51ST AVENUE,LLOYDMINSTER,T9V 0Y7,(780) 875-5090,Gr. K-6,201,1,1,0,0
,Lloydminster SD 99,6050801,Rendell Park School,3401  57TH AVENUE,LLOYDMINSTER,T9V 2K6,(780) 875-7278,Gr. K-6,471,1,1,0,0
,Lloydminster SD 99,6050601,Winston Churchill School,4402  27TH STREET,LLOYDMINSTER,S9V 1R8,306-825-2626,Gr. K-6,396,1,1,0,0
22,North East SD 200,5310113,Arborfield School,BOX 70,ARBORFIELD,S0E 0A0,306-769-8784,Gr. K-12,77,1,1,1,1
,North East SD 200,5310213,Bjorkdale School,BOX 98,BJORKDALE,S0E 0E0,306-886-2123,Gr. K-12,63,1,1,1,1
,North East SD 200,5450201,Brunswick School,BOX 6100,MELFORT,S0E 1A0,306-752-5771,Gr. K-6,244,1,1,0,0
,North East SD 200,6110311,Carrot River Elementary School,BOX 700,CARROT RIVER,S0E 0L0,306-768-2481,Gr. K-4,91,1,1,0,0
,North East SD 200,6110323,Carrot River Jr. Sr. High School,BOX 759,CARROT RIVER,S0E 0L0,306-768-2433,Gr. 5-12,164,0,1,1,1
,North East SD 200,6110811,Central Park Elementary School,BOX 10,NIPAWIN,S0E 1E0,306-862-5303,Gr. K-3,313,1,1,0,0
,North East SD 200,5410113,Gronlid Central School,BOX 114,GRONLID,S0E 0W0,306-277-4633,Gr. K-8,33,1,1,1,0
,North East SD 200,,Home-based School,,,,,Gr. K-12,153,1,1,1,1
,North East SD 200,5210643,Hudson Bay Community School,BOX 1268,HUDSON BAY,S0E 0Y0,306-865-2515,Gr. K-12,336,1,1,1,1
,North East SD 200,6110854,L.P. Miller Comprehensive School,BOX 2650,NIPAWIN,S0E 1E0,306-862-4671,Gr. 7-12,464,0,0,1,1
,North East SD 200,5450301,Maude Burke Elementary School,BOX 6300,MELFORT,S0E 1A0,306-752-2391,Gr. K-6,184,1,1,0,0
,North East SD 200,5450504,Melfort & Unit Comprehensive Collegiate,PO BOX 99,MELFORT,S0E 1A0,306-752-2891,Gr. 7-12,634,0,0,1,1
,North East SD 200,5410413,Naicam School,BOX 220,NAICAM,S0K 2Z0,306-874-2253,Gr. K-12,202,1,1,1,1
,North East SD 200,5210724,Porcupine Plain Comprehensive School,P O BOX 579,PORCUPINE PLAIN,S0E 1H0,306-278-2288,Gr. K-12,228,1,1,1,1
,North East SD 200,5410311,Reynolds Central School,BOX 2829,MELFORT,S0E 1A0,306-752-2525,Gr. K-6,244,1,1,0,0
,North East SD 200,5410813,Star City Colony School,BOX 340,STAR CITY,S0E 1P0,306-863-2611,Gr. 3-9,17,0,1,1,0
,North East SD 200,5410713,Star City School,BOX 400,STAR CITY,S0E 1P0,306-863-2353,Gr. K-12,74,1,1,1,1
,North East SD 200,5310821,Tisdale Elementary School,BOX 1928,TISDALE,S0E 1T0,306-873-4533,Gr. K-5,307,1,1,0,0
,North East SD 200,5310842,Tisdale Middle & Secondary School,BOX 1000,TISDALE,S0E 1T0,306-873-2352,Gr. 6-12,436,0,1,1,1
,North East SD 200,6110831,Wagner Elementary School,BOX 460,NIPAWIN,S0E 1E0,306-862-5434,Gr. 4-6,233,0,1,0,0
,North East SD 200,6111213,White Fox School,BOX 250,WHITE FOX,S0J 3B0,306-276-2140,Gr. K-9,84,1,1,1,0
,North East SD 200,6110423,William Mason School,BOX 219,CHOICELAND,S0J 0M0,306-428-2157,Gr. K-12,155,1,1,1,1
23,Northern Lights SD 113,6714133,Ben Mcintyre School,BOX 222,URANIUM CITY,S0J 2W0,306-498-2150,Gr. K-9, <10 ,1,1,1,0
,Northern Lights SD 113,6710513,Charlebois Community School,BOX 40,CUMBERLAND HOUSE,S0E 0S0,306-888-2181,Gr. K-12,289,1,1,1,1
,Northern Lights SD 113,6711313,Churchill Community High School,BAG SERVICE #7500,LA RONGE,S0J 1L0,306-425-2255,Gr. 7-12,531,0,0,1,1
,Northern Lights SD 113,6711243,Dene High School,BAG SERVICE 3,LA LOCHE,S0M 1G0,306-822-2223,Gr. 6-12,433,0,1,1,1
,Northern Lights SD 113,6711233,Ducharme Elementary School,BAG SERVICE 4,LA LOCHE,S0M 1G0,306-822-2024,Gr. K-6,467,1,1,0,0
,Northern Lights SD 113,6711351,Gordon Denny Community School,BAG SERVICE #7300,LA RONGE,S0J 1L0,306-425-2997,Gr. K-6,181,1,1,0,0
,Northern Lights SD 113,6712113,Hector Thiboutot Community School,BOX 150,SANDY BAY,S0P 0G0,306-754-2139,Gr. K-12,442,1,1,1,1
,Northern Lights SD 113,,Home-based School,,,,,Gr. 1-11,17,0,1,1,1
,Northern Lights SD 113,6713311,Jans Bay School,GENERAL DELIVERY,CANOE NARROWS,S0M 0K0,306-829-4202,Gr. K-8,56,1,1,1,0
,Northern Lights SD 113,6711413,Kiskahikan School,BOX 72,WEYAKWIN,S0J 1W0,306-663-5672,Gr. K-9,21,1,1,1,0
,Northern Lights SD 113,6710411,Lakeview School,BOX 50,COLE BAY,S0M 0M0,306-829-4310,Gr. K-8,32,1,1,1,0
,Northern Lights SD 113,6714013,Masinahikana School,BAG SERVICE #6500,LA RONGE,S0J 1L0,306-425-5680,Gr. 10-12,72,0,0,0,1
,Northern Lights SD 113,6711923,Minahik Waskahigan Elementary School,BOX 160,PINEHOUSE LAKE,S0J 2B0,306-884-4951,Gr. K-6,178,1,1,0,0
,Northern Lights SD 113,6711933,Minahik Waskahigan High School,BOX 160,PINEHOUSE LAKE,S0J 2B0,306-884-4888,Gr. 7-12,176,0,0,1,1
,Northern Lights SD 113,6713513,Ospwakun Sepe School,BOX 1260,LA RONGE,S0J 1L0,306-758-4810,Gr. K-8,13,1,1,1,0
,Northern Lights SD 113,6711321,Pre-Cam Community School,BAG SERVICE #7400,LA RONGE,S0J 1L0,306-425-2226,Gr. K-6,465,1,1,0,0
,Northern Lights SD 113,6710201,Sasdaze School,100  BEAR CREEK DRIVE,LA LOCHE,S0M 1G0,306-822-2392,Gr. 2-6, <10 ,0,1,0,0
,Northern Lights SD 113,6713413,St. George's Hill School,GENERAL DELIVERY,DILLON,S0M 0S0,306-282-4502,Gr. 1-9,21,0,1,1,0
,Northern Lights SD 113,6711013,St. Pascal School,BOX 160,GREEN LAKE,S0M 1B0,306-832-2148,Gr. K-9,89,1,1,1,0
,Northern Lights SD 113,6712413,Stony Rapids School,BOX 39,STONY RAPIDS,S0J 2R0,306-439-2123,Gr. K-9,42,1,1,1,0
,Northern Lights SD 113,6712613,Timber Bay School,GENERAL DELIVERY,TIMBER BAY,S0J 2T0,306-663-5852,Gr. 1-9,14,0,1,1,0
,Northern Lights SD 113,6710213,Twin Lakes Community School,BOX 219,BUFFALO NARROWS,S0M 0J0,306-235-4240,Gr. K-12,289,1,1,1,1
,Northern Lights SD 113,6710113,Valley View School,BAG SERVICE #2,BEAUVAL,S0M 0G0,306-288-2022,Gr. K-12,217,1,1,1,1
25,Northwest SD 203,6610672,Carpenter High School,BOX 369,MEADOW LAKE,S9X 1Y3,306-236-5236,Gr. 9-12,527,0,0,1,1
,Northwest SD 203,6610111,Dorintosh Central School,BOX 100,DORINTOSH,S0M 0T0,306-236-3313,Gr. K-8,22,1,1,1,0
,Northwest SD 203,6610413,Ernie Studer School,BOX 129,LOON LAKE,S0M 1L0,306-837-2025,Gr. K-12,154,1,1,1,1
,Northwest SD 203,6610671,Gateway Middle School,507 5TH AVENUE,MEADOW LAKE,S9X 1A9,306-236-4141,Gr. 5-7,218,0,1,1,0
,Northwest SD 203,6410113,Glaslyn Central School,BOX 370,GLASLYN,S0M 0Y0,306-342-2114,Gr. K-12,119,1,1,1,1
,Northwest SD 203,6610213,Goodsoil Central School,BOX 189,GOODSOIL,S0M 1A0,306-238-2142,Gr. K-12,128,1,1,1,1
,Northwest SD 203,6610311,Green Acre Elementary School,BOX 10,RAPID VIEW,S0M 2M0,306-236-5905,Gr. K-8,49,1,1,1,0
,Northwest SD 203,6510113,H. Hardcastle School,BOX 238,EDAM,S0M 0V0,306-397-2944,Gr. K-12,177,1,1,1,1
,Northwest SD 203,6010113,Hillmond Central School,GBS 1-26  RR 2,LLOYDMINSTER,S9V 0X7,306-825-3393,Gr. K-12,147,1,1,1,1
,Northwest SD 203,,Home-based School,,,,,Gr. K-10,29,1,1,1,1
,Northwest SD 203,6010211,J.H. Moore Elementary,BOX 550,LASHBURN,S0M 1H0,306-285-3200,Gr. K-6,191,1,1,0,0
,Northwest SD 203,6610683,Jonas Samson Middle School,715  7TH AVENUE W,MEADOW LAKE,S9X 1A7,306-236-5686,Gr. 5-8,248,0,1,1,0
,Northwest SD 203,6610631,Jubilee Elementary,718  5TH AVENUE W,MEADOW LAKE,S9X 1A4,306-236-4491,Gr. K-4,252,1,1,0,0
,Northwest SD 203,6610691,Lakeview Elementary School,304  8TH AVENUE E,MEADOW LAKE,S9X 1G9,306-236-5810,Gr. K-4,350,1,1,0,0
,Northwest SD 203,6010223,Lashburn High School,BOX 430,LASHBURN,S0M 1H0,306-285-3505,Gr. 7-12,140,0,0,1,1
,Northwest SD 203,6010423,Maidstone High School,BOX 426,MAIDSTONE,S0M 1M0,306-893-2351,Gr. 7-12,167,0,0,1,1
,Northwest SD 203,6010523,Marsden Jubilee School,BOX 189,MARSDEN,S0M 1P0,306-826-5255,Gr. K-6,45,1,1,0,0
,Northwest SD 203,6010613,Marshall School,BOX 149,MARSHALL,S0M 1R0,306-387-6288,Gr. K-9,99,1,1,1,0
,Northwest SD 203,6010723,Neilburg Composite School,BOX 309,NEILBURG,S0M 2C0,306-823-4313,Gr. K-12,184,1,1,1,1
,Northwest SD 203,6510513,Paradise Hill School,BOX 28,PARADISE HILL,S0M 2G0,306-344-2055,Gr. K-12,195,1,1,1,1
,Northwest SD 203,6610813,Pierceland Central School,BOX 70,PIERCELAND,S0M 2K0,306-839-2024,Gr. K-12,238,1,1,1,1
,Northwest SD 203,6010411,Ratushniak Elementary School,BOX 368,MAIDSTONE,S0M 1M0,306-893-2634,Gr. K-6,254,1,1,0,0
,Northwest SD 203,6510613,St. Walburg School,BOX 640,ST WALBURG,S0M 2T0,306-248-3602,Gr. K-12,250,1,1,1,1
,Northwest SD 203,6610673,Transition Place Education Centre,606-5TH AVE W,MEADOW LAKE,S9X 1A9,,Gr. 10-12,54,0,0,0,1
,Northwest SD 203,6510913,Turtleford School,BOX 490,TURTLEFORD,S0M 2Y0,306-845-2079,Gr. K-12,293,1,1,1,1
40,Prairie South SD 210,2251304,Albert E. Peacock Collegiate,145  ROSS STREET E,MOOSE JAW,S6H 0S3,306-693-4626,Gr. 9-12,559,0,0,1,1
,Prairie South SD 210,510262,Assiniboia Composite High,200  BELL ROAD,ASSINIBOIA,S0H 0B0,306-642-3319,Gr. 9-12,163,0,0,1,1
,Prairie South SD 210,510251,Assiniboia Elementary School,713 - 4TH  ST E,ASSINIBOIA,S0H 0B0,306-642-5981,Gr. 5-8,172,0,1,1,0
,Prairie South SD 210,510231,Assiniboia Seventh Avenue School,BOX 1930,ASSINIBOIA,S0H 0B0,306-642-3566,Gr. K-4,204,1,1,0,0
,Prairie South SD 210,1210113,Avonlea School,BOX 330,AVONLEA,S0H 0C0,306-868-2000,Gr. K-12,139,1,1,1,1
,Prairie South SD 210,2210121,Baildon Colony Hutterite School,15 THATCHER DR E,MOOSE JAW,S6J 1L8,306-693-3013,Gr. 1-9,24,0,1,1,0
,Prairie South SD 210,2211313,Belle Plaine Hutterite School,BOX 61,BELLE PLAINE,S0G 0G0,306-345-2103,Gr. K-12,22,1,1,1,1
,Prairie South SD 210,410113,Bengough School,BOX 459,BENGOUGH,S0C 0K0,306-268-2172,Gr. K-12,77,1,1,1,1
,Prairie South SD 210,2293002,Briercrest Christian Academy,510  COLLEGE DRIVE,CARONPORT,S0H 0S0,306-756-3303,Gr. 9-12,141,0,0,1,1
,Prairie South SD 210,2210311,Caronport Elementary School,BOX 700,CARONPORT,S0H 0S0,306-756-2212,Gr. K-8,179,1,1,1,0
,Prairie South SD 210,2310123,Central Butte School,BOX 340,CENTRAL BUTTE,S0H 0T0,306-796-2124,Gr. K-12,114,1,1,1,1
,Prairie South SD 210,2251402,Central Collegiate,149  OXFORD STREET W,MOOSE JAW,S6H 2N4,306-693-4691,Gr. 9-12,534,0,0,1,1
,Prairie South SD 210,2310213,Chaplin School,BOX 150,CHAPLIN,S0H 0V0,306-395-2388,Gr. K-12,31,1,1,1,1
,Prairie South SD 210,2293401,Cornerstone Christian School,43 IROQUOIS STREET EAST,MOOSE JAW,S6H 4S9,306-693-2937,Gr. K-12,296,1,1,1,1
,Prairie South SD 210,410313,Coronach School,BOX 120,CORONACH,S0H 0Z0,306-267-2210,Gr. K-12,173,1,1,1,1
,Prairie South SD 210,3110413,Craik School,BOX 180,CRAIK,S0G 0V0,306-734-2404,Gr. K-12,66,1,1,1,1
,Prairie South SD 210,622024,École Gravelbourg School,BOX 930,GRAVELBOURG,S0H 1X0,306-648-2480,Gr. K-12,232,1,1,1,1
,Prairie South SD 210,2250701,École Palliser Heights School,1140  SIMPSON AVENUE,MOOSE JAW,S6H 4M8,306-693-4669,Gr. K-8,649,1,1,1,0
,Prairie South SD 210,2250301,Empire School,500  COTEAU ST W,MOOSE JAW,S6H 5E4,306-692-3903,Gr. K-8,111,1,1,1,0
,Prairie South SD 210,3110613,Eyebrow School,BOX 130,EYEBROW,S0H 1L0,306-759-2110,Gr. K-12,45,1,1,1,1
,Prairie South SD 210,610513,Glentworth Central School,BOX 100,GLENTWORTH,S0H 1V0,306-266-4804,Gr. K-12,82,1,1,1,1
,Prairie South SD 210,,Home-based School,,,,,Gr. K-12,193,1,1,1,1
,Prairie South SD 210,3110111,Huron Hutterite Elementary,PO BOX 18,BROWNLEE,S0H 0M0,306-759-2685,Gr. 2-9, <10 ,0,1,1,0
,Prairie South SD 210,610613,Kincaid Central School,BOX 90,KINCAID,S0H 2J0,306-264-3955,Gr. K-12,114,1,1,1,1
,Prairie South SD 210,2250601,King George School,1150  5TH AVENUE NW,MOOSE JAW,S6H 3Y7,306-692-3908,Gr. K-8,374,1,1,1,0
,Prairie South SD 210,610713,Lafleche Central School,BOX 130,LAFLECHE,S0H 2K0,306-472-3192,Gr. K-12,109,1,1,1,1
,Prairie South SD 210,2210711,Lindale School,1322  11TH AVENUE NW,MOOSE JAW,S6H 4L9,306-692-4926,Gr. K-8,321,1,1,1,0
,Prairie South SD 210,610813,Mankota School,BOX 300,MANKOTA,S0H 2W0,306-478-2370,Gr. 1-12,43,0,1,1,1
,Prairie South SD 210,2210913,Mortlach School,BOX 98,MORTLACH,S0H 3E0,306-355-2332,Gr. K-12,70,1,1,1,1
,Prairie South SD 210,510813,Mossbank School,BOX 460,MOSSBANK,S0H 3G0,306-354-2449,Gr. K-12,117,1,1,1,1
,Prairie South SD 210,2100501,Prairie South Virtual School,1075 9TH AVE NW,MOOSE JAW,S6H 1V7,,Gr. 10-12,18,0,0,0,1
,Prairie South SD 210,2250801,Prince Arthur Community School,640 STADACONA ST E,MOOSE JAW,S6H 1M2,306-692-3904,Gr. K-8,219,1,1,1,0
,Prairie South SD 210,2251502,Riverview Collegiate Institute,650  COTEAU STREET W,MOOSE JAW,S6H 5E6,306-693-1331,Gr. 9-12,96,0,0,1,1
,Prairie South SD 210,410513,Rockglen School,BOX 189,ROCKGLEN,S0H 3R0,306-476-2220,Gr. K-12,108,1,1,1,1
,Prairie South SD 210,511413,Rose Valley Hutterite School,PO BOX 1118,ASSINIBOIA,S0H 0B0,306-642-0434,Gr. K-9,13,1,1,1,0
,Prairie South SD 210,2211013,Rouleau School,BOX 220,ROULEAU,S0G 4H0,306-776-2332,Gr. K-12,122,1,1,1,1
,Prairie South SD 210,2251701,Sunningdale School,530  WOODLILY DRIVE,MOOSE JAW,S6J 1J3,306-693-9433,Gr. K-8,429,1,1,1,0
,Prairie South SD 210,611111,Vanguard Hutterite School,BOX 147,ANEROID,S0N 0C0,306-588-2240,Gr. 5-7, <10 ,0,1,1,0
,Prairie South SD 210,2251101,Westmount School,1100  CURRIE CRESCENT,MOOSE JAW,S6H 5M8,306-694-5999,Gr. K-8,326,1,1,1,0
,Prairie South SD 210,2251201,William Grayson School,823  CARIBOU STREET W,MOOSE JAW,S6H 2L2,306-692-4659,Gr. K-8,162,1,1,1,0
49,Prairie Spirit SD 206,4110123,Aberdeen Composite School,BOX 10,ABERDEEN,S0K 0A0,306-253-4333,Gr. K-12,312,1,1,1,1
,Prairie Spirit SD 206,4110213,Allan Composite School,BOX 9,ALLAN,S0K 0C0,306-257-3311,Gr. K-12,163,1,1,1,1
,Prairie Spirit SD 206,5710123,Blaine Lake Composite School,BOX 220,BLAINE LAKE,S0J 0J0,306-497-2632,Gr. K-12,151,1,1,1,1
,Prairie Spirit SD 206,4210313,Borden School,BOX 40,BORDEN,S0K 0N0,306-997-2090,Gr. K-12,99,1,1,1,1
,Prairie Spirit SD 206,4110413,Clavet Composite School,BOX 5,CLAVET,S0K 0Y0,306-933-1022,Gr. K-12,627,1,1,1,1
,Prairie Spirit SD 206,4110513,Colonsay School,BOX 66,COLONSAY,S0K 0Z0,306-255-2050,Gr. K-12,117,1,1,1,1
,Prairie Spirit SD 206,4210413,Dalmeny High School,PO BOX 430,DALMENY,S0K 1E0,306-254-2036,Gr. 7-12,227,0,0,1,1
,Prairie Spirit SD 206,4210523,Delisle Composite School,BOX 250,DELISLE,S0L 0P0,306-493-2433,Gr. 7-12,237,0,0,1,1
,Prairie Spirit SD 206,4210511,Delisle Elementary School,BOX 310,DELISLE,S0L 0P0,306-493-2451,Gr. K-6,196,1,1,0,0
,Prairie Spirit SD 206,4110611,Dundurn School,BOX 250,DUNDURN,S0K 1K0,306-492-2050,Gr. K-6,138,1,1,0,0
,Prairie Spirit SD 206,4211811,Eagle Creek Colony School,BOX 208,ASQUITH,S0K 0J0,306-683-2800,Gr. K-10,47,1,1,1,1
,Prairie Spirit SD 206,4910461,École Traditions Elementary School,401 TRADITIONS BLVD,WARMAN,S0K 4S5,306-683-5200,Gr. K-5,492,1,1,0,0
,Prairie Spirit SD 206,4911113,Green Leaf Colony School,BOX 40,MARCELIN,S0J 1R0,306-226-2195,Gr. 1-10,10,0,1,1,1
,Prairie Spirit SD 206,4910121,Hague Elementary School,BOX 210,HAGUE,S0K 1X0,306-225-2104,Gr. K-6,258,1,1,0,0
,Prairie Spirit SD 206,4910113,Hague High School,BOX 390,HAGUE,S0K 1X0,306-225-2232,Gr. 7-12,167,0,0,1,1
,Prairie Spirit SD 206,4110643,Hanley School,BOX 449,HANLEY,S0G 2E0,306-544-2511,Gr. K-12,260,1,1,1,1
,Prairie Spirit SD 206,4910213,Hepburn School,BOX 219,HEPBURN,S0K 1Z0,306-947-2077,Gr. K-12,253,1,1,1,1
,Prairie Spirit SD 206,4110623,Hillcrest Hutterite School,BOX 100,DUNDURN,S0K 1K0,306-492-2345,Gr. K-10,22,1,1,1,1
,Prairie Spirit SD 206,,Home-based School,,,,,Gr. K-12,494,1,1,1,1
,Prairie Spirit SD 206,4910311,Laird School,BOX 90,LAIRD,S0K 2H0,306-223-4272,Gr. K-8,63,1,1,1,0
,Prairie Spirit SD 206,4910451,Lake Vista Public School,1501 PARR HILL DR,MARTENSVILLE,S0K 2T1,306-683-4300,Gr. K-8,371,1,1,1,0
,Prairie Spirit SD 206,4210911,Langham Elementary School,BOX 350,LANGHAM,S0K 2L0,306-283-4455,Gr. K-5,190,1,1,0,0
,Prairie Spirit SD 206,5710313,Leask Community School,BOX 460,LEASK,S0J 1M0,306-466-2206,Gr. K-12,119,1,1,1,1
,Prairie Spirit SD 206,5710323,Leask Hutterite Colony School,BOX 430,LEASK,S0J 1M0,306-466-2009,Gr. K-12,36,1,1,1,1
,Prairie Spirit SD 206,4210213,Lord Asquith School,BOX 40,ASQUITH,S0K 0J0,306-329-4331,Gr. K-12,204,1,1,1,1
,Prairie Spirit SD 206,4110233,Lost River Colony School,BOX 249,ALLAN,S0K 0C0,306-257-3610,Gr. K-9,24,1,1,1,0
,Prairie Spirit SD 206,4910453,Martensville High School,BOX 730,MARTENSVILLE,S0K 2T0,306-931-2230,Gr. 9-12,569,0,0,1,1
,Prairie Spirit SD 206,4910433,Osler School,BOX 10,OSLER,S0K 3A0,306-239-2077,Gr. K-9,298,1,1,1,0
,Prairie Spirit SD 206,4211213,Perdue School,BOX 370,PERDUE,S0K 3C0,306-237-4311,Gr. K-12,132,1,1,1,1
,Prairie Spirit SD 206,4211311,Pike Lake School,"SITE 708, COMP 17, RR #7",SASKATOON,S7K 1N2,306-668-4808,Gr. K-4,36,1,1,0,0
,Prairie Spirit SD 206,4210421,Prairie View School,BOX 340,DALMENY,S0K 1E0,306-254-2633,Gr. K-6,249,1,1,0,0
,Prairie Spirit SD 206,4910703,Riverbend Hutterite Colony School,BOX 630,WALDHEIM,S0K 4R0,306-945-2151,Gr. K-12,38,1,1,1,1
,Prairie Spirit SD 206,4110133,Riverview Colony School,BOX 809,WARMAN,S0K 4S0,306-373-5829,Gr. 1-9,24,0,1,1,0
,Prairie Spirit SD 206,4910511,Rosthern Elementary School,BOX 580,ROSTHERN,S0K 3R0,306-232-4434,Gr. K-5,193,1,1,0,0
,Prairie Spirit SD 206,4910523,Rosthern High School,BOX 820,ROSTHERN,S0K 3R0,306-232-4868,Gr. 6-12,216,0,1,1,1
,Prairie Spirit SD 206,4111211,South Corman Park School,1760  BAKER ROAD EAST,CORMAN PARK,S7T 1B5,306-477-0001,Gr. K-6,138,1,1,0,0
,Prairie Spirit SD 206,2060501,Spirit e-Learning School,BOX 809,WARMAN,S0K 4S0,306-683-2821,Gr. 9-12,11,0,0,1,1
,Prairie Spirit SD 206,4910623,Stobart Community School,BOX 809,DUCK LAKE,S0K 1J0,306-467-2185,Gr. K-12,313,1,1,1,1
,Prairie Spirit SD 206,4211913,Sunnydale Colony School,BOX 809,WARMAN,S0K 4S0,306-237-4812,Gr. K-9,30,1,1,1,0
,Prairie Spirit SD 206,4911013,Valley Christian Academy,BOX 279,OSLER,S0K 3A0,306-239-2196,Gr. K-12,348,1,1,1,1
,Prairie Spirit SD 206,4910411,Valley Manor Elementary School,BOX 10,MARTENSVILLE,S0K 2T0,306-931-2233,Gr. K-8,586,1,1,1,0
,Prairie Spirit SD 206,4211611,Vanscoy School,BOX 250,VANSCOY,S0L 3J0,306-668-2056,Gr. K-8,149,1,1,1,0
,Prairie Spirit SD 206,4910911,Venture Heights Elementary School,BOX 1000,MARTENSVILLE,S0K 2T0,306-934-2185,Gr. K-8,452,1,1,1,0
,Prairie Spirit SD 206,4910713,Waldheim School,BOX 367,WALDHEIM,S0K 4R0,306-945-2211,Gr. K-12,379,1,1,1,1
,Prairie Spirit SD 206,4210923,Walter W. Brown High School,BOX 260,LANGHAM,S0K 2L0,306-283-4434,Gr. 6-12,144,0,1,1,1
,Prairie Spirit SD 206,4910441,Warman Community Middle School,BOX 820,WARMAN,S0K 4S0,306-683-3000,Gr. 6-8,500,0,1,1,0
,Prairie Spirit SD 206,4910421,Warman Elementary School,BOX 510,WARMAN,S0K 4S0,306-933-2066,Gr. K-5,522,1,1,0,0
,Prairie Spirit SD 206,4910443,Warman High School,BOX 403,WARMAN,S0K 4S0,306-933-2377,Gr. 9-12,692,0,0,1,1
,Prairie Spirit SD 206,4211711,Willow Park Colony School,BOX 809,WARMAN,S0K 4S0,306-683-2800,Gr. K-9,16,1,1,1,0
40,Prairie Valley SD 208,2110613,Arm River Colony School,BOX 570,LUMSDEN,S0G 3C0,306-731-2280,Gr. K-11,22,1,1,1,1
,Prairie Valley SD 208,2710123,Balcarres School,BOX 610,BALCARRES,S0G 0C0,306-334-2520,Gr. K-12,329,1,1,1,1
,Prairie Valley SD 208,2110111,Balgonie Elementary School,BOX 160,BALGONIE,S0G 0E0,306-771-2345,Gr. K-8,407,1,1,1,0
,Prairie Valley SD 208,1910123,Bert Fox High School,BOX 880,FORT QU'APPELLE,S0G 1S0,306-332-4343,Gr. 8-12,236,0,0,1,1
,Prairie Valley SD 208,1810113,Broadview School,BOX 639,BROADVIEW,S0G 0K0,306-696-2727,Gr. K-12,117,1,1,1,1
,Prairie Valley SD 208,2110313,Clive Draycott Elementary School,BOX 269,BETHUNE,S0G 0H0,306-638-3100,Gr. K-8,53,1,1,1,0
,Prairie Valley SD 208,2810113,Cupar School,BOX 429,CUPAR,S0G 0Y0,306-723-4660,Gr. K-12,195,1,1,1,1
,Prairie Valley SD 208,2710611,Dr. Isman Elementary School,BOX 159,WOLSELEY,S0G 5H0,306-698-2355,Gr. K-6,118,1,1,0,0
,Prairie Valley SD 208,2110911,École Lumsden Elementary School,BOX 310,LUMSDEN,S0G 3C0,306-731-3338,Gr. K-8,554,1,1,1,0
,Prairie Valley SD 208,2111613,École White City Elementary School,PO BOX 309 STN MAIN,WHITE CITY,S4L 5B1,306-781-2115,Gr. K-8,537,1,1,1,0
,Prairie Valley SD 208,2110711,Edenwold Elementary School,BOX 190,EDENWOLD,S0G 1K0,306-771-4183,Gr. K-6,37,1,1,0,0
,Prairie Valley SD 208,2111614,Emerald Ridge Elementary School,15 MOTHERWELL DRIVE,WHITE CITY,S4L 0C5,306-781-6025,Gr. K-8,484,1,1,1,0
,Prairie Valley SD 208,1910111,Fort Qu'Appelle Elementary School,BOX 1130,FORT QU'APPELLE,S0G 1S0,306-332-5566,Gr. K-7,299,1,1,1,0
,Prairie Valley SD 208,2110123,Greenall High School,BOX 70,BALGONIE,S0G 0E0,306-771-2566,Gr. 9-12,665,0,0,1,1
,Prairie Valley SD 208,2710211,Grenfell Elementary School,BOX 519,GRENFELL,S0G 2B0,306-697-2566,Gr. K-6,114,1,1,0,0
,Prairie Valley SD 208,2710223,Grenfell High School,BOX 1090,GRENFELL,S0G 2B0,306-697-2744,Gr. 7-12,135,0,0,1,1
,Prairie Valley SD 208,,Home-based School,,,,,Gr. K-12,172,1,1,1,1
,Prairie Valley SD 208,1910211,Indian Head Elementary School,BOX 1270,INDIAN HEAD,S0G 2K0,306-695-3939,Gr. K-6,257,1,1,0,0
,Prairie Valley SD 208,1910223,Indian Head High School,BOX 609,INDIAN HEAD,S0G 2K0,306-695-3929,Gr. 7-12,254,0,0,1,1
,Prairie Valley SD 208,1910513,James Hamblin Elementary School,BOX 90,QU'APPELLE,S0G 4A0,306-699-2301,Gr. K-8,79,1,1,1,0
,Prairie Valley SD 208,2810413,Kelliher School,BOX 220,KELLIHER,S0A 1V0,306-675-2112,Gr. K-12,106,1,1,1,1
,Prairie Valley SD 208,1810613,Kennedy Langbank Elementary School,BOX 130,KENNEDY,S0G 2R0,306-538-2077,Gr. K-8,50,1,1,1,0
,Prairie Valley SD 208,1810313,Kipling School,BOX 730,KIPLING,S0G 2S0,306-736-2464,Gr. K-12,372,1,1,1,1
,Prairie Valley SD 208,2111513,Lajord Colony School,BOX 514 STN MAIN,WHITE CITY,S4L 5B1,306-771-4203,Gr. K-12,22,1,1,1,1
,Prairie Valley SD 208,2810713,Lipton School,BOX 160,LIPTON,S0G 3B0,306-336-2200,Gr. K-12,98,1,1,1,1
,Prairie Valley SD 208,2110923,Lumsden High School,BOX 449,LUMSDEN,S0G 3C0,306-731-2262,Gr. 9-12,303,0,0,1,1
,Prairie Valley SD 208,1910413,McLean Elementary School,BOX 236,MCLEAN,S0G 3E0,306-699-7274,Gr. K-8,110,1,1,1,0
,Prairie Valley SD 208,1210523,Milestone School,BOX 478,MILESTONE,S0G 3L0,306-436-2292,Gr. K-12,245,1,1,1,1
,Prairie Valley SD 208,2010413,Montmartre School,BOX 300,MONTMARTRE,S0G 3M0,306-424-2242,Gr. K-12,226,1,1,1,1
,Prairie Valley SD 208,2710411,North Valley Elementary School,BOX 40,NEUDORF,S0A 2T0,306-748-2575,Gr. K-6,71,1,1,0,0
,Prairie Valley SD 208,2710313,North Valley High School,BOX 10,LEMBERG,S0A 2B0,306-335-2363,Gr. 7-12,72,0,0,1,1
,Prairie Valley SD 208,2120411,Pense Elementary School,GENERAL DELIVERY,PENSE,S0G 3W0,306-345-2311,Gr. K-8,108,1,1,1,0
,Prairie Valley SD 208,2111013,Pilot Butte Elementary School,BOX 390,PILOT BUTTE,S0G 3Z0,306-781-4488,Gr. K-8,396,1,1,1,0
,Prairie Valley SD 208,2810823,Robert Southey School,BOX 460,SOUTHEY,S0G 4P0,306-726-2224,Gr. K-12,293,1,1,1,1
,Prairie Valley SD 208,2010713,Sedley Elementary School,BOX 68,SEDLEY,S0G 4K0,306-885-2122,Gr. K-8,105,1,1,1,0
,Prairie Valley SD 208,2110621,South Shore Elementary School,BOX 399,REGINA BEACH,S0G 4C0,306-729-2464,Gr. K-8,123,1,1,1,0
,Prairie Valley SD 208,2120211,Stewart Nicks Elementary School,RR 2 SITE 200 BOX 65,REGINA,S4P 2Z2,306-757-2051,Gr. K-8,111,1,1,1,0
,Prairie Valley SD 208,2010113,Vibank School,BOX 70,VIBANK,S0G 4Y0,306-762-2144,Gr. K-12,234,1,1,1,1
,Prairie Valley SD 208,1810513,Whitewood School,BOX 10,WHITEWOOD,S0G 5C0,306-735-2550,Gr. K-12,253,1,1,1,1
,Prairie Valley SD 208,2710623,Wolseley High School,BOX 460,WOLSELEY,S0G 5H0,306-698-2591,Gr. 7-12,80,0,0,1,1
8,Prince Albert RCSSD 6,5661103,École Holy Cross School,2051  15TH AVENUE E,PRINCE ALBERT,S6V 6T5,306-953-7551,Gr. K-8,356,1,1,1,0
,Prince Albert RCSSD 6,5660101,École St. Anne School,530 24TH ST W,PRINCE ALBERT,S6V 4N3,306-953-7549,Gr. K-8,585,1,1,1,0
,Prince Albert RCSSD 6,5661002,École St. Mary High School,380  14TH STREET W,PRINCE ALBERT,S6V 3L5,306-953-7544,Gr. 9-12,"1,076",0,0,1,1
,Prince Albert RCSSD 6,,Home-based School,,,,,Gr. 2-11,15,0,1,1,1
,Prince Albert RCSSD 6,5660701,St. Catherine Catholic School,1180  BRANION DRIVE,PRINCE ALBERT,S6V 2S8,306-953-7558,Gr. K-6,149,1,1,0,0
,Prince Albert RCSSD 6,5661403,St. Francis School,1695  OLIVE DIEFENBAKER DRIVE,PRINCE ALBERT,S6X 1B8,306-953-7561,Gr. K-8,330,1,1,1,0
,Prince Albert RCSSD 6,5660203,St. John Community School,1453  7TH STREET E,PRINCE ALBERT,S6V 0V3,306-953-7536,Gr. K-8,344,1,1,1,0
,Prince Albert RCSSD 6,5660503,St. Michael Community School,1695  17TH STREET WEST,PRINCE ALBERT,S6V 6W2,306-953-7555,Gr. K-8,232,1,1,1,0
34,Regina RCSSD 81,2163502,Archbishop M.C. O'Neill Catholic High School,134  ARGYLE STREET,REGINA,S4R 4C3,306-791-7240,Gr. 9-12,830,0,0,1,1
,Regina RCSSD 81,2160101,Deshaye Catholic School,37  CAMERON CRESCENT,REGINA,S4S 2X1,306-791-7270,Gr. K-8,215,1,1,1,0
,Regina RCSSD 81,2163702,Dr. Martin LeBoldus Catholic High School,2330  25TH AVENUE,REGINA,S4S 4E6,306-791-7250,Gr. 9-12,739,0,0,1,1
,Regina RCSSD 81,2164201,École St. Angela Merici,6823  GILLMORE DRIVE,REGINA,S4X 4J3,306-791-7305,Gr. K-8,502,1,1,1,0
,Regina RCSSD 81,2163503,École St. Elizabeth,5149 E GREEN BROOKS WAY,REGINA,S4V 3M4,306-791-7300,Gr. K-8,471,1,1,1,0
,Regina RCSSD 81,2161401,École St. Mary,140  MCINTOSH STREET N.,REGINA,S4R 4Z9,306-791-7365,Gr. K-8,525,1,1,1,0
,Regina RCSSD 81,2162101,École St. Pius X,3301  GARNET STREET,REGINA,S4S 1X8,306-791-7385,Gr. K-8,362,1,1,1,0
,Regina RCSSD 81,2160201,Holy Rosary Community School,3118  14TH AVENUE,REGINA,S4T 1R9,306-791-7280,Gr. K-8,98,1,1,1,0
,Regina RCSSD 81,,Home-based School,,,,,Gr. K-12,45,1,1,1,1
,Regina RCSSD 81,2162301,Jean Vanier School,425  15TH AVENUE,REGINA,S4N 0V1,306-791-7285,Gr. K-12,30,1,1,1,1
,Regina RCSSD 81,2164002,Michael A. Riffel Catholic High School,5757  ROCHDALE BLVD.,REGINA,S4X 3P5,306-791-7260,Gr. 9-12,718,0,0,1,1
,Regina RCSSD 81,2163404,Miller Comprehensive Catholic High School,1027  COLLEGE AVENUE,REGINA,S4P 1A7,306-791-7230,Gr. 9-12,948,0,0,1,1
,Regina RCSSD 81,2195603,Mother Teresa Middle School,1975 - 2ND AVE N,REGINA,S4R 0Y1,306-596-6867,Gr. 6-8,56,0,1,1,0
,Regina RCSSD 81,2160001,Regina Catholic Learning Online,2160 CAMERON ST,REGINA,S4T 2V6,306-791-7200,Gr. 11-12,11,0,0,0,1
,Regina RCSSD 81,2160301,Sacred Heart Community School,1325 ARGYLE ST,REGINA,S4T 2Z8,306-791-7290,Gr. K-8,381,1,1,1,0
,Regina RCSSD 81,2160601,St. Augustine Community School,2343  EDGAR STREET,REGINA,S4N 3L2,306-791-7310,Gr. K-8,383,1,1,1,0
,Regina RCSSD 81,2162701,St. Bernadette School,727  MCINTOSH STREET N,REGINA,S4R 6E4,306-791-7320,Gr. K-8,409,1,1,1,0
,Regina RCSSD 81,2160701,St. Catherine School,150  BROTHERTON AVENUE,REGINA,S4N 0J7,306-791-7325,Gr. K-8,265,1,1,1,0
,Regina RCSSD 81,2163201,St. Dominic Savio Elementary,195  WINDFIELD ROAD,REGINA,S4V 0E9,306-791-7330,Gr. K-8,249,1,1,1,0
,Regina RCSSD 81,2160801,St. Francis Community School,45  MIKKELSON DRIVE,REGINA,S4T 6B7,306-791-7335,Gr. K-8,391,1,1,1,0
,Regina RCSSD 81,2164301,St. Gabriel School,3150  WINDSOR PARK ROAD,REGINA,S4V 3A1,306-791-1717,Gr. K-8,401,1,1,1,0
,Regina RCSSD 81,2162601,St. Gregory School,302  UPLANDS DRIVE,REGINA,S4R 5X3,306-791-7340,Gr. K-8,261,1,1,1,0
,Regina RCSSD 81,2163001,St. Jerome School,770  RINK AVENUE,REGINA,S4X 1V8,306-791-7345,Gr. K-8,242,1,1,1,0
,Regina RCSSD 81,2162501,St. Joan of Arc School,10  DEMPSEY AVENUE,REGINA,S4T 7H9,306-791-7350,Gr. K-8,314,1,1,1,0
,Regina RCSSD 81,2163101,St. Josaphat School,140  GREENWOOD CRESCENT,REGINA,S4X 1G4,306-791-7355,Gr. K-8,348,1,1,1,0
,Regina RCSSD 81,2163405,St. Kateri Tekakwitha School,4415 JAMES HILL RD,REGINA,S4W 0R9,306-791-1785,Gr. K-8,595,1,1,1,0
,Regina RCSSD 81,2164303,St. Luke School,625  ELPHINSTONE STREET,REGINA,S4T 3L1,306-791-7248,Gr. 2-12,78,0,1,1,1
,Regina RCSSD 81,2164101,St. Marguerite Bourgeoys School,2910  SHOOTER DRIVE E,REGINA,S4V 0Y7,306-791-7360,Gr. K-8,218,1,1,1,0
,Regina RCSSD 81,2161501,St. Matthew School,4710  CASTLE ROAD,REGINA,S4S 4X1,306-791-7370,Gr. K-8,200,1,1,1,0
,Regina RCSSD 81,2161601,St. Michael Community School,431  HAMILTON STREET,REGINA,S4R 2A8,306-791-7375,Gr. K-8,170,1,1,1,0
,Regina RCSSD 81,2163403,St. Nicholas School,7651 MAPLEFORD BLVD,REGINA,S4Y 0C6,306-791-1780,Gr. K-8,369,1,1,1,0
,Regina RCSSD 81,2161901,St. Peter School,150  ARGYLE STREET,REGINA,S4R 4C3,306-791-7380,Gr. K-8,229,1,1,1,0
,Regina RCSSD 81,2162901,St. Theresa School,2707  7TH AVENUE E,REGINA,S4N 5E8,306-791-7390,Gr. K-8,333,1,1,1,0
,Regina RCSSD 81,2162801,St. Timothy School,280  SANGSTER BLVD.,REGINA,S4R 7H5,306-791-7395,Gr. K-8,297,1,1,1,0
61,Regina SD 4,2150201,Albert School,1340  ROBINSON STREET,REGINA,S4T 2N4,306-791-8539,Gr. K-8,229,1,1,1,0
,Regina SD 4,2157203,Allan Blakeney Adult Campus,4210 4TH AVE,REGINA,S4T 0H6,306-523-3650,Gr. 12-12,568,0,0,0,1
,Regina SD 4,2150301,Arcola School,2315  ABBOTT ROAD,REGINA,S4N 2K2,306-791-8542,Gr. K-8,413,1,1,1,0
,Regina SD 4,2150401,Argyle School,2941  LAKEVIEW AVENUE,REGINA,S4S 1G8,306-791-8536,Gr. K-8,322,1,1,1,0
,Regina SD 4,2156704,Balfour Collegiate,1245  COLLEGE AVENUE,REGINA,S4P 1B1,306-523-3200,Gr. 9-12,726,0,0,1,1
,Regina SD 4,2156803,Campbell Collegiate,102  MASSEY ROAD,REGINA,S4S 4M9,306-523-3250,Gr. 9-12,"1,443",0,0,1,1
,Regina SD 4,2159102,Campus Regina Public - Regina Trades and Skills Centre,828 ALBERT ST,REGINA,S4R 2P5,306-791-8279,Gr. 11-12, <10 ,0,0,0,1
,Regina SD 4,2151001,Coronation Park School,3105  4TH AVENUE N,REGINA,S4R 0V2,306-791-8570,Gr. K-8,189,1,1,1,0
,Regina SD 4,2151501,Douglas Park School,635  DOUGLAS AVENUE,REGINA,S4N 1H7,306-523-3720,Gr. K-8,361,1,1,1,0
,Regina SD 4,2156201,Dr. A.E. Perry School,93  LINCOLN DRIVE,REGINA,S4S 6P1,306-791-8476,Gr. K-8,261,1,1,1,0
,Regina SD 4,2151401,Dr. George Ferguson School,117  BROTHERTON AVENUE,REGINA,S4N 0J8,306-791-8582,Gr. K-8,313,1,1,1,0
,Regina SD 4,2156301,Dr. L.M. Hanna School,55  DAVIN CRESCENT,REGINA,S4R 7E4,306-791-8594,Gr. K-8,427,1,1,1,0
,Regina SD 4,2157801,École Centennial School,6903  DALGLIESH DRIVE,REGINA,S4X 3A1,306-791-8559,Gr. K-8,382,1,1,1,0
,Regina SD 4,2150901,École Connaught School,3515 13TH AVE,REGINA,S4T 1Z5,306-523-3750,Gr. K-8,492,1,1,1,0
,Regina SD 4,2156604,École Harbour Landing School,4423 JAMES HILL RD,REGINA,S4W 0K5,306-523-3760,Gr. K-8,927,1,1,1,0
,Regina SD 4,2153501,École Massey School,131  MASSEY ROAD,REGINA,S4S 4N3,306-791-8504,Gr. K-8,407,1,1,1,0
,Regina SD 4,2158601,École W. S. Hawrylak School,2530  ASSINIBOINE AVENUE,REGINA,S4V 2R6,306-791-8445,Gr. K-8,687,1,1,1,0
,Regina SD 4,2156605,École Wascana Plains School,5125 E GREEN BROOKS WAY,REGINA,S4V 3M4,306-523-3770,Gr. K-8,738,1,1,1,0
,Regina SD 4,2158101,École Wilfrid Walker School,2102  WAGMAN DRIVE E,REGINA,S4V 0R1,306-791-8531,Gr. K-8,363,1,1,1,0
,Regina SD 4,2154301,Elsie Mironuck School,18  WAKEFIELD DRIVE,REGINA,S4R 4T3,306-791-8486,Gr. K-8,500,1,1,1,0
,Regina SD 4,2155401,Ethel Milliken School,4510  QUEEN STREET,REGINA,S4S 6K9,306-791-8489,Gr. K-8,338,1,1,1,0
,Regina SD 4,2158203,F.W. Johnson Collegiate,400  FINES DRIVE,REGINA,S4N 5L9,306-523-3350,Gr. 9-12,499,0,0,1,1
,Regina SD 4,2155901,George Lee School,180  WELLS STREET,REGINA,S4R 5Z7,306-791-8510,Gr. K-8,409,1,1,1,0
,Regina SD 4,2151801,Gladys McDonald School,335  GARNET STREET N,REGINA,S4R 3S8,306-791-8500,Gr. K-8,200,1,1,1,0
,Regina SD 4,2151901,Glen Elm School,1225  9TH AVENUE E,REGINA,S4N 0H4,306-791-8588,Gr. K-8,259,1,1,1,0
,Regina SD 4,2152001,Grant Road School,2501  GRANT ROAD,REGINA,S4S 5E7,306-791-8590,Gr. K-8,380,1,1,1,0
,Regina SD 4,2194403,Harvest City Christian Academy,2202  8TH AVENUE NORTH,REGINA,S4R 7T9,306-569-1935,Gr. K-12,283,1,1,1,1
,Regina SD 4,2158501,Henry Braun School,710  GRAHAM ROAD,REGINA,S4N 7A5,306-791-8548,Gr. K-8,408,1,1,1,0
,Regina SD 4,2156501,Henry Janzen School,222  RINK AVENUE,REGINA,S4R 7T8,306-791-8523,Gr. K-8,391,1,1,1,0
,Regina SD 4,,Home-based School,,,,,Gr. K-12,221,1,1,1,1
,Regina SD 4,2152401,Imperial School,200  BROAD STREET,REGINA,S4R 1W9,306-791-8454,Gr. K-8,258,1,1,1,0
,Regina SD 4,2159104,Isp2,1915 RETALLACK ST,REGINA,S4T 2K1,306-523-3300,Gr. 6-9,11,0,1,1,0
,Regina SD 4,2158801,Jack MacKenzie School,3838  BUCKINGHAM DR. E.,REGINA,S4V 3A1,306-791-8585,Gr. K-8,375,1,1,1,0
,Regina SD 4,2156101,Judge Bryant School,2828  DEWDNEY AVENUE E,REGINA,S4N 5G8,306-791-8553,Gr. K-8,442,1,1,1,0
,Regina SD 4,2152601,Kitchener School,840  ATHOL STREET,REGINA,S4T 3B5,306-791-8516,Gr. K-8,218,1,1,1,0
,Regina SD 4,2152701,Lakeview School,3100  20TH AVENUE,REGINA,S4S 0N8,306-791-8513,Gr. K-8,315,1,1,1,0
,Regina SD 4,2152801,M.J. Coldwell School,103  FAIRVIEW ROAD,REGINA,S4R 0A6,306-791-8563,Gr. K-8,132,1,1,1,0
,Regina SD 4,2158301,MacNeill School,6215  WHELAN DRIVE,REGINA,S4X 3P6,306-791-8507,Gr. K-8,397,1,1,1,0
,Regina SD 4,2153401,Marion McVeety School,38  TURGEON CRESCENT,REGINA,S4S 3Z7,306-791-8492,Gr. K-8,338,1,1,1,0
,Regina SD 4,2157002,Martin Collegiate,1100  MCINTOSH,REGINA,S4T 5B7,306-523-3450,Gr. 9-12,733,0,0,1,1
,Regina SD 4,2153001,McDermid School,139  TORONTO STREET,REGINA,S4R 1L8,306-791-8502,Gr. K-8,147,1,1,1,0
,Regina SD 4,2157701,McLurg School,125  PAYNTER CRESCENT,REGINA,S4X 2A9,306-791-8496,Gr. K-8,499,1,1,1,0
,Regina SD 4,2156603,Plainsview School,7741 MAPLEFORD BLVD,REGINA,S4Y 0C6,306-523-3780,Gr. K-8,458,1,1,1,0
,Regina SD 4,2158701,Regina Christian School,2505 23RD AVE,REGINA,S4S 7K7,306-775-0919,Gr. K-12,490,1,1,1,1
,Regina SD 4,2195103,Regina Huda School,40  SHEPPARD STREET,REGINA,S4R 3M6,306-565-1988,Gr. K-12,568,1,1,1,1
,Regina SD 4,2156705,Regina Public Schools Night School,2314 11TH AVE,REGINA,S4P 0K1,306-523-3650,Gr. 12-12,48,0,0,0,1
,Regina SD 4,2154201,Rosemont School,841  HORACE STREET,REGINA,S4T 5L1,306-791-8466,Gr. K-8,228,1,1,1,0
,Regina SD 4,2155801,Ruth M. Buck School,6330  7TH AVENUE N,REGINA,S4T 7J1,306-791-8556,Gr. K-8,421,1,1,1,0
,Regina SD 4,2156001,Ruth Pawson School,40  WEEKES CRESCENT,REGINA,S4R 6X7,306-791-8483,Gr. K-8,271,1,1,1,0
,Regina SD 4,2157103,Scott Collegiate,3355 6TH AVE,REGINA,S4T 0P6,306-523-3500,Gr. 9-12,299,0,0,1,1
,Regina SD 4,2159205,Seven Stones School,1101 PRINCESS ST,REGINA,S4T 3Y3,306-523-3740,Gr. K-8,280,1,1,1,0
,Regina SD 4,2157202,Sheldon-Williams Collegiate,2601  CORONATION STREET,REGINA,S4S 0L4,306-523-3550,Gr. 9-12,610,0,0,1,1
,Regina SD 4,2151201,The Crescents School,2401  RETALLACK,REGINA,S4T 2L2,306-791-8574,Gr. K-8,279,1,1,1,0
,Regina SD 4,2157302,Thom Collegiate,265  ARGYLE STREET N,REGINA,S4R 4C7,306-523-3600,Gr. 9-12,678,0,0,1,1
,Regina SD 4,2154501,Thomson School,2033  TORONTO STREET,REGINA,S4P 1N2,306-791-8460,Gr. K-8,279,1,1,1,0
,Regina SD 4,2159103,Victoria Campus,1915 RETALLACK ST,REGINA,S4T 2K1,,Gr. 9-12,68,0,0,1,1
,Regina SD 4,2158001,W.F. Ready School,2710  HELMSING STREET,REGINA,S4V 0W9,306-791-8471,Gr. K-8,379,1,1,1,0
,Regina SD 4,2157601,W.H. Ford School,480  RINK AVENUE,REGINA,S4X 1S7,306-791-8623,Gr. K-8,281,1,1,1,0
,Regina SD 4,2154901,Walker School,5637  7TH AVENUE,REGINA,S4T 0S9,306-791-8526,Gr. K-8,246,1,1,1,0
,Regina SD 4,2156401,Wilfred Hunt School,101  MAYFIELD ROAD,REGINA,S4V 0B5,306-791-8451,Gr. K-8,281,1,1,1,0
,Regina SD 4,2158703,Winston Knoll Collegiate,5255  ROCHDALE BLVD.,REGINA,S4X 4M8,306-523-3400,Gr. 9-12,834,0,0,1,1
33,Saskatchewan Rivers SD 119,6310143,Big River Public High School,BOX 430,BIG RIVER,S0J 0E0,306-469-2288,Gr. 7-12,101,0,0,1,1
,Saskatchewan Rivers SD 119,5510123,Birch Hills Public School,BOX 219,BIRCH HILLS,S0J 0G0,306-749-3301,Gr. K-12,286,1,1,1,1
,Saskatchewan Rivers SD 119,6310223,Canwood Public School,BOX 370,CANWOOD,S0J 0K0,306-468-2150,Gr. K-12,146,1,1,1,1
,Saskatchewan Rivers SD 119,5670104,Carlton Comprehensive Public High School,665  28TH STREET E,PRINCE ALBERT,S6V 6E9,306-922-3115,Gr. 9-12,"1,606",0,0,1,1
,Saskatchewan Rivers SD 119,5610311,Christopher Lake Public School,BOX 310,CHRISTOPHER LAKE,S0J 0N0,306-982-2131,Gr. K-8,174,1,1,1,0
,Saskatchewan Rivers SD 119,5610211,East Central Public School,545  11TH STREET EAST,PRINCE ALBERT,S6V 1B1,306-922-8329,Gr. K-8,52,1,1,1,0
,Saskatchewan Rivers SD 119,5650101,École Arthur Pechey Public School,2675  4TH AVENUE W,PRINCE ALBERT,S6V 5H8,306-922-9229,Gr. K-8,443,1,1,1,0
,Saskatchewan Rivers SD 119,6310313,École Debden Public School,BOX 280,DEBDEN,S0J 0S0,306-724-2181,Gr. K-12,165,1,1,1,1
,Saskatchewan Rivers SD 119,5651703,École Vickers Public School,2800  BRADBURY DRIVE,PRINCE ALBERT,S6V 7R8,306-922-6446,Gr. K-8,609,1,1,1,0
,Saskatchewan Rivers SD 119,,Home-based School,,,,,Gr. K-12,118,1,1,1,1
,Saskatchewan Rivers SD 119,5650401,John Diefenbaker Public School,1090  BRANION DRIVE,PRINCE ALBERT,S6V 2S8,306-763-6031,Gr. K-8,351,1,1,1,0
,Saskatchewan Rivers SD 119,5650501,King George Public School,421  23RD STREET E,PRINCE ALBERT,S6V 1P9,306-763-7571,Gr. K-8,230,1,1,1,0
,Saskatchewan Rivers SD 119,5510343,Kinistino Public School,BOX 650,KINISTINO,S0J 1H0,306-864-2252,Gr. K-12,237,1,1,1,1
,Saskatchewan Rivers SD 119,5610823,Meath Park Public School,GENERAL DELIVERY,MEATH PARK,S0J 1T0,306-929-2131,Gr. K-12,219,1,1,1,1
,Saskatchewan Rivers SD 119,5611011,Osborne Public School,RR 2 SITE 10 COMP 48,PRINCE ALBERT,S6V 5P9,306-922-8078,Gr. K-8,100,1,1,1,0
,Saskatchewan Rivers SD 119,5651303,Prince Albert Collegiate Institute,45  20TH STREET W,PRINCE ALBERT,S6V 4E9,306-763-6485,Gr. 9-12,221,0,0,1,1
,Saskatchewan Rivers SD 119,5650901,Princess Margaret Public School,351  13TH AVENUE E,PRINCE ALBERT,S6V 2N3,306-763-5217,Gr. K-8,213,1,1,1,0
,Saskatchewan Rivers SD 119,5651103,Queen Mary Public School,1010  15TH STREET W,PRINCE ALBERT,S6V 3S2,306-763-7672,Gr. K-8,359,1,1,1,0
,Saskatchewan Rivers SD 119,5611211,Red Wing Public School,545  11TH STREET EAST,PRINCE ALBERT,S6V 1B1,306-763-5375,Gr. K-8,210,1,1,1,0
,Saskatchewan Rivers SD 119,5651503,Riverside Public School,511  5TH AVENUE E,PRINCE ALBERT,S6V 7Z6,306-763-6495,Gr. K-8,457,1,1,1,0
,Saskatchewan Rivers SD 119,6310721,Shellbrook Public Elementary School,BOX 664,SHELLBROOK,S0J 2E0,306-747-2588,Gr. K-5,176,1,1,0,0
,Saskatchewan Rivers SD 119,5610611,Spruce Home Public School,545  11TH STREET EAST,PRINCE ALBERT,S6V 1B1,306-764-8377,Gr. K-8,111,1,1,1,0
,Saskatchewan Rivers SD 119,4810813,St. Louis Public School,BOX 70,ST LOUIS,S0J 2C0,306-422-8511,Gr. K-12,150,1,1,1,1
,Saskatchewan Rivers SD 119,6310121,T.D. Michel Public School,BOX 507,BIG RIVER,S0J 0E0,306-469-2128,Gr. K-6,125,1,1,0,0
,Saskatchewan Rivers SD 119,5651201,Vincent Massey Public School,2999 3RD AVE E,PRINCE ALBERT,S6V 8G2,306-763-7494,Gr. K-8,375,1,1,1,0
,Saskatchewan Rivers SD 119,5651601,W.J. Berezowsky Public School,566  MACINTOSH DRIVE,PRINCE ALBERT,S6V 6T2,306-763-7404,Gr. K-8,216,1,1,1,0
,Saskatchewan Rivers SD 119,6310733,W.P. Sandin Public High School,BOX 790,SHELLBROOK,S0J 2E0,306-747-2191,Gr. 6-12,220,0,1,1,1
,Saskatchewan Rivers SD 119,5611513,Wesmor Public High School,1819 14TH AVE W,PRINCE ALBERT,S6V 5P1,306-764-5233,Gr. 9-12,344,0,0,1,1
,Saskatchewan Rivers SD 119,5611511,West Central Public School,545 11TH ST E,PRINCE ALBERT,S6V 1B1,306-922-8339,Gr. K-8,105,1,1,1,0
,Saskatchewan Rivers SD 119,5651901,Westview Public School,620  MACARTHUR DRIVE,PRINCE ALBERT,S6V 8C6,306-922-4094,Gr. K-8,229,1,1,1,0
,Saskatchewan Rivers SD 119,5610411,Wild Rose Public School,RR 1,SHELLBROOK,S0J 2E0,306-747-2323,Gr. K-8,88,1,1,1,0
,Saskatchewan Rivers SD 119,5510113,Winding River Colony School,BOX 700,BIRCH HILLS,S0J 0G0,,Gr. 1-10,10,0,1,1,1
,Saskatchewan Rivers SD 119,5651803,Won Ska Cultural Public School,2005  4TH AVENUE E,PRINCE ALBERT,S6V 2H1,306-763-3552,Gr. 9-12,101,0,0,1,1
63,Saskatoon SD 13,4154302,Aden Bowman Collegiate,1904  CLARENCE AVENUE,SASKATOON,S7J 1L3,306-683-7600,Gr. 9-12,855,0,0,1,1
,Saskatoon SD 13,4150201,Alvin Buckwold School,715  EAST DRIVE,SASKATOON,S7J 2X8,306-683-7100,Gr. K-8,575,1,1,1,0
,Saskatoon SD 13,4154402,Bedford Road Collegiate,722  BEDFORD ROAD,SASKATOON,S7L 0G2,306-683-7650,Gr. 9-12,535,0,0,1,1
,Saskatoon SD 13,4150401,Brevoort Park School,2809  EARLY DRIVE,SASKATOON,S7H 3K4,306-683-7110,Gr. K-8,234,1,1,1,0
,Saskatoon SD 13,4156301,Brownell School,274  RUSSELL ROAD,SASKATOON,S7K 7E1,306-683-7120,Gr. K-8,218,1,1,1,0
,Saskatoon SD 13,4150501,Brunskill School,101  WIGGINS AVENUE,SASKATOON,S7N 1K3,306-683-7130,Gr. K-8,430,1,1,1,0
,Saskatoon SD 13,4150601,Buena Vista School,1306  LORNE AVENUE,SASKATOON,S7H 1X8,306-683-7140,Gr. K-8,219,1,1,1,0
,Saskatoon SD 13,4150701,Caroline Robins School,1410  BYERS CRESCENT,SASKATOON,S7L 4H3,306-683-7150,Gr. K-8,300,1,1,1,0
,Saskatoon SD 13,4150801,Caswell Community School,204  30TH STREET,SASKATOON,S7L 0N9,306-683-7160,Gr. K-8,218,1,1,1,0
,Saskatoon SD 13,4156902,Centennial Collegiate,160 NELSON RD,SASKATOON,S7S 1P5,306-683-7950,Gr. 9-12,"1,289",0,0,1,1
,Saskatoon SD 13,4156804,Chief Whitecap School,812 GORDON RD,SASKATOON,S7T 0J5,306-683-7640,Gr. K-8,779,1,1,1,0
,Saskatoon SD 13,4154902,City Park Collegiate,820  9TH AVENUE N,SASKATOON,S7K 2Z2,306-683-7550,Gr. 1-12,339,0,1,1,1
,Saskatoon SD 13,4156803,Colette Bourgonje School,169 OLSON LANE WEST,SASKATOON,S7V 0L1,,Gr. K-8,431,1,1,1,0
,Saskatoon SD 13,4151001,College Park School,3440  HARRINGTON STREET,SASKATOON,S7H 3Y4,306-683-7170,Gr. K-8,447,1,1,1,0
,Saskatoon SD 13,4155201,Confederation Park Community School,3555  JOHN A. MACDONALD,SASKATOON,S7L 4R9,306-683-7180,Gr. K-8,505,1,1,1,0
,Saskatoon SD 13,4156501,Dr. John G. Egnatoff School,225  KENDERDINE ROAD,SASKATOON,S7N 3V2,306-683-7190,Gr. K-8,627,1,1,1,0
,Saskatoon SD 13,4156401,Dundonald School,162  WEDGE ROAD,SASKATOON,S7L 6Y4,306-683-7200,Gr. K-8,467,1,1,1,0
,Saskatoon SD 13,4156802,Ernest Lindner School,1087 HAMPTON CIRCLE,SASKATOON,S7R 0G7,306-683-7560,Gr. K-8,732,1,1,1,0
,Saskatoon SD 13,4154602,Evan Hardy Collegiate,605  ACADIA DRIVE,SASKATOON,S7H 3V8,306-683-7700,Gr. 9-12,896,0,0,1,1
,Saskatoon SD 13,4155501,Fairhaven School,495  FORRESTER ROAD,SASKATOON,S7M 4P7,306-683-7210,Gr. K-8,286,1,1,1,0
,Saskatoon SD 13,4156001,Forest Grove School,501  115TH STREET EAST,SASKATOON,S7N 2X9,306-683-7220,Gr. K-8,519,1,1,1,0
,Saskatoon SD 13,4151201,Greystone Heights School,2721  MAIN STREET,SASKATOON,S7H 0M2,306-683-7230,Gr. K-8,427,1,1,1,0
,Saskatoon SD 13,4151501,Henry Kelsey School,16  VALENS DRIVE,SASKATOON,S7L 3S1,306-683-7240,Gr. K-8,319,1,1,1,0
,Saskatoon SD 13,4151601,Holliston School,1511  LOUISE AVENUE,SASKATOON,S7H 2R2,306-683-7250,Gr. K-8,256,1,1,1,0
,Saskatoon SD 13,,Home-based School,,,,,Gr. 1-12,295,0,1,1,1
,Saskatoon SD 13,4151701,Howard Coad School,431  AVENUE T NORTH,SASKATOON,S7L 3B5,306-683-7260,Gr. K-8,244,1,1,1,0
,Saskatoon SD 13,4151801,Hugh Cairns VC School,2621  CAIRNS AVENUE,SASKATOON,S7J 1V8,306-683-7270,Gr. K-8,247,1,1,1,0
,Saskatoon SD 13,4156201,James L. Alexander School,427  MCCORMACK ROAD,SASKATOON,S7M 5L8,306-683-7280,Gr. K-8,328,1,1,1,0
,Saskatoon SD 13,4151901,John Dolan School,3144  ARLINGTON AVENUE,SASKATOON,S7J 3L5,306-683-7290,Gr. K-12,56,1,1,1,1
,Saskatoon SD 13,4152001,John Lake School,2606  BROADWAY AVENUE,SASKATOON,S7J 0Z6,306-683-7300,Gr. K-8,226,1,1,1,0
,Saskatoon SD 13,4152201,King George Community School,721  AVENUE K SOUTH,SASKATOON,S7M 2E7,306-683-7310,Gr. K-8,120,1,1,1,0
,Saskatoon SD 13,4156601,Lakeridge School,305  WATERBURY DRIVE,SASKATOON,S7J 4Z7,306-683-7320,Gr. K-8,392,1,1,1,0
,Saskatoon SD 13,4155901,Lakeview School,527  KINGSMERE BOULEVARD,SASKATOON,S7J 3V4,306-683-7330,Gr. K-8,589,1,1,1,0
,Saskatoon SD 13,4155701,Lawson Heights School,430  REDBERRY ROAD,SASKATOON,S7K 5H6,306-683-7340,Gr. K-8,223,1,1,1,0
,Saskatoon SD 13,4155401,Lester B. Pearson School,3620  CENTENNIAL DRIVE,SASKATOON,S7L 5L2,306-683-7350,Gr. K-8,252,1,1,1,0
,Saskatoon SD 13,4156102,Marion M. Graham Collegiate,602  LENORE DRIVE,SASKATOON,S7K 6A6,306-683-7750,Gr. 9-12,599,0,0,1,1
,Saskatoon SD 13,4152501,Mayfair Community School,510  34TH STREEET W,SASKATOON,S7L 0Y2,306-683-7360,Gr. K-8,177,1,1,1,0
,Saskatoon SD 13,4152601,Montgomery School,3220 ORTONA STREET,SASKATOON,S7M 3R6,306-683-7370,Gr. K-8,288,1,1,1,0
,Saskatoon SD 13,4154704,Mount Royal Collegiate,2220  RUSHOLME ROAD,SASKATOON,S7L 4A4,306-683-7800,Gr. 9-12,841,0,0,1,1
,Saskatoon SD 13,4152701,North Park Wilson School,1505  9TH AVENUE N,SASKATOON,S7K 2Z8,306-683-7380,Gr. K-8,305,1,1,1,0
,Saskatoon SD 13,4154802,Nutana Collegiate,411  11TH STREET E,SASKATOON,S7N 0E9,306-683-7580,Gr. 8-12,576,0,0,1,1
,Saskatoon SD 13,4152901,Pleasant Hill Community School,215  AVENUE S SOUTH,SASKATOON,S7M 2Z9,306-683-7390,Gr. K-8,99,1,1,1,0
,Saskatoon SD 13,4153001,Prince Philip School,1715  DRINKLE STREET,SASKATOON,S7J 0P8,306-683-7400,Gr. K-8,226,1,1,1,0
,Saskatoon SD 13,4153101,Princess Alexandra Community School,210  AVENUE H SOUTH,SASKATOON,S7M 1W2,306-683-7410,Gr. K-8,113,1,1,1,0
,Saskatoon SD 13,4153201,Queen Elizabeth School,1905  EASTLAKE AVENUE,SASKATOON,S7J 0W9,306-683-7420,Gr. K-8,105,1,1,1,0
,Saskatoon SD 13,4154201,River Heights School,60  RAVINE DRIVE,SASKATOON,S7K 1E2,306-683-7430,Gr. K-8,431,1,1,1,0
,Saskatoon SD 13,4155301,Roland Michener School,4215  DEGEER STREET,SASKATOON,S7H 4N6,306-683-7440,Gr. K-8,207,1,1,1,0
,Saskatoon SD 13,4195103,Royal West Campus,441 WITNEY AVE N,SASKATOON,S7L 3M6,306-683-7540,Gr. 12-12,386,0,0,0,1
,Saskatoon SD 13,4194601,Saskatoon Christian School,BOX 8 SITE 510 RR 5 STN MAIN,SASKATOON,S7K 3J8,306-343-1494,Gr. K-12,301,1,1,1,1
,Saskatoon SD 13,4193801,Saskatoon Misbah School Inc.,PO BOX 21065,SASKATOON,S7H 5N9,306-384-9499,Gr. K-8,193,1,1,1,0
,Saskatoon SD 13,4134202,Saskatoon Public Online Learning Centre,605 ACADIA DR,SASKATOON,S7H 3V8,306-683-8313,Gr. 10-12,286,0,0,0,1
,Saskatoon SD 13,4156701,Silverspring Elementary School,610 KONIHOWSKI RD,SASKATOON,S7S 1M5,306-683-7900,Gr. K-8,427,1,1,1,0
,Saskatoon SD 13,4155801,Silverwood Heights School,403  SILVERWOOD ROAD,SASKATOON,S7K 6G1,306-683-7450,Gr. K-8,250,1,1,1,0
,Saskatoon SD 13,4153401,Sutherland School,1008  EGBERT AVENUE,SASKATOON,S7N 1X6,306-683-7460,Gr. K-8,277,1,1,1,0
,Saskatoon SD 13,4156801,Sylvia Fedoruk School,628 MANEK RD,SASKATOON,S7W 0W3,306-683-7520,Gr. K-8,521,1,1,1,0
,Saskatoon SD 13,4157002,Tommy Douglas Collegiate,130 BOWLT CRES,SASKATOON,S7M 0L1,306-683-7910,Gr. 9-12,999,0,0,1,1
,Saskatoon SD 13,4153601,Victoria School,639  BROADWAY AVENUE,SASKATOON,S7N 1B2,306-683-7470,Gr. K-8,418,1,1,1,0
,Saskatoon SD 13,4153701,Vincent Massey School,1001  NORTHUMBERLAND AVENUE,SASKATOON,S7L 3W8,306-683-7480,Gr. K-8,183,1,1,1,0
,Saskatoon SD 13,4154101,W.P. Bate Community School,2515 18TH ST W,SASKATOON,S7M 4A9,306-683-7510,Gr. K-8,262,1,1,1,0
,Saskatoon SD 13,4155004,Walter Murray Collegiate,1905  PRESTON AVENUE,SASKATOON,S7J 2E7,306-683-7850,Gr. 9-12,"1,186",0,0,1,1
,Saskatoon SD 13,4153901,Westmount Community School,411  AVENUE J NORTH,SASKATOON,S7L 2K4,306-683-7490,Gr. K-8,282,1,1,1,0
,Saskatoon SD 13,4155601,Wildwood School,203  ROSEDALE ROAD,SASKATOON,S7H 5H1,306-683-7500,Gr. K-8,232,1,1,1,0
,Saskatoon SD 13,4158002,Willowgrove School,805 STENSRUD ROAD,SASKATOON,S7W 0B1,306-683-7970,Gr. K-8,691,1,1,1,0
39,South East Cornerstone SD 209,1110313,33 Central,BOX 89,FILLMORE,S0G 1N0,306-722-3321,Gr. K-12,119,1,1,1,1
,South East Cornerstone SD 209,110113,Alameda School,BOX 237,ALAMEDA,S0C 0A0,306-489-2230,Gr. K-9,88,1,1,1,0
,South East Cornerstone SD 209,1010213,Arcola School,BOX 356,ARCOLA,S0C 0G0,306-455-2340,Gr. K-12,243,1,1,1,1
,South East Cornerstone SD 209,1150101,Assiniboia Park Elementary School,817 13TH STREET NE,WEYBURN,S4H 3M5,306-842-2414,Gr. K-6,215,1,1,0,0
,South East Cornerstone SD 209,110311,Carievale School,BOX 250,CARIEVALE,S0C 0P0,306-928-2125,Gr. K-8,106,1,1,1,0
,South East Cornerstone SD 209,1010411,Carlyle Elementary School,BOX 789,CARLYLE,S0C 0R0,306-453-2393,Gr. K-6,218,1,1,0,0
,South East Cornerstone SD 209,110433,Carnduff Education Complex,BOX 398,CARNDUFF,S0C 0S0,306-482-3491,Gr. K-12,337,1,1,1,1
,South East Cornerstone SD 209,2090501,Cyber Stone Virtual School,80 A 18TH ST NE,WEYBURN,S4H 2W4,306-848-0080,Gr. 9-12,51,0,0,1,1
,South East Cornerstone SD 209,270104,Estevan Comprehensive,255  SPRUCE DRIVE,ESTEVAN,S4A 2A6,306-634-4761,Gr. 9-12,756,0,0,1,1
,South East Cornerstone SD 209,310213,Gladmar Regional School,BOX 39,GLADMAR,S0C 1A0,306-969-4832,Gr. K-12,97,1,1,1,1
,South East Cornerstone SD 209,1010423,Gordon F. Kells High School,BOX 489,CARLYLE,S0C 0R0,306-453-2500,Gr. 7-12,210,0,0,1,1
,South East Cornerstone SD 209,1150301,Haig School,1113  COTEAU AVE NE,WEYBURN,S4H 0H5,306-842-2812,Gr. K-6,222,1,1,0,0
,South East Cornerstone SD 209,250101,Hillcrest Elementary School,609  ROOKS AVENUE,ESTEVAN,S4A 0B4,306-634-4931,Gr. K-8,126,1,1,1,0
,South East Cornerstone SD 209,,Home-based School,,,,,Gr. K-12,175,1,1,1,1
,South East Cornerstone SD 209,210513,Lampman School,BOX 370,LAMPMAN,S0C 1N0,306-487-2522,Gr. K-12,191,1,1,1,1
,South East Cornerstone SD 209,310413,Lyndale School,BOX 28,OUNGRE,S0C 1Z0,306-456-2662,Gr. K-9,69,1,1,1,0
,South East Cornerstone SD 209,910411,MacLeod Elementary School,1016  GORDON STREET,MOOSOMIN,S0G 3N0,306-435-3878,Gr. K-5,283,1,1,0,0
,South East Cornerstone SD 209,210613,Macoun School,BOX 40,MACOUN,S0C 1P0,306-634-9257,Gr. K-8,54,1,1,1,0
,South East Cornerstone SD 209,1010713,Manor School,BOX 28,MANOR,S0C 1R0,306-448-2110,Gr. K-12,65,1,1,1,1
,South East Cornerstone SD 209,910313,Maryfield School,201  BARROWS STREET,MARYFIELD,S0G 3K0,306-646-2166,Gr. K-12,100,1,1,1,1
,South East Cornerstone SD 209,910433,McNaughton High School,BOX 1377,MOOSOMIN,S0G 3N0,306-435-3341,Gr. 6-12,345,0,1,1,1
,South East Cornerstone SD 209,1110713,Midale Central School,BOX 390,MIDALE,S0C 1S0,306-458-2480,Gr. K-12,154,1,1,1,1
,South East Cornerstone SD 209,1210613,Ogema School,BOX 280,OGEMA,S0C 1Y0,306-459-2500,Gr. K-12,104,1,1,1,1
,South East Cornerstone SD 209,110730,Oxbow Prairie Horizons School,P O BOX 660,OXBOW,S0C 2B0,306-483-2383,Gr. K-12,402,1,1,1,1
,South East Cornerstone SD 209,1210713,Pangman School,BOX 188,PANGMAN,S0C 2C0,306-442-2051,Gr. K-12,60,1,1,1,1
,South East Cornerstone SD 209,250301,Pleasantdale Elementary,1700  DIEPPE CRESCENT,ESTEVAN,S4A 1X1,306-634-4210,Gr. K-8,201,1,1,1,0
,South East Cornerstone SD 209,1110911,Queen Elizabeth Elementary,725  KING STREET,WEYBURN,S4H 0P9,306-842-3553,Gr. K-6,208,1,1,0,0
,South East Cornerstone SD 209,310623,Radville Regional High School,BOX 710,RADVILLE,S0C 2G0,306-869-2551,Gr. 7-12,116,0,0,1,1
,South East Cornerstone SD 209,1010823,Redvers School,BOX 9,REDVERS,S0C 2H0,306-452-6161,Gr. K-12,315,1,1,1,1
,South East Cornerstone SD 209,910513,Rocanville School,1002  FRANCIS AVENUE,ROCANVILLE,S0A 3L0,306-645-2838,Gr. K-12,256,1,1,1,1
,South East Cornerstone SD 209,1150401,Souris School,316  5TH AVENUE S.E.,WEYBURN,S4H 1Y5,306-842-2721,Gr. K-6,144,1,1,0,0
,South East Cornerstone SD 209,210321,Spruce Ridge School,321 SPRUCE DRIVE,ESTEVAN,S4A 2W9,306-634-8510,Gr. K-8,403,1,1,1,0
,South East Cornerstone SD 209,1010923,Stoughton Central School,BOX 640,STOUGHTON,S0G 4T0,306-457-2533,Gr. K-12,158,1,1,1,1
,South East Cornerstone SD 209,910613,Wapella School,610  QU APPELLE STREET,WAPELLA,S0G 4Z0,306-532-4415,Gr. K-7,57,1,1,1,0
,South East Cornerstone SD 209,1011123,Wawota Parkland School,BOX 270,WAWOTA,S0G 5A0,306-739-2323,Gr. K-12,204,1,1,1,1
,South East Cornerstone SD 209,210213,Weldon School,BOX 310,BIENFAIT,S0C 0M0,306-388-2422,Gr. K-8,144,1,1,1,0
,South East Cornerstone SD 209,250701,Westview Elementary,1607  2ND STREET,ESTEVAN,S4A 0M9,306-634-2241,Gr. K-8,144,1,1,1,0
,South East Cornerstone SD 209,1150604,Weyburn Comprehensive School,629 KING ST,WEYBURN,S4H 2S5,306-842-7494,Gr. 7-12,960,0,0,1,1
,South East Cornerstone SD 209,1211213,Yellow Grass School,BOX 180,YELLOW GRASS,S0G 5J0,306-465-2500,Gr. K-12,121,1,1,1,1
57,St. Paul's RCSSD 20,4164902,Bethlehem Catholic High School,110 BOWLT CRES,SASKATOON,S7M 0L1,306-659-7900,Gr. 9-12,"1,074",0,0,1,1
,St. Paul's RCSSD 20,4160501,Bishop Filevich Ukrainian Bilingual School,125  105TH STREET,SASKATOON,S7N 1N3,306-659-7230,Gr. K-8,166,1,1,1,0
,St. Paul's RCSSD 20,4163902,Bishop James Mahoney High School,231  PRIMROSE DRIVE,SASKATOON,S7K 6Y3,306-659-7500,Gr. 9-12,674,0,0,1,1
,St. Paul's RCSSD 20,4160101,Bishop Klein Community School,1121  NORTHUMBERLAND AVENUE,SASKATOON,S7L 3X2,306-659-7150,Gr. K-8,236,1,1,1,0
,St. Paul's RCSSD 20,4164302,Bishop Murray High School,615  WIGGINS AVENUE,SASKATOON,S7H 2J2,306-659-7710,Gr. 8-12,141,0,0,1,1
,St. Paul's RCSSD 20,4164307,Bishop Murray High School - CNYC,615 WIGGINS AVE S,SASKATOON,S7H 2J2,,Gr. 10-12,15,0,0,0,1
,St. Paul's RCSSD 20,4164306,Bishop Murray High School - FSP,615 WIGGINS AVE S,SASKATOON,S7H 2J2,306-659-7710,Gr. 9-11,18,0,0,1,1
,St. Paul's RCSSD 20,4164304,Bishop Murray High School - ODP,142A 2ND AVE N,SASKATOON,S7K 2B2,306-659-2030,Gr. 9-12,20,0,0,1,1
,St. Paul's RCSSD 20,4163201,Bishop Pocock School,227  AVONDALE ROAD,SASKATOON,S7H 5A5,306-659-7160,Gr. K-8,166,1,1,1,0
,St. Paul's RCSSD 20,4162601,Bishop Roborecki Community School,24  PEARSON PLACE,SASKATOON,S7L 4S7,306-659-7180,Gr. K-8,316,1,1,1,0
,St. Paul's RCSSD 20,4162302,E.D. Feehan Catholic High School,411  AVENUE M NORTH,SASKATOON,S7L 2S7,306-659-7550,Gr. 9-12,539,0,0,1,1
,St. Paul's RCSSD 20,4160301,École Cardinal Leger School,141  CAMPION CRESCENT,SASKATOON,S7H 3T8,306-659-7190,Gr. K-8,348,1,1,1,0
,St. Paul's RCSSD 20,4170101,École Holy Mary Catholic School,1401 PARR HILL DR,MARTENSVILLE,S0K 2T1,306-659-7870,Gr. K-8,341,1,1,1,0
,St. Paul's RCSSD 20,4164901,École Mother Teresa School,738  KONIHOWSKI ROAD,SASKATOON,S7S 1M4,306-659-7240,Gr. K-8,626,1,1,1,0
,St. Paul's RCSSD 20,4162501,École Saskatoon French School,1441  WELLINGTON STREET,SASKATOON,S7M 1L3,306-659-7490,Gr. K-8,318,1,1,1,0
,St. Paul's RCSSD 20,4163501,École Sister O'Brien School,451  SILVERWOOD ROAD,SASKATOON,S7K 6G1,306-659-7480,Gr. K-8,254,1,1,1,0
,St. Paul's RCSSD 20,4161001,École St. Gerard School,205  MONTREAL AVENUE NORTH,SASKATOON,S7L 3N6,306-659-7330,Gr. K-8,447,1,1,1,0
,St. Paul's RCSSD 20,4161601,École St. Matthew School,1508  ARLINGTON AVENUE,SASKATOON,S7H 2Y2,306-659-7410,Gr. K-8,564,1,1,1,0
,St. Paul's RCSSD 20,4161901,École St. Paul School,1527  ALEXANDRA AVENUE,SASKATOON,S7K 3C1,306-659-7430,Gr. K-8,172,1,1,1,0
,St. Paul's RCSSD 20,4164201,École St. Peter School,202  SUMNER CRESCENT,SASKATOON,S7L 7A4,306-659-7440,Gr. K-8,551,1,1,1,0
,St. Paul's RCSSD 20,4164701,Father Robinson School,530  ROGERS ROAD,SASKATOON,S7N 3Z3,306-659-7200,Gr. K-8,418,1,1,1,0
,St. Paul's RCSSD 20,4162901,Father Vachon School,3722  CENTENNIAL DRIVE,SASKATOON,S7L 5K4,306-659-7210,Gr. K-8,350,1,1,1,0
,St. Paul's RCSSD 20,4160401,Georges Vanier Catholic Fine Arts School,820  WILSON CRESCENT,SASKATOON,S7J 2M4,306-659-7220,Gr. K-8,479,1,1,1,0
,St. Paul's RCSSD 20,4164903,Greater Saskatoon Catholic Cyber School,2701 PORTER ST,SASKATOON,S7J 3K8,306-659-7700,Gr. 9-12,241,0,0,1,1
,St. Paul's RCSSD 20,4162402,Holy Cross High School,2115  MCEOWN AVENUE,SASKATOON,S7J 3K8,306-659-7600,Gr. 9-12,"1,268",0,0,1,1
,St. Paul's RCSSD 20,4165902,Holy Family Catholic School,815 STENSRUD RD,SASKATOON,S7W 0B1,306-659-7850,Gr. K-8,563,1,1,1,0
,St. Paul's RCSSD 20,4170201,Holy Trinity Catholic School,SS 6 405 TRADITIONS BLVD,WARMAN,S0K 4S5,306-659-7890,Gr. K-8,284,1,1,1,0
,St. Paul's RCSSD 20,,Home-based School,,,,,Gr. K-12,178,1,1,1,1
,St. Paul's RCSSD 20,4163703,Oskayak High School,919  BROADWAY AVENUE,SASKATOON,S7N 1B8,306-659-7730,Gr. 9-12,286,0,0,1,1
,St. Paul's RCSSD 20,4162101,Pope John Paul II School,3035  ARLINGTON AVENUE,SASKATOON,S7J 3K5,306-659-7460,Gr. K-8,201,1,1,1,0
,St. Paul's RCSSD 20,4162502,Saskatoon International Online School,2701 PORTER ST,SASKATOON,S7J 3K7,,Gr. 10-12,33,0,0,0,1
,St. Paul's RCSSD 20,4164401,St. Angela School,302  RUSSELL ROAD,SASKATOON,S7K 6P2,306-659-7250,Gr. K-8,290,1,1,1,0
,St. Paul's RCSSD 20,4162801,St. Anne School,102  RAVINE COURT,SASKATOON,S7K 4H6,306-659-7260,Gr. K-8,177,1,1,1,0
,St. Paul's RCSSD 20,4162701,St. Augustine School,602  BOYCHUK DRIVE,SASKATOON,S7H 4S1,306-659-7270,Gr. K-8,221,1,1,1,0
,St. Paul's RCSSD 20,4724011,St. Augustine School - Humboldt,BOX 1810,HUMBOLDT,S0K 2A0,306-682-1050,Gr. K-8,334,1,1,1,0
,St. Paul's RCSSD 20,4163601,St. Bernard School,203  WHITESHORE CRESCENT,SASKATOON,S7J 3W4,306-659-7280,Gr. K-8,252,1,1,1,0
,St. Paul's RCSSD 20,4160701,St. Dominic School,3301  DIEPPE STREET,SASKATOON,S7M 3S6,306-659-7290,Gr. K-8,179,1,1,1,0
,St. Paul's RCSSD 20,4724021,St. Dominic School - Humboldt,BOX 2019,HUMBOLDT,S0K 2A0,306-682-1080,Gr. K-8,255,1,1,1,0
,St. Paul's RCSSD 20,4160801,St. Edward School,1002  AVENUE P NORTH,SASKATOON,S7L 2W7,306-659-7300,Gr. K-8,179,1,1,1,0
,St. Paul's RCSSD 20,4160901,St. Frances Cree Bilingual School,2141  MCPHERSON AVENUE,SASKATOON,S7J 0S8,306-659-7310,Gr. K-5,393,1,1,0,0
,St. Paul's RCSSD 20,4164801,St. Frances Cree Bilingual School - Bateman,6 BATEMAN CRES,SASKATOON,S7H 3C2,306-659-7949,Gr. 6-9,187,0,1,1,0
,St. Paul's RCSSD 20,5024013,St. Gabriel  School,BOX 1177,BIGGAR,S0K 0M0,306-948-3612,Gr. K-9,174,1,1,1,0
,St. Paul's RCSSD 20,4163401,St. George School,748  REDBERRY ROAD,SASKATOON,S7K 5H3,306-659-7320,Gr. K-8,246,1,1,1,0
,St. Paul's RCSSD 20,4161301,St. John Community School,1205  AVENUE N SOUTH,SASKATOON,S7M 2R1,306-659-7360,Gr. K-8,127,1,1,1,0
,St. Paul's RCSSD 20,4164802,St. Joseph High School,115  NELSON ROAD,SASKATOON,S7S 1H1,306-659-7650,Gr. 9-12,"1,106",0,0,1,1
,St. Paul's RCSSD 20,4165301,St. Kateri Tekakwitha Catholic School,886 GORDON RD,SASKATOON,S7T 0J5,,Gr. K-8,552,1,1,1,0
,St. Paul's RCSSD 20,4165101,St. Lorenzo Ruiz Catholic School,1023 HAMPTON CIRCLE,SASKATOON,S7R 0G7,,Gr. K-8,532,1,1,1,0
,St. Paul's RCSSD 20,4164601,St. Luke School,275  EMMELINE ROAD,SASKATOON,S7J 5B7,306-659-7370,Gr. K-8,292,1,1,1,0
,St. Paul's RCSSD 20,4164001,St. Marguerite School,1235  MCCORMACK ROAD,SASKATOON,S7M 5L6,306-659-7380,Gr. K-8,414,1,1,1,0
,St. Paul's RCSSD 20,4161101,St. Maria Goretti Community School,301  AVENUE Q NORTH,SASKATOON,S7L 2X7,306-659-7340,Gr. K-8,138,1,1,1,0
,St. Paul's RCSSD 20,4163101,St. Mark Community School,414  PENDYGRASSE STREET,SASKATOON,S7M 4M3,306-659-7390,Gr. K-8,385,1,1,1,0
,St. Paul's RCSSD 20,4161501,St. Mary's Wellness and Education Centre,337  AVENUE O SOUTH,SASKATOON,S7M 2R9,306-659-7400,Gr. K-8,287,1,1,1,0
,St. Paul's RCSSD 20,4161701,St. Michael Community School,22  33RD STREET E,SASKATOON,S7K 0R7,306-659-7420,Gr. K-8,132,1,1,1,0
,St. Paul's RCSSD 20,4170301,St. Nicholas Catholic School,530 MANEK RD,SASKATOON,S7W 0W3,,Gr. K-8,391,1,1,1,0
,St. Paul's RCSSD 20,4162001,St. Philip School,1901  HAULTAIN AVENUE,SASKATOON,S7J 1P4,306-659-7450,Gr. K-8,244,1,1,1,0
,St. Paul's RCSSD 20,4165201,St. Thérèse of Lisieux Catholic School,123 OLSON LANE WEST,SASKATOON,S7V 0L1,,Gr. K-8,273,1,1,1,0
,St. Paul's RCSSD 20,4164501,St. Volodymyr School,302  KELLOUGH ROAD,SASKATOON,S7N 3K6,306-659-7470,Gr. K-8,342,1,1,1,0
43,Sun West SD 207,3211211,Beechy Hutterite School,BOX 338,BEECHY,S0L 0C0,306-859-4463,Gr. 2-8,11,0,1,1,0
,Sun West SD 207,3210113,Beechy School,BOX 310,BEECHY,S0L 0C0,306-859-2170,Gr. K-12,78,1,1,1,1
,Sun West SD 207,5010813,Big Rose Hutterite School,BOX 310,BIGGAR,S0K 0M0,306-948-2925,Gr. K-8,12,1,1,1,0
,Sun West SD 207,5010133,Biggar Central School 2000,BOX 1148,BIGGAR,S0K 0M0,306-948-2117,Gr. K-12,306,1,1,1,1
,Sun West SD 207,3210811,"Cherry Grove School, Loreburn Hutterite Colony",BOX 220,DAVIDSON,S0G 1A0,306-644-0001,Gr. 1-9,17,0,1,1,0
,Sun West SD 207,3111013,Clear Springs Hutterite School,PO BOX 399,KENASTON,S0G 2N0,,Gr. 1-9,18,0,1,1,0
,Sun West SD 207,4311113,Cleland Hutterite School,BOX 1656,ROSETOWN,S0L 2V0,306-831-7913,Gr. 2-9,10,0,1,1,0
,Sun West SD 207,4310211,D'Arcy Elementary School,BOX 9,D'ARCY STATION,S0L 0N0,306-379-4620,Gr. K-6,32,1,1,0,0
,Sun West SD 207,3110513,Davidson School - K-12,BOX 699,DAVIDSON,S0G 1A0,306-567-3216,Gr. K-12,269,1,1,1,1
,Sun West SD 207,3311513,Dinsmore Colony School,BOX 175,DINSMORE,S0L 0T0,,Gr. 2-9,16,0,1,1,0
,Sun West SD 207,3310113,Dinsmore Composite School,PO BOX 490,DINSMORE,S0L 0T0,306-846-2188,Gr. K-12,103,1,1,1,1
,Sun West SD 207,3410313,Eaton School,BOX 190,EATONIA,S0L 0Y0,306-967-2536,Gr. K-12,133,1,1,1,1
,Sun West SD 207,3410321,Eatonia Hutterite School,BOX 459,EATONIA,S0L 0Y0,306-967-2755,Gr. 1-9,21,0,1,1,0
,Sun West SD 207,3410511,Elizabeth Middle School,BOX 666,KINDERSLEY,S0L 1S0,306-463-6547,Gr. 5-8,286,0,1,1,0
,Sun West SD 207,3310213,Elrose Composite School,BOX 400,ELROSE,S0L 0Z0,306-378-2505,Gr. K-12,103,1,1,1,1
,Sun West SD 207,3310323,Eston Composite School,BOX 639,ESTON,S0L 1A0,306-962-3275,Gr. K-12,236,1,1,1,1
,Sun West SD 207,3410811,Glidden Hutterite School,BOX 39,GLIDDEN,S0L 1H0,306-463-4160,Gr. 2-9, <10 ,0,1,1,0
,Sun West SD 207,5010613,Goldenview Colony School,GENERAL DELIVERY,LANDIS,S0K 2K0,306-948-1721,Gr. 1-8,14,0,1,1,0
,Sun West SD 207,4310413,Harris-Tessier Central School,BOX 249,HARRIS,S0L 1K0,306-656-2050,Gr. 1-6,19,0,1,0,0
,Sun West SD 207,,Home-based School,,,,,Gr. K-12,63,1,1,1,1
,Sun West SD 207,3110913,Kenaston School,BOX 99,KENASTON,S0G 2N0,306-252-2182,Gr. K-12,111,1,1,1,1
,Sun West SD 207,3410543,Kindersley Composite School,BOX 1450,KINDERSLEY,S0L 1S0,306-463-3771,Gr. 9-12,271,0,0,1,1
,Sun West SD 207,3311413,Kyle Colony School,BOX 518,ELROSE,S0L 0Z0,306-375-2910,Gr. 1-9,10,0,1,1,0
,Sun West SD 207,3310613,Kyle Composite School,BOX 40,KYLE,S0L 1T0,306-375-2521,Gr. K-12,70,1,1,1,1
,Sun West SD 207,3210713,Loreburn Central School,BOX 220,LOREBURN,S0H 2S0,306-644-2135,Gr. K-12,86,1,1,1,1
,Sun West SD 207,3210823,Lucky Lake School,BOX 219,LUCKY LAKE,S0L 1Z0,306-858-2052,Gr. K-12,105,1,1,1,1
,Sun West SD 207,3310633,Matador Colony School,BOX 628,KYLE,S0L 1T0,306-375-9128,Gr. 1-8,10,0,1,1,0
,Sun West SD 207,4310973,McGee Colony School,BOX 1408,ROSETOWN,S0L 2V0,306-882-1366,Gr. 1-9,11,0,1,1,0
,Sun West SD 207,4310813,Milden Colony School,P O BOX 700,ROSETOWN,S0L 2V0,306-856-2305,Gr. 1-9,21,0,1,1,0
,Sun West SD 207,4310823,North West Central School,BOX 40,PLENTY,S0L 2R0,306-932-2222,Gr. K-12,195,1,1,1,1
,Sun West SD 207,3211011,Outlook Elementary School,BOX 820,OUTLOOK,S0L 2N0,306-867-8653,Gr. K-5,318,1,1,0,0
,Sun West SD 207,3211023,Outlook High School,BOX 1720,OUTLOOK,S0L 2N0,306-867-8697,Gr. 6-12,301,0,1,1,1
,Sun West SD 207,4310963,Prairieland Hutterite School,BOX 667,ROSETOWN,S0L 2V0,306-831-8038,Gr. 1-8,13,0,1,1,0
,Sun West SD 207,4310943,Rosetown Central High School,BOX 910,ROSETOWN,S0L 2V0,306-882-2655,Gr. 7-12,290,0,0,1,1
,Sun West SD 207,3410211,Rossville School,BOX 25,COLEVILLE,S0L 0K0,306-965-2791,Gr. K-6,26,1,1,0,0
,Sun West SD 207,3410721,Smiley Hutterite School,BOX 44,SMILEY,S0L 2Z0,306-838-4400,Gr. 1-9,25,0,1,1,0
,Sun West SD 207,3410911,Springfield Hutterite School,BOX 1777,KINDERSLEY,S0L 1S0,306-463-6422,Gr. 1-9, <10 ,0,1,1,0
,Sun West SD 207,5010713,Springwater Hutterite Elementary,P.O. BOX 89,RUTHILDA,S0K 3S0,306-948-1793,Gr. 1-9,18,0,1,1,0
,Sun West SD 207,2070501,Sun West Distance Learning Centre,PO BOX 99,KENASTON,S0G 2N0,306-252-1000,Gr. K-12,"1,136",1,1,1,1
,Sun West SD 207,4310964,Valley Centre Hutterite School,BOX 1087,ROSETOWN,S0L 2V0,,Gr. 1-4, <10 ,0,1,0,0
,Sun West SD 207,4310921,Walter Aseltine School,BOX 1117,ROSETOWN,S0L 2V0,306-882-2644,Gr. K-6,316,1,1,0,0
,Sun West SD 207,3410531,Westberry Elementary School,BOX 1774,KINDERSLEY,S0L 1S0,306-463-2433,Gr. K-4,333,1,1,0,0
,Sun West SD 207,3410613,Westcliffe Composite School,BOX 65,MARENGO,S0L 2K0,306-968-2933,Gr. K-12,119,1,1,1,1
