strID,strDST,strSEC,strNM,strAD1,strAD2,StrCM,strCT,strPC,strGR,strILEn,strILFr,strURL,intBuilt,geometry,latitude,longitude,ISCED020,ISCED1,ISCED2,ISCED3
1228,DSF-S,Francophone,École Mont Carmel,"1545, Route 525",,Sainte-Marie-de-Kent,Kent,E4S 2H2,"Maternelle, 1-8",French,Français,http://mont-carmel.nbed.nb.ca,1992,POINT (-64.82560578300239 46.41469453495976),46.41469453495976,-64.82560578300239,1,1,1,0
4010,ASD-N,Anglophone,Harcourt School,155 West Side Harcourt Rd.,,Harcourt,Kent,E4T 2Y3,"Kindergarten, 1-5",English,Anglais,http://harcourtschool.nbed.nb.ca,1951,POINT (-65.24954791807662 46.47267762887244),46.47267762887244,-65.24954791807662,1,1,0,0
1226,DSF-S,Francophone,École Clément-Cormier,"37, avenue Richard",,Bouctouche,Kent,E4S 3T5,9-12,French,Français,http://ecc.nbed.nb.ca/,1969,POINT (-64.72410658939373 46.47555160988755),46.475551609887546,-64.72410658939373,,0,1,1
1202,DSF-S,Francophone,École Dr-Marguerite-Michaud,"42, avenue Richard",,Bouctouche,Kent,E4S 3N1,"Maternelle, 1-8",French,Français,http://edmm.nbed.nb.ca,1988,POINT (-64.72257481833978 46.47376375117349),46.47376375117349,-64.72257481833978,1,1,1,0
1206,DSF-S,Francophone,École Blanche-Bourgeois,"29, chemin Cocagne Cross",,Cocagne,Kent,E4R 2J1,"Maternelle, 1-8",French,Français,http://blanche-bourgeois.nbed.nb.ca,1996,POINT (-64.61581399365811 46.34761686064437),46.34761686064437,-64.61581399365811,1,1,1,0
1227,DSF-S,Francophone,École Camille-Vautour,"7, avenue Clément",,Saint-Antoine,Kent,E4V 1E2,"Maternelle, 1-8",French,Français,http://camille-vautour.nbed.nb.ca,1992,POINT (-64.75362401081814 46.35959504914758),46.35959504914758,-64.75362401081814,1,1,1,0
1213,DSF-S,Francophone,École Notre-Dame,"3860, Route 115",,Notre-Dame,Kent,E4V 2J2,"Maternelle, 1-8",French,Français,http://notre-dame.nbed.nb.ca/,1958,POINT (-64.73485047297989 46.30704659495783),46.30704659495783,-64.73485047297989,1,1,1,0
1331,DSF-S,Francophone,Polyvalente Louis-J.-Robichaud,"435, rue Main",,Shediac,Westmorland,E4P 0S6,9-12,French,Français,http://ljr.nbed.nb.ca,1969,POINT (-64.53157539399479 46.21863169265833),46.21863169265833,-64.53157539399479,,0,1,1
1315,DSF-S,Francophone,École Mgr-François-Bourgeois,"294, avenue Belliveau",,Shediac,Westmorland,E4P 1H6,"Maternelle, 1-8",French,Français,http://mfb.nbed.nb.ca,1987,POINT (-64.53770118191564 46.22255028119081),46.22255028119081,-64.53770118191564,1,1,1,0
1317,DSF-S,Francophone,École Père-Edgar-T.-LeBlanc,"1351, Route 133",,Grand-Barachois,Westmorland,E4P 8C8,"Maternelle, 1-8",French,Français,http://petl.nbed.nb.ca,2000,POINT (-64.42154211837928 46.2239160698712),46.22391606987121,-64.42154211837928,1,1,1,0
1356,DSF-S,Francophone,École Donat-Robichaud,"2632, chemin Acadie",,Cap-Pelé,Westmorland,E4N 1E3,"Maternelle, 1-8",French,Français,http://donat-robichaud.nbed.nb.ca,1977,POINT (-64.27354422903296 46.21773523106069),46.217735231060686,-64.27354422903296,1,1,1,0
1411,ASD-E,Anglophone,Tantramar Regional High School,223 Main Street,,Sackville,Westmorland,E4L 3A7,9-12,"English, French Immersion","Anglais, Immersion française",http://trhs.nbed.nb.ca,1968,POINT (-64.36943260790596 45.91008019578281),45.91008019578281,-64.36943260790596,,0,1,1
1402,ASD-E,Anglophone,Marshview Middle School,19 Queen's Road,,Sackville,Westmorland,E4L 4G4,5-8,"English, French Immersion","Anglais, Immersion française",http://marshview.nbed.nb.ca/,1949,POINT (-64.36988197221605 45.89182220007994),45.891822200079936,-64.36988197221605,,1,1,0
1417,ASD-E,Anglophone,Salem Elementary School,70 Queen's Road,,Sackville,Westmorland,E4L 4G9,"Kindergarten, 1-4","English, French Immersion","Anglais, Immersion française",http://salem.nbed.nb.ca,1980,POINT (-64.37584572737349 45.88899708761306),45.888997087613056,-64.3758457273735,1,1,0,0
1401,ASD-E,Anglophone,Dorchester Consolidated School,18 Harrop Avenue,,Dorchester,Westmorland,E4K 2X9,"Kindergarten, 1-8",English,Anglais,http://dorchester.nbed.nb.ca/,1949,POINT (-64.51616808471053 45.89531849986339),45.895318499863386,-64.51616808471053,1,1,1,0
1416,ASD-E,Anglophone,Port Elgin Regional School,33 Moore Road,,Port Elgin,Westmorland,E4M 2E6,"Kindergarten, 1-8","English, French Immersion","Anglais, Immersion française",http://portelgin.nbed.nb.ca,1996,POINT (-64.094881317241 46.04881224189057),46.04881224189057,-64.094881317241,1,1,1,0
1340,DSF-S,Francophone,École Abbey-Landry,"432, rue Centrale",,Memramcook,Westmorland,E4K 3S5,"Maternelle, 1-8",French,Français,http://abbey-landry.nbed.nb.ca,1961,POINT (-64.56767943005048 45.98085631823601),45.98085631823603,-64.56767943005048,1,1,1,0
1572,ASD-E,Anglophone,Arnold H. McLeod School,280 Storey Road East,,Moncton,Westmorland,E1A 5Z3,"Kindergarten, 1-5","English, French Immersion","Anglais, Immersion française",http://ahm.nbed.nb.ca,1983,POINT (-64.75444017042408 46.10991901561903),46.10991901561904,-64.75444017042408,1,1,0,0
1571,ASD-E,Anglophone,Lewisville Middle School,45 McAuley Drive,,Moncton,Westmorland,E1A 5R8,6-8,"English, French Immersion","Anglais, Immersion française",http://lewisville.nbed.nb.ca/,1980,POINT (-64.7413812008663 46.10708117855407),46.10708117855407,-64.7413812008663,,1,1,0
1541,ASD-E,Anglophone,Mountain View School,2586 Route 115,,Irishtown,Westmorland,E1H 2M4,"Kindergarten, 1-5",English,Anglais,http://mountainview.nbed.nb.ca,1963,POINT (-64.80408583386655 46.20959853601595),46.20959853601594,-64.80408583386655,1,1,0,0
1539,ASD-E,Anglophone,Moncton High School,140 Longfellow Drive,,Moncton,Westmorland,E1H 0G4,9-12,"English, French Immersion","Anglais, Immersion française",http://monctonhigh.nbed.nb.ca/,2015,POINT (-64.79104984305297 46.16436786640184),46.16436786640185,-64.79104984305297,,0,1,1
1559,ASD-E,Anglophone,Sunny Brae Middle School,170 Curry Street,,Moncton,Westmorland,E1A 3W1,5-8,"English, French Immersion","Anglais, Immersion française",http://sunnybrae.nbed.nb.ca,1956,POINT (-64.77748076771071 46.1072971182773),46.107297118277295,-64.77748076771071,,1,1,0
1514,ASD-E,Anglophone,Forest Glen School,43 Keenan Drive,,Moncton,Westmorland,E1A 3P8,"Kindergarten, 1-4","English, French Immersion","Anglais, Immersion française",http://forestglenschool.nbed.nb.ca,1965,POINT (-64.77337878130322 46.12162356843541),46.1216235684354,-64.77337878130321,1,1,0,0
1360,DSF-S,Francophone,École L'Odyssée,"60, promenade Léopold F. Belliveau",,Moncton,Westmorland,E1A 8V4,9-12,French,Français,http://Lodyssee.nbed.nb.ca,2005,POINT (-64.79111841411007 46.11898160749294),46.118981607492934,-64.79111841411007,,0,1,1
1359,DSF-S,Francophone,École Le Mascaret,"50, promenade Léopold F. Belliveau",,Moncton,Westmorland,E1A 8V3,6-8,French,Français,http://Lemascaret.nbed.nb.ca,2005,POINT (-64.79134318628124 46.11940580956607),46.11940580956607,-64.79134318628124,,1,1,0
1350,DSF-S,Francophone,École Saint-Henri,"101, avenue Gross",,Moncton,Westmorland,E1C 7H3,"Maternelle, 1-5",French,Français,http://saint-henri.nbed.nb.ca,1949,POINT (-64.81003495561478 46.104728978163),46.104728978163,-64.81003495561478,1,1,0,0
1547,ASD-E,Anglophone,Queen Elizabeth School,31 Lynch Street,,Moncton,Westmorland,E1C 3L5,"Kindergarten, 1-8","English, French Immersion","Anglais, Immersion française",http://queenelizabeth.nbed.nb.ca,1953,POINT (-64.80361288275923 46.10105687116393),46.10105687116394,-64.80361288275923,1,1,1,0
1349,DSF-S,Francophone,École Sainte-Bernadette,"46, rue Upton",,Moncton,Westmorland,E1E 3Z1,"Maternelle, 1-5",French,Français,http://stebernadette.nbed.nb.ca,2013,POINT (-64.80042564178996 46.07845818591827),46.07845818591827,-64.80042564178996,1,1,0,0
1517,ASD-E,Anglophone,Harrison Trimble High School,80 Echo Drive,,Moncton,Westmorland,E1C 3H8,9-12,"English, French Immersion","Anglais, Immersion française",http://hths.nbed.nb.ca,1961,POINT (-64.81047417946201 46.09899292814722),46.09899292814722,-64.810474179462,,0,1,1
1573,ASD-E,Anglophone,Edith Cavell School,125 Park Street,,Moncton,Westmorland,E1C 2B4,"Kindergarten, 1-8","English, French Immersion","Anglais, Immersion française",http://edithcavell.nbed.nb.ca,1988,POINT (-64.7875493610487 46.09186978869407),46.09186978869407,-64.7875493610487,1,1,1,0
1569,ASD-E,Anglophone,Bernice MacNaughton High School,999 St. George Blvd.,,Moncton,Westmorland,E1E 2C9,9-12,"English, French Immersion","Anglais, Immersion française",http://bmhs.nbed.nb.ca,1975,POINT (-64.82865484269111 46.08657214674605),46.08657214674604,-64.82865484269111,,0,1,1
1504,ASD-E,Anglophone,Bessborough School,93 Bessborough Avenue,,Moncton,Westmorland,E1E 1P6,"Kindergarten, 1-8","English, French Immersion","Anglais, Immersion française",http://bessborough.nbed.nb.ca/,1958,POINT (-64.80909283865445 46.07997708748428),46.07997708748428,-64.80909283865445,1,1,1,0
1519,ASD-E,Anglophone,Hillcrest School,60 Parlee Drive,,Moncton,Westmorland,E1E 3B3,"Kindergarten, 1-8","English, French Immersion","Anglais, Immersion française",http://hillcrest.nbed.nb.ca,1954,POINT (-64.80531527990055 46.0856665778747),46.0856665778747,-64.80531527990055,1,1,1,0
1576,ASD-E,Anglophone,Evergreen Park School,333 Evergreen Drive,,Moncton,Westmorland,E1G 2J2,"Kindergarten, 1-5","English, French Immersion","Anglais, Immersion française",http://evergreenpark.nbed.nb.ca,1996,POINT (-64.86097425291062 46.11316145394313),46.11316145394313,-64.86097425291061,1,1,0,0
1570,ASD-E,Anglophone,Riverview High School,400 Whitepine Road,,Riverview,Albert,E1B 4H8,9-12,"English, French Immersion","Anglais, Immersion française",http://rhsroyals.nbed.nb.ca,1977,POINT (-64.80136957691843 46.05669024150285),46.05669024150285,-64.80136957691843,,0,1,1
1551,ASD-E,Anglophone,West Riverview School,684 Coverdale Road,,Riverview,Albert,E1B 3K6,"Kindergarten, 1-5","English, French Immersion","Anglais, Immersion française",http://westriverview.nbed.nb.ca,1963,POINT (-64.81124320287182 46.06196904633904),46.06196904633904,-64.81124320287182,1,1,0,0
1567,ASD-E,Anglophone,Claude D. Taylor School,200 Whitepine Road,,Riverview,Albert,E1B 3L7,"Kindergarten, 1-5","English, French Immersion","Anglais, Immersion française",http://claudedtaylor.nbed.nb.ca,1973,POINT (-64.81724177292966 46.0499472808094),46.049947280809405,-64.81724177292966,1,1,0,0
1549,ASD-E,Anglophone,Riverview Middle School,45 Devere Road,,Riverview,Albert,E1B 2M4,6-8,"English, French Immersion","Anglais, Immersion française",http://rms.nbed.nb.ca,1949,POINT (-64.79590379831784 46.06260122838712),46.062601228387116,-64.79590379831784,,1,1,0
1550,ASD-E,Anglophone,Frank L. Bowser School,424 Cleveland Avenue,,Riverview,Albert,E1B 1Y2,"Kindergarten, 1-5","English, French Immersion","Anglais, Immersion française",http://flb.nbed.nb.ca,1962,POINT (-64.79524727372342 46.06092215730148),46.060922157301476,-64.79524727372342,1,1,0,0
1578,ASD-E,Anglophone,Riverview East School,49 Chambers Road,,Riverview,Albert,E1B 0P5,"Kindergarten, 1-8","English, French Immersion","Anglais, Immersion française",http://rivervieweast.nbed.nb.ca,2013,POINT (-64.77831991220411 46.06777573866547),46.06777573866547,-64.77831991220411,1,1,1,0
1932,ASD-S,Anglophone,Quispamsis Elementary School,290 Hampton Road,,Quispamsis,Kings,E2E 4N1,"Kindergarten, 1-5","English, French Immersion","Anglais, Immersion française",http://quispamsiselementary.nbed.nb.ca,1960,POINT (-65.95751218764413 45.41287724608667),45.41287724608665,-65.95751218764413,1,1,0,0
1941,ASD-S,Anglophone,Kennebecasis Valley High School,398 Hampton Road,,Quispamsis,Kings,E2E 4V5,9-12,"English, French Immersion","Anglais, Immersion française",http://kvhs.nbed.nb.ca/,1974,POINT (-65.94743502322046 45.42407087602024),45.42407087602024,-65.94743502322046,,0,1,1
1946,ASD-S,Anglophone,Quispamsis Middle School,189 Pettingill Road,,Quispamsis,Kings,E2E 3S8,6-8,"English, French Immersion","Anglais, Immersion française",http://qms.nbed.nb.ca,1986,POINT (-65.96772499444914 45.42661112957949),45.4266111295795,-65.96772499444914,,1,1,0
1943,ASD-S,Anglophone,Lakefield Elementary School,9 Kensington Avenue,,Quispamsis,Kings,E2E 2T8,"Kindergarten, 1-5","English, French Immersion","Anglais, Immersion française",http://lakefieldelementary.nbed.nb.ca,1978,POINT (-65.97551763552818 45.41818604271602),45.41818604271602,-65.97551763552818,1,1,0,0
2014,ASD-S,Anglophone,Glen Falls School,10 Princess Court,,Saint John,Saint John,E2H 1X9,"Kindergarten, 1-5",English,Anglais,http://glenfalls.nbed.nb.ca,1973,POINT (-66.02434479708909 45.31676400196875),45.31676400196875,-66.02434479708909,1,1,0,0
1930,ASD-S,Anglophone,Fairvale Elementary School,11 School Avenue,,Rothesay,Kings,E2E 1Z9,"Kindergarten, 1-5","English, French Immersion","Anglais, Immersion française",http://fairvale-elementary.nbed.nb.ca,1958,POINT (-65.99046515077242 45.41095572726137),45.410955727261374,-65.99046515077242,1,1,0,0
1928,ASD-S,Anglophone,Rothesay High School,61 Hampton Road,,Rothesay,Kings,E2E 5L6,9-12,"English, French Immersion","Anglais, Immersion française",http://rhs.nbed.nb.ca,1992,POINT (-65.98845724936844 45.39401359934926),45.39401359934927,-65.98845724936844,,0,1,1
1929,ASD-S,Anglophone,Harry Miller Middle School,63 Hampton Road,,Rothesay,Kings,E2E 5L6,6-8,"English, French Immersion","Anglais, Immersion française",http://harrymiller.nbed.nb.ca,1962,POINT (-65.9906184016068 45.39575046747805),45.395750467478045,-65.9906184016068,,1,1,0
1927,ASD-S,Anglophone,Rothesay Elementary School,230 Eriskay Drive,,Rothesay,Kings,E2E 5G7,"Kindergarten, 1-5","English, French Immersion","Anglais, Immersion française",http://rothesay-elementary.nbed.nb.ca,1974,POINT (-65.98562628592794 45.38899877662055),45.388998776620554,-65.98562628592794,1,1,0,0
1942,ASD-S,Anglophone,Rothesay Park School,7 Hampton Road,,Rothesay,Kings,E2E 5K8,6-8,"English, French Immersion","Anglais, Immersion française",http://rothesaypark.nbed.nb.ca,1975,POINT (-65.99657608430452 45.38786659306059),45.38786659306058,-65.99657608430452,,1,1,0
1931,ASD-S,Anglophone,Kennebecasis Park Elementary School,10 Broadway Street,,Rothesay,Kings,E2H 1B2,"Kindergarten, 1-5",English,Anglais,http://Kparkschool.nbed.nb.ca,1964,POINT (-66.02603755188446 45.34933505213313),45.34933505213313,-66.02603755188446,1,1,0,0
2028,ASD-S,Anglophone,Lakewood Heights School,56 Lensdale Crescent,,Saint John,Saint John,E2J 3P3,"Kindergarten, 1-5",English,Anglais,http://lakewoodheights.nbed.nb.ca,1963,POINT (-65.98012258935147 45.3142808902539),45.3142808902539,-65.98012258935147,1,1,0,0
2030,ASD-S,Anglophone,Loch Lomond School,25 Evergreen Avenue,,Saint John,Saint John,E2N 1H3,"Kindergarten, 1-5","English, French Immersion","Anglais, Immersion française",http://lochlomond.nbed.nb.ca,1953,POINT (-65.90076327758587 45.33365500213171),45.33365500213171,-65.90076327758587,1,1,0,0
2066,ASD-S,Anglophone,Bayside Middle School,75 Bayside Drive,,Saint John,Saint John,E2J 1A1,6-8,"English, French Immersion","Anglais, Immersion française",http://bayside.nbed.nb.ca,1949,POINT (-66.03931968214093 45.28508795188429),45.285087951884286,-66.03931968214093,,1,1,0
2008,ASD-S,Anglophone,Champlain Heights School,111 Champlain Drive,,Saint John,Saint John,E2J 3E4,"Kindergarten, 1-5","English, French Immersion","Anglais, Immersion française",http://champlainheights.nbed.nb.ca,1956,POINT (-66.00194666980444 45.29101037537276),45.29101037537275,-66.00194666980444,1,1,0,0
2047,ASD-S,Anglophone,Simonds High School,1490 Hickey Road,,Saint John,Saint John,E2J 4E7,9-12,"English, French Immersion","Anglais, Immersion française",http://sh.nbed.nb.ca,1970,POINT (-65.99246857207879 45.29775317054137),45.29775317054136,-65.99246857207879,,0,1,1
2004,ASD-S,Anglophone,Bayview School,184 Loch Lomond Road,,Saint John,Saint John,E2J 1Y1,"Kindergarten, 1-5",English,Anglais,http://bayview.nbed.nb.ca/,1958,POINT (-66.03200183915689 45.28907164029652),45.28907164029653,-66.03200183915689,1,1,0,0
2013,ASD-S,Anglophone,Forest Hills School,15 Glengarry Drive,,Saint John,Saint John,E2J 2X9,"Kindergarten, 1-8","English, French Immersion","Anglais, Immersion française",http://foresthillsschool.nbed.nb.ca,1961,POINT (-66.00651941517998 45.31484197640964),45.314841976409646,-66.00651941517998,1,1,1,0
2041,ASD-S,Anglophone,Princess Elizabeth School,20 Sixth Street,,Saint John,Saint John,E2K 3M1,"Kindergarten, 1-8","English, French Immersion","Anglais, Immersion française",http://princess-elizabeth.nbed.nb.ca,1949,POINT (-66.06877832302598 45.28313137574938),45.28313137574938,-66.06877832302598,1,1,1,0
2043,ASD-S,Anglophone,Saint John High School,170-200 Prince William Street,,Saint John,Saint John,E2L 2B7,9-12,"English, French Immersion","Anglais, Immersion française",http://sjhigh.nbed.nb.ca,1986,POINT (-66.06081836324211 45.26929953949266),45.26929953949266,-66.0608183632421,,0,1,1
2067,ASD-S,Anglophone,St. John the Baptist/King Edward School,223 St. James Street,,Saint John,Saint John,E2L 1W3,"Kindergarten, 1-8",English,Anglais,http://sjbke.nbed.nb.ca,1948,POINT (-66.0511136338382 45.26896746225797),45.26896746225797,-66.0511136338382,1,1,1,0
2051,ASD-S,Anglophone,St. Malachy's Memorial High School,2-20 Leinster Street,,Saint John,Saint John,E2L 1H8,9-12,"English, French Immersion","Anglais, Immersion française",http://stm.nbed.nb.ca,1954,POINT (-66.05573402038337 45.27293298730635),45.272932987306355,-66.05573402038337,,0,1,1
2039,ASD-S,Anglophone,Prince Charles School,317-319 Union Street,,Saint John,Saint John,E2L 1B3,"Kindergarten, 1-8",English,Anglais,http://princecharles.nbed.nb.ca,1954,POINT (-66.0527752954537 45.27650836972285),45.27650836972286,-66.0527752954537,1,1,1,0
2060,ASD-S,Anglophone,Harbour View High School,305 Douglas Avenue,,Saint John,Saint John,E2K 1E5,9-12,"English, French Immersion","Anglais, Immersion française",http://hvhs.nbed.nb.ca,1986,POINT (-66.08406348837715 45.2658738570498),45.2658738570498,-66.08406348837715,,0,1,1
2635,ASD-W,Anglophone,Fredericton High School,300 Priestman Street,,Fredericton,York,E3B 6J8,9-12,"English, French Immersion","Anglais, Immersion française",http://frederictonhigh.nbed.nb.ca,1969,POINT (-66.66285011947495 45.94187978733941),45.94187978733941,-66.66285011947495,,0,1,1
2604,ASD-W,Anglophone,Connaught Street School,184 Connaught Street,,Fredericton,York,E3B 2A9,"Kindergarten, 1-5","English, French Immersion","Anglais, Immersion française",http://connaughtstreet.nbed.nb.ca,1957,POINT (-66.65664963777991 45.95554460281079),45.95554460281079,-66.65664963777989,1,1,0,0
2619,ASD-W,Anglophone,George Street Middle School,575 George Street,,Fredericton,York,E3B 1K2,6-8,"English, French Immersion","Anglais, Immersion française",http://georgest.nbed.nb.ca,1924,POINT (-66.64147596729458 45.95871190897816),45.95871190897816,-66.64147596729458,,1,1,0
2624,ASD-W,Anglophone,Priestman Street Elementary School,363 Priestman Street,,Fredericton,York,E3B 3B5,"Kindergarten, 1-5","English, French Immersion","Anglais, Immersion française",http://priestmanstreet.nbed.nb.ca,1969,POINT (-66.66114318976265 45.94363874253248),45.94363874253247,-66.66114318976265,1,1,0,0
2608,ASD-W,Anglophone,Forest Hill Elementary School,548 Forest Hill Road,,Fredericton,York,E3B 4K6,"Kindergarten, 1","English, French Immersion","Anglais, Immersion française",http://fhes.nbed.nb.ca,1955,POINT (-66.63289390952077 45.93613818359723),45.93613818359723,-66.63289390952077,1,1,0,0
2634,ASD-W,Anglophone,Liverpool Street Elementary School,50 Liverpool Street,,Fredericton,York,E3B 4V4,2-5,"English, French Immersion","Anglais, Immersion française",http://liverpoolelem.nbed.nb.ca,1968,POINT (-66.6413488393829 45.93209738971913),45.93209738971913,-66.6413488393829,,1,0,0
2633,ASD-W,Anglophone,Montgomery Street Elementary School,692 Montgomery Street,,Fredericton,York,E3B 2X8,"Kindergarten, 1-5","English, French Immersion","Anglais, Immersion française",http://montgomerystreet.nbed.nb.ca,1963,POINT (-66.65071469945383 45.94364259961587),45.94364259961587,-66.65071469945383,1,1,0,0
5137,DSF-S,Francophone,École Sainte-Anne,"715, rue Priestman",,Fredericton,York,E3B 5W7,6-12,French,Français,http://esa.nbed.nb.ca,1978,POINT (-66.652929567066 45.94194448152452),45.94194448152452,-66.652929567066,,1,1,1
5138,DSF-S,Francophone,École des Bâtisseurs,"715, rue Priestman",,Fredericton,York,E3B 5W7,"Maternelle, 1-5",French,Français,http://batisseurs.nbed.nb.ca,2007,POINT (-66.65185040475681 45.94187972011296),45.94187972011297,-66.65185040475681,1,1,0,0
2641,ASD-W,Anglophone,Bliss Carman Middle School,615 Kimble Drive,,Fredericton,York,E3B 0N4,6-8,"English, French Immersion","Anglais, Immersion française",http://blisscarman.nbed.nb.ca/,2009,POINT (-66.63375602415948 45.93047862329411),45.93047862329411,-66.63375602415948,,1,1,0
3326,DSF-NO,Francophone,École communautaire Ernest-Lang,"13, rue Bellevue",,Saint-François-de-Madawaska,Madawaska,E7A 1A4,"Maternelle, 1-8",French,Français,http://eel.nbed.nb.ca,1976,POINT (-68.70524738393917 47.24179901855609),47.2417990185561,-68.70524738393917,1,1,1,0
3327,DSF-NO,Francophone,Centre d'apprentissage du Haut-Madawaska,"323, boulevard Long",,Clair,Madawaska,E7A 2C5,"Maternelle, 1-8",French,Français,http://cahm.nbed.nb.ca,1997,POINT (-68.60631266220577 47.25669283045561),47.256692830455606,-68.60631266220577,1,1,1,0
3314,DSF-NO,Francophone,École Saint-Jacques,"10, rue de l'École",,Saint-Jacques,Madawaska,E7B 1E7,"Maternelle, 1-8",French,Français,http://ecole-st-jacques.nbed.nb.ca,1986,POINT (-68.38793211863505 47.4291921181881),47.429192118188105,-68.38793211863505,1,1,1,0
3316,DSF-NO,Francophone,École communautaire Saint-Joseph,"562, chemin Toussaint",,Saint-Joseph-de-Madawaska,Madawaska,E7B 2T8,"Maternelle, 1-8",French,Français,http://esj.nbed.nb.ca,1969,POINT (-68.31628770237798 47.45515371164605),47.45515371164605,-68.31628770237798,1,1,1,0
5401,ASD-W,Anglophone,Saint Mary's Academy,52 Marmen Avenue,,Edmundston,Madawaska,E3V 2H2,"Kindergarten, 1-12",English,Anglais,http://sma.nbed.nb.ca,1990,POINT (-68.34375814189831 47.3662097578101),47.366209757810104,-68.34375814189829,1,1,1,1
3329,DSF-NO,Francophone,Carrefour de la Jeunesse,"54, 21e avenue",,Edmundston,Madawaska,E3V 2B9,"Maternelle, 1-8",French,Français,http://cdlj.nbed.nb.ca,2005,POINT (-68.33845921339075 47.36460436797979),47.364604367979794,-68.33845921339075,1,1,1,0
2908,ASD-W,Anglophone,Woodstock High School,144 Connell Park Road,,Woodstock,Carleton,E7M 1M4,9-12,"English, French Immersion","Anglais, Immersion française",http://whs.nbed.nb.ca,1975,POINT (-67.59091524139002 46.16145618629962),46.16145618629962,-67.59091524139002,,0,1,1
2909,ASD-W,Anglophone,Hartland Community School,217 Rockland Road,,Hartland,Carleton,E7P 0A2,"Kindergarten, 1-12",English,Anglais,http://hhs.nbed.nb.ca,2007,POINT (-67.51391404160745 46.30717703051086),46.30717703051086,-67.51391404160745,1,1,1,1
2301,ASD-S,Anglophone,Campobello Island Consolidated School,1722 Route 774,,Wilsons Beach,Charlotte,E5E 1K7,"Kindergarten, 1-12",English,Anglais,http://cics.nbed.nb.ca,1966,POINT (-66.91696016324032 44.90984392707237),44.909843927072366,-66.91696016324032,1,1,1,1
2339,ASD-S,Anglophone,Milltown Elementary School,434 Milltown Blvd.,,St. Stephen,Charlotte,E3L 1J8,"Kindergarten, 1-5",English,Anglais,http://mes.nbed.nb.ca,1992,POINT (-67.29498652906071 45.17446417265472),45.174464172654716,-67.29498652906071,1,1,0,0
2337,ASD-S,Anglophone,St. Stephen Middle School,11 School Street,,St. Stephen,Charlotte,E3L 2N4,6-8,"English, French Immersion","Anglais, Immersion française",http://ssms.nbed.nb.ca,1987,POINT (-67.27951311065233 45.19528636047335),45.195286360473354,-67.27951311065233,,1,1,0
2336,ASD-S,Anglophone,St. Stephen Elementary School,King's Court,,St. Stephen,Charlotte,E3L 3B2,"Kindergarten, 1-5","English, French Immersion","Anglais, Immersion française",http://sses.nbed.nb.ca,1969,POINT (-67.27077665640226 45.20056700218735),45.20056700218735,-67.27077665640225,1,1,0,0
2338,ASD-S,Anglophone,St. Stephen High School,282 King Street,,St. Stephen,Charlotte,E3L 4X7,9-12,"English, French Immersion","Anglais, Immersion française",http://sshs.nbed.nb.ca,1979,POINT (-67.27339175827005 45.20729218318903),45.20729218318903,-67.27339175827005,,0,1,1
2311,ASD-S,Anglophone,Vincent Massey Elementary School,166 Frederick Street,,St. Andrews,Charlotte,E5B 1Z7,"Kindergarten, 1-5",English,Anglais,http://vmes.nbed.nb.ca,1955,POINT (-67.04852492845089 45.07730062591009),45.07730062591009,-67.04852492845089,1,1,0,0
2310,ASD-S,Anglophone,Sir James Dunn Academy,180 King Street,,St. Andrews,Charlotte,E5B 1Y7,6-12,English,Anglais,http://sjda.nbed.nb.ca,1966,POINT (-67.04989784209378 45.07818355748486),45.078183557484856,-67.04989784209378,,1,1,1
2302,ASD-S,Anglophone,Lawrence Station Elementary School,6227 Route 3,,Lawrence Station,Charlotte,E5A 3C3,"Kindergarten, 1-5",English,Anglais,http://lses.nbed.nb.ca,1946,POINT (-67.17260916620761 45.42868240910358),45.42868240910357,-67.17260916620761,1,1,0,0
2704,ASD-W,Anglophone,McAdam High School,29 Lake Road,,McAdam,York,E6J 1N7,6-12,English,Anglais,http://mhs.nbed.nb.ca,1924,POINT (-67.33010574941468 45.59463800160522),45.59463800160521,-67.33010574941468,,1,1,1
2703,ASD-W,Anglophone,McAdam Elementary School,29 Rose Street,,McAdam,York,E6J 1Z1,"Kindergarten, 1-5",English,Anglais,http://mcadames.nbed.nb.ca,1945,POINT (-67.32272977505626 45.59653163418012),45.59653163418014,-67.32272977505626,1,1,0,0
513,DSF-NE,Francophone,École L'Escale-des-Jeunes,"2930, rue Morais",,Bas-Caraquet,Gloucester,E1W 6A8,"Maternelle, 1-8",French,Français,http://escaledesjeunes.nbed.nb.ca,1986,POINT (-64.83114753846516 47.79808431302605),47.798084313026045,-64.83114753846516,1,1,1,0
539,DSF-NE,Francophone,Polyvalente Louis-Mailloux,"30, rue Cormier",C. P. 5751,Caraquet,Gloucester,E1W 1B7,9-12,French,Français,http://plm.nbed.nb.ca,1970,POINT (-64.9596743473025 47.78759363641495),47.787593636414954,-64.95967434730251,,0,1,1
540,DSF-NE,Francophone,École Marguerite-Bourgeoys,"238, rue Marguerite-Bourgeoys",C. P. 5680,Caraquet,Gloucester,E1W 1B7,"Maternelle, 1-8",French,Français,http://margueritebourgeoys.blogspot.ca,1981,POINT (-64.96533163487943 47.78720405514926),47.78720405514926,-64.96533163487943,1,1,1,0
504,DSF-NE,Francophone,École Ola-Léger,"642, boulevard des Acadiens",,Bertrand,Gloucester,E1W 1G8,"Maternelle, 1-8",French,Français,http://olaleger.nbed.nb.ca,1994,POINT (-65.07782431691692 47.74672019441643),47.746720194416426,-65.07782431691692,1,1,1,0
503,DSF-NE,Francophone,École Léandre-LeGresley,"261, rue Acadie",C.P. 1003,Grande-Anse,Gloucester,E8N 2T9,"Maternelle, 1-8",French,Français,http://leandrelegresley.nbed.nb.ca,1957,POINT (-65.18650816854687 47.81121665081813),47.81121665081813,-65.18650816854687,1,1,1,0
541,DSF-NE,Francophone,École Terre des Jeunes,"1191, rue des Fondateurs",,Paquetville,Gloucester,E8R 1A9,"Maternelle, 1-8",French,Français,http://terredesjeunes.nbed.nb.ca,1982,POINT (-65.10805443969731 47.67064772476355),47.67064772476356,-65.10805443969731,1,1,1,0
2638,ASD-W,Anglophone,Royal Road Elementary School,340 Royal Road,,Fredericton,York,E3G 6J9,"Kindergarten, 1-5","English, French Immersion","Anglais, Immersion française",http://RoyalRoad.nbed.nb.ca,1982,POINT (-66.67061115718593 45.99634464178374),45.99634464178374,-66.67061115718593,1,1,0,0
2620,ASD-W,Anglophone,Nashwaak Valley School,747 Route 628 Hwy,,Durham Bridge,York,E6C 1N6,"Kindergarten, 1-5",English,Anglais,http://nashwaakvalley.nbed.nb.ca/,1955,POINT (-66.60476312480269 46.13260412555847),46.13260412555847,-66.60476312480269,1,1,0,0
906,ASD-W,Anglophone,Stanley Consolidated School,28 Bridge Street,,Stanley,York,E6B 1B2,"Kindergarten, 1-12",English,Anglais,http://stanleyhigh.nbed.nb.ca,1992,POINT (-66.73896786436875 46.28168649358852),46.28168649358852,-66.73896786436876,1,1,1,1
1702,ASD-E,Anglophone,Caledonia Regional High School,35 School Lane,,Hillsborough,Albert,E4H 3B8,6-12,"English, French Immersion","Anglais, Immersion française",http://caledonia.nbed.nb.ca,1972,POINT (-64.65349504168418 45.92865007737134),45.92865007737134,-64.65349504168418,,1,1,1
1703,ASD-E,Anglophone,Hillsborough Elementary School,31 School Lane,,Hillsborough,Albert,E4H 3B8,"Kindergarten, 1-5",English,Anglais,http://hillsboroughelementary.nbed.nb.ca,1963,POINT (-64.65270018465881 45.92867433524165),45.92867433524165,-64.65270018465881,1,1,0,0
1704,ASD-E,Anglophone,Riverside Consolidated School,90 Water Street,,Riverside-Albert,Albert,E4H 3Z7,"Kindergarten, 1-5",English,Anglais,http://rcs.nbed.nb.ca,1905,POINT (-64.73125175834996 45.74829803872877),45.74829803872877,-64.73125175834996,1,1,0,0
1610,ASD-E,Anglophone,J.M.A. Armstrong/Salisbury Middle School,55 Douglas Street,,Salisbury,Westmorland,E4J 2B4,5-12,"English, French Immersion","Anglais, Immersion française",http://jmasms.nbed.nb.ca,1962,POINT (-65.04105810678912 46.02457030719476),46.02457030719476,-65.04105810678912,,1,1,1
1607,ASD-E,Anglophone,Salisbury Elementary School,2646 River Road,,Salisbury,Westmorland,E4J 2R2,"Kindergarten, 1-4","English, French Immersion","Anglais, Immersion française",http://salisburyelem.nbed.nb.ca,1947,POINT (-65.03839708376981 46.02471093321778),46.02471093321778,-65.03839708376981,1,1,0,0
1528,ASD-E,Anglophone,Magnetic Hill School,3346 Route 126,,Lutes Mountain,Westmorland,E1G 2X4,"Kindergarten, 1-8","English, French Immersion","Anglais, Immersion française",http://maghill.nbed.nb.ca,1988,POINT (-64.91358618982171 46.13571135008313),46.13571135008314,-64.91358618982171,1,1,1,0
1505,ASD-E,Anglophone,Birchmount School,256 Ayer Avenue,,Moncton,Westmorland,E1C 8G8,"Kindergarten, 1-8","English, French Immersion","Anglais, Immersion française",http://birchmount.nbed.nb.ca,1965,POINT (-64.83013956255323 46.10313035422717),46.10313035422717,-64.83013956255323,1,1,1,0
1503,ASD-E,Anglophone,Beaverbrook School,1085 Mountain Road,,Moncton,Westmorland,E1C 2S9,"Kindergarten, 1-8",English,Anglais,http://beaverbrook.nbed.nb.ca,1949,POINT (-64.82058505873606 46.10550944791925),46.10550944791925,-64.82058505873607,1,1,1,0
1577,ASD-E,Anglophone,Northrop Frye School,1392 Ryan Street,,Moncton,Westmorland,E1G 2V3,"Kindergarten, 1-5","English, French Immersion","Anglais, Immersion française",http://northropfrye.nbed.nb.ca/,2010,POINT (-64.88645655807147 46.12354302743633),46.123543027436334,-64.88645655807147,1,1,0,0
1362,DSF-S,Francophone,École Le Sommet,"701, rue Ryan",,Moncton,Westmorland,E1G 5R2,"Maternelle, 1-8",French,Français,http://lesommet.nbed.nb.ca,2013,POINT (-64.86499111283777 46.1059153547129),46.1059153547129,-64.86499111283777,1,1,1,0
2020,ASD-S,Anglophone,Hazen-White-St. Francis School,538 Sandy Point Road,,Saint John,Saint John,E2K 3S2,"Kindergarten, 1-5",English,Anglais,http://hwsf.nbed.nb.ca,1961,POINT (-66.07309041134981 45.29375841684033),45.293758416840326,-66.07309041134981,1,1,0,0
2065,ASD-S,Anglophone,Millidgeville North School,500 Woodward Avenue,,Saint John,Saint John,E2K 4G7,3-8,"English, French Immersion","Anglais, Immersion française",http://millidgeville.nbed.nb.ca,1967,POINT (-66.11324185986179 45.29702372766632),45.29702372766632,-66.11324185986179,,1,1,0
2007,ASD-S,Anglophone,Centennial School,10 Constance Street,,Saint John,Saint John,E2K 2P8,"Kindergarten, 1-5",English,Anglais,http://centennial.nbed.nb.ca/,1966,POINT (-66.08346521437693 45.28175565794509),45.28175565794509,-66.08346521437693,1,1,0,0
2059,ASD-S,Anglophone,M. Gerald Teed Memorial School,151 Black Street,,Saint John,Saint John,E2K 2L6,"Kindergarten, 1-2","English, French Immersion","Anglais, Immersion française",http://mgeraldteed.nbed.nb.ca,1963,POINT (-66.10232455851542 45.2971220386975),45.2971220386975,-66.10232455851542,1,1,0,0
5201,DSF-S,Francophone,Centre scolaire Samuel-de-Champlain,"67, chemin Ragged Point",,Saint John,Saint John,E2K 5C3,"Maternelle, 1-12",French,Français,http://samuel-de-champlain.nbed.nb.ca,1984,POINT (-66.1158027992613 45.29432159225042),45.29432159225043,-66.11580279926129,1,1,1,1
2609,ASD-W,Anglophone,Garden Creek School,1360 Woodstock Road,,Fredericton,York,E3B 9G7,"Kindergarten, 1-5","English, French Immersion","Anglais, Immersion française",http://gardencreek.nbed.nb.ca,1965,POINT (-66.70355244560444 45.96483844366958),45.96483844366958,-66.70355244560444,1,1,0,0
2614,ASD-W,Anglophone,Kingsclear Consolidated School,3188 Woodstock Road,,Fredericton,York,E3C 1K9,"Kindergarten, 1-5",English,Anglais,http://kingsclear.nbed.nb.ca,1950,POINT (-66.77017528385753 45.96507981016104),45.965079810161036,-66.77017528385753,1,1,0,0
762,DSF-NE,Francophone,École La Villa des Amis,"6830, Route 11",,Tracadie Beach,Gloucester,E1X 4P4,"Maternelle, 1-8",French,Français,http://villa.nbed.nb.ca,1974,POINT (-64.91615300446624 47.44438919144166),47.44438919144166,-64.91615300446624,1,1,1,0
714,DSF-NE,Francophone,École La Passerelle,"5067, Route 160",,Pont-Landry,Gloucester,E1X 2V5,"Maternelle, 1-8",French,Français,http://lapasserelle.nbed.nb.ca,1952,POINT (-64.96338644440729 47.57475532291367),47.574755322913674,-64.96338644440729,1,1,1,0
760,DSF-NE,Francophone,Polyvalente W.-Arthur-Losier,"585, rue de l'Église","C. P. 3680, Succ. Bureau Chef",Tracadie-Sheila,Gloucester,E1X 1G5,9-12,French,Français,http://wal.nbed.nb.ca,1969,POINT (-64.92075323363197 47.51310826627425),47.51310826627425,-64.92075323363197,,0,1,1
719,DSF-NE,Francophone,École La Ruche,"635, rue de l'Église",,Tracadie-Sheila,Gloucester,E1X 1B1,"Maternelle, 1-5",French,Français,http://laruche.nbed.nb.ca,1977,POINT (-64.9234183964801 47.51263595026379),47.512635950263785,-64.9234183964801,1,1,0,0
720,DSF-NE,Francophone,École Le Tremplin,"520, rue de l'Église",,Tracadie-Sheila,Gloucester,E1X 1B1,6-8,French,Français,http://tremplin.nbed.nb.ca,1992,POINT (-64.9154770111258 47.51274432084261),47.51274432084261,-64.91547701112579,,1,1,0
725,DSF-NE,Francophone,École La Source,"906, rue Louis-G.-Daigle","C. P. 4059, Succ.B",Tracadie-Sheila,Gloucester,E1X 1G4,"Maternelle, 1-8",French,Français,http://lasource.nbed.nb.ca,1970,POINT (-64.92328585736063 47.47915924357184),47.47915924357184,-64.92328585736063,1,1,1,0
3001,ASD-W,Anglophone,Bath Community School,118 School Street,,Bath,Carleton,E7J 1C4,"Kindergarten, 1-8",English,Anglais,http://bathmiddleschool.nbed.nb.ca/,1954,POINT (-67.58772739878653 46.50638322538072),46.506383225380716,-67.58772739878654,1,1,1,0
3004,ASD-W,Anglophone,Bristol Elementary School,9208 Main Street,P.O. Box 826,Florenceville-Bristol,Carleton,E7L 2A9,"Kindergarten, 1-5",English,Anglais,http://bres.nbed.nb.ca,1966,POINT (-67.57665794665887 46.47359591197594),46.473595911975934,-67.57665794665887,1,1,0,0
3018,ASD-W,Anglophone,Carleton North High School,30 School Street,,Florenceville-Bristol,Carleton,E7L 2G2,9-12,"English, French Immersion","Anglais, Immersion française",http://cnhs.nbed.nb.ca,1977,POINT (-67.5794823715988 46.46710764999881),46.46710764999881,-67.5794823715988,,0,1,1
3009,ASD-W,Anglophone,Florenceville Elementary School,8470 Main Street,P.O. Box 431,Florenceville-Bristol,Carleton,E7L 4J8,"Kindergarten, 1-5","English, French Immersion","Anglais, Immersion française",http://fes.nbed.nb.ca,1966,POINT (-67.61137948243834 46.41872900424831),46.41872900424831,-67.61137948243835,1,1,0,0
3008,ASD-W,Anglophone,Florenceville Middle School,8794 Main Street,,Florenceville-Bristol,Carleton,E7L 3G2,6-8,"English, French Immersion","Anglais, Immersion française",http://fms.nbed.nb.ca,1955,POINT (-67.616008286701 46.44674017696347),46.446740176963466,-67.616008286701,,1,1,0
3005,ASD-W,Anglophone,Centreville Community School,751 Central Street,,Centreville,Carleton,E7K 2M6,"Kindergarten, 1-8",English,Anglais,http://ccs.nbed.nb.ca,2004,POINT (-67.70695791954131 46.43125054887755),46.43125054887754,-67.70695791954131,1,1,1,0
3107,ASD-W,Anglophone,Andover Elementary School,9 School Street,,Perth-Andover,Victoria,E7H 4T4,"Kindergarten, 1-5","English, French Immersion","Anglais, Immersion française",http://aes.nbed.nb.ca,1956,POINT (-67.69907169475776 46.74983092273899),46.749830922738994,-67.69907169475776,1,1,0,0
3122,ASD-W,Anglophone,Donald Fraser Memorial School,231 Main Street,,Plaster Rock,Victoria,E7G 2G6,"Kindergarten, 1-5",English,Anglais,http://dfms.nbed.nb.ca,1992,POINT (-67.39664191432499 46.90665988592908),46.90665988592908,-67.39664191432499,1,1,0,0
3105,ASD-W,Anglophone,Perth-Andover Middle School,20 Nissen Street,,Perth-Andover,Victoria,E7H 3G1,6-8,"English, French Immersion","Anglais, Immersion française",http://pams.nbed.nb.ca,2004,POINT (-67.70336188484004 46.75395233032614),46.753952330326136,-67.70336188484004,,1,1,0
3106,ASD-W,Anglophone,Southern Victoria High School,13 School Street,,Perth-Andover,Victoria,E7H 4T4,9-12,"English, French Immersion","Anglais, Immersion française",http://svhs.nbed.nb.ca,1953,POINT (-67.69876701897205 46.74809632360159),46.74809632360159,-67.69876701897205,,0,1,1
3111,ASD-W,Anglophone,Tobique Valley High School,290 Main Street,,Plaster Rock,Victoria,E7G 2C6,6-12,English,Anglais,http://tvhs.nbed.nb.ca,1947,POINT (-67.39177996421755 46.91374636724133),46.91374636724132,-67.39177996421755,,1,1,1
2513,ASD-W,Anglophone,Oromocto High School,25 MacKenzie Avenue,,Oromocto,Sunbury,E2V 1K4,9-12,"English, French Immersion","Anglais, Immersion française",http://ohs.nbed.nb.ca,1965,POINT (-66.47942801401707 45.84587760645196),45.84587760645197,-66.47942801401706,,0,1,1
2512,ASD-W,Anglophone,Ridgeview Middle School,102 Waasis Road,,Oromocto,Sunbury,E2V 1G6,6-8,"English, French Immersion","Anglais, Immersion française",http://ridgeview.nbed.nb.ca,1958,POINT (-66.47306269942406 45.84773105388548),45.84773105388548,-66.47306269942406,,1,1,0
5107,DSF-S,Francophone,École Arc-en-ciel,"95, promenade Drummond",,Oromocto,Sunbury,E2V 2A6,"Maternelle, 1-8",French,Français,http://arc-en-ciel.nbed.nb.ca,1957,POINT (-66.48765314000647 45.84208794979348),45.84208794979347,-66.48765314000647,1,1,1,0
2510,ASD-W,Anglophone,Summerhill Street Elementary School,20 Summerhill Street,,Oromocto,Sunbury,E2V 1V1,3-5,"English, French Immersion","Anglais, Immersion française",http://summerhill.nbed.nb.ca,1959,POINT (-66.49104605229152 45.84708999387369),45.847089993873695,-66.49104605229152,,1,0,0
2508,ASD-W,Anglophone,Gesner Street Elementary School,10 Gesner Street,,Oromocto,Sunbury,E2V 1S8,"Kindergarten, 1-2","English, French Immersion","Anglais, Immersion française",http://ge.nbed.nb.ca,1959,POINT (-66.48416337970765 45.84382792925929),45.84382792925929,-66.48416337970765,1,1,0,0
2511,ASD-W,Anglophone,Harold Peterson Middle School,90 St. Lawrence Avenue,,Oromocto,Sunbury,E2V 1T2,6-8,"English, French Immersion","Anglais, Immersion française",http://haroldpeterson.nbed.nb.ca,1958,POINT (-66.48187631851513 45.84174538350017),45.841745383500175,-66.48187631851513,,1,1,0
2506,ASD-W,Anglophone,Assiniboine Avenue Elementary School,55 Assiniboine Avenue,,Oromocto,Sunbury,E2V 1Y2,"Kindergarten, 1-2","English, French Immersion","Anglais, Immersion française",http://assiniboine.nbed.nb.ca,1957,POINT (-66.47785830757874 45.83791427026691),45.83791427026691,-66.47785830757874,1,1,0,0
2509,ASD-W,Anglophone,Hubbard Avenue Elementary School,50 Hubbard Avenue,,Oromocto,Sunbury,E2V 1N9,3-5,"English, French Immersion","Anglais, Immersion française",http://hubbard.nbed.nb.ca,1957,POINT (-66.47447535765876 45.84254709910796),45.84254709910796,-66.47447535765876,,1,0,0
2504,ASD-W,Anglophone,Lincoln Elementary Community School,"2475 Lincoln Road, Route 102 Hwy",,Lincoln,Sunbury,E3B 7E6,"Kindergarten, 1-5",English,Anglais,http://lincoln.nbed.nb.ca,2013,POINT (-66.53873544609074 45.88018899441042),45.88018899441042,-66.53873544609074,1,1,0,0
4109,DSF-NE,Francophone,Académie Assomption,"1255, promenade Rough Waters",,Bathurst,Gloucester,E2A 1Z2,"Maternelle, 1-5",French,Français,http://academieassomption.wordpress.com,1944,POINT (-65.63344788766975 47.61019355874213),47.61019355874213,-65.63344788766976,1,1,0,0
4143,DSF-NE,Francophone,François-Xavier-Daigle,"4572, Route 134",,Allardville,Gloucester,E8L 1E4,"Maternelle, 1-8",French,Français,http://francoisxavierdaigle.nbed.nb.ca,1964,POINT (-65.49424739887795 47.47571870199668),47.475718701996676,-65.49424739887796,1,1,1,0
4259,ASD-N,Anglophone,Janeville Elementary School,107 Route 340,,Janeville,Gloucester,E2A 5C5,"Kindergarten, 1-5",English,Anglais,http://je.nbed.nb.ca,1981,POINT (-65.44061150316561 47.69004945974481),47.69004945974481,-65.44061150316561,1,1,0,0
702,DSF-NE,Francophone,École La Relève-de-Saint-Isidore,"3953, boulevard des Fondateurs",,Saint-Isidore,Gloucester,E8M 1C1,"Maternelle, 1-8",French,Français,http://lareleve.nbed.nb.ca,1994,POINT (-65.051720960578 47.55448217922864),47.55448217922864,-65.05172096057801,1,1,1,0
4201,ASD-N,Anglophone,Bathurst High School,640 King Avenue,,Bathurst,Gloucester,E2A 1R1,9-12,"English, French Immersion","Anglais, Immersion française",http://bathursthigh.nbed.nb.ca,1925,POINT (-65.65263479437063 47.61486560541804),47.614865605418046,-65.65263479437063,,0,1,1
4261,ASD-N,Anglophone,Terry Fox Elementary School,155 Basin Street,,Bathurst,Gloucester,E2A 6N1,"Kindergarten, 1-5","English, French Immersion","Anglais, Immersion française",http://tfes.nbed.nb.ca,2006,POINT (-65.65966201845626 47.6033363405954),47.6033363405954,-65.65966201845626,1,1,0,0
2705,ASD-W,Anglophone,Harvey High School,2055 Route 3,P.O. Box 258,Harvey Station,York,E6K 3W9,6-12,"English, French Immersion","Anglais, Immersion française",http://harveyhighschool.nbed.nb.ca,1980,POINT (-67.008145332773 45.72011022183131),45.72011022183129,-67.008145332773,,1,1,1
2701,ASD-W,Anglophone,Harvey Elementary School,1908 Route 3,,Harvey Station,York,E6K 2P4,"Kindergarten, 1-5","English, French Immersion","Anglais, Immersion française",http://hes.nbed.nb.ca,1966,POINT (-67.00231006546618 45.7323967086006),45.732396708600604,-67.00231006546618,1,1,0,0
2611,ASD-W,Anglophone,Keswick Ridge School,166 McKeen Drive,,Keswick Ridge,York,E6L 1N9,"Kindergarten, 1-8","English, French Immersion","Anglais, Immersion française",http://keswickridge.nbed.nb.ca,1952,POINT (-66.85822729598836 45.96677823464677),45.966778234646775,-66.85822729598836,1,1,1,0
2807,ASD-W,Anglophone,Keswick Valley Memorial School,"20, Route 617",,Burtts Corner,York,E6L 2X3,"Kindergarten, 1-8",English,Anglais,http://kvms.nbed.nb.ca,1951,POINT (-66.8787426112365 46.0607948824295),46.060794882429505,-66.87874261123649,1,1,1,0
2802,ASD-W,Anglophone,Nackawic Elementary School,110 McNair Drive,,Nackawic,York,E6G 1A8,"Kindergarten, 1-5","English, French Immersion","Anglais, Immersion française",http://nes.nbed.nb.ca,1967,POINT (-67.24057377993331 45.99475635122475),45.994756351224744,-67.24057377993331,1,1,0,0
2811,ASD-W,Anglophone,Nackawic Middle School,50 Landegger Drive,,Nackawic,York,E6G 1E9,6-8,"English, French Immersion","Anglais, Immersion française",http://nackawicmiddle.nbed.nb.ca,1971,POINT (-67.24070378677523 45.99265373421499),45.99265373421499,-67.24070378677523,,1,1,0
2801,ASD-W,Anglophone,Nackawic Senior High School,30 Landegger Drive,,Nackawic,York,E6G 1E9,9-12,"English, French Immersion","Anglais, Immersion française",http://nhs.nbed.nb.ca,1967,POINT (-67.2380248799064 45.99315988474524),45.993159884745246,-67.23802487990639,,0,1,1
2803,ASD-W,Anglophone,Canterbury High School,80 Main Street,,Canterbury,York,E6H 1L3,"Kindergarten, 1-12",English,Anglais,http://chs.nbed.nb.ca,1952,POINT (-67.46192556001746 45.89504781874958),45.89504781874958,-67.46192556001746,1,1,1,1
3924,DSF-S,Francophone,Étoile de l'Acadie,"50, rue de l'École",,Rogersville,Northumberland,E4Y 1V7,"Maternelle, 1-12",French,Français,http://assomption.nbed.nb.ca,1987,POINT (-65.42276439818968 46.73220872885197),46.732208728851965,-65.42276439818968,1,1,1,1
3955,DSF-S,Francophone,École Soleil Levant,"45, rue Morgan",,Richibucto,Kent,E4W 4E8,"Maternelle, 1-8",French,Français,http://soleil-levant.nbed.nb.ca,1991,POINT (-64.86508970671827 46.69491718903515),46.69491718903514,-64.86508970671828,1,1,1,0
3954,DSF-S,Francophone,École Mgr-Marcel-François-Richard,"49, rue du Collège, Unité 1",,Saint-Louis-de-Kent,Kent,E4X 1C2,"Maternelle, 1-12",French,Français,http://mfr.nbed.nb.ca,1977,POINT (-64.97277601207917 46.74052039334433),46.740520393344326,-64.97277601207917,1,1,1,1
4017,ASD-N,Anglophone,Rexton Elementary School,19 School Street,,Rexton,Kent,E4W 2E4,"Kindergarten, 1-5","English, French Immersion","Anglais, Immersion française",http://rextonelementary.nbed.nb.ca,1989,POINT (-64.86929257193064 46.64059709288916),46.64059709288916,-64.86929257193064,1,1,0,0
4055,ASD-N,Anglophone,Bonar Law Memorial School,197 Main Street,,Rexton,Kent,E4W 2A9,9-12,"English, French Immersion","Anglais, Immersion française",http://bonarlaw.nbed.nb.ca,1978,POINT (-64.85847902753865 46.64141953960778),46.64141953960778,-64.85847902753865,,0,1,1
1215,DSF-S,Francophone,École Calixte-F.-Savoie,"20, Route 505",,Sainte-Anne-de-Kent,Kent,E4S 1K3,"Maternelle, 1-8",French,Français,http://calixte-f-savoie.nbed.nb.ca,1957,POINT (-64.7729900503997 46.55203996873261),46.55203996873261,-64.7729900503997,1,1,1,0
4056,ASD-N,Anglophone,Eleanor W. Graham Middle School,9 California Road,,Rexton,Kent,E4W 1W7,6-8,"English, French Immersion","Anglais, Immersion française",http://EWGMS.nbed.nb.ca,2010,POINT (-64.8643667539081 46.63785621367075),46.63785621367075,-64.8643667539081,,1,1,0
2003,ASD-S,Anglophone,Barnhill Memorial School,750 Manawagonish Road,,Saint John,Saint John,E2M 3W5,6-8,"English, French Immersion","Anglais, Immersion française",http://barnhill.nbed.nb.ca,1952,POINT (-66.10372144298377 45.25455711509874),45.25455711509874,-66.10372144298377,,1,1,0
2005,ASD-S,Anglophone,Beaconsfield Middle School,630 Fundy Drive,,Saint John,Saint John,E2M 2S5,6-8,"English, French Immersion","Anglais, Immersion française",http://bms.nbed.nb.ca,1957,POINT (-66.07796074499925 45.25084760917505),45.25084760917504,-66.07796074499925,,1,1,0
2057,ASD-S,Anglophone,Saint Rose School,700 Manawagonish Road,,Saint John,Saint John,E2M 3W5,"Kindergarten, 1-5",English,Anglais,http://saintrose.nbed.nb.ca,1960,POINT (-66.10286231141032 45.25558379791046),45.25558379791046,-66.10286231141032,1,1,0,0
2070,ASD-S,Anglophone,Island View School,496 Ridge Row,,Saint John,Saint John,E2M 4A1,"Kindergarten, 1-5","English, French Immersion","Anglais, Immersion française",http://islandview.nbed.nb.ca,1972,POINT (-66.1289054339031 45.23657978671765),45.23657978671764,-66.1289054339031,1,1,0,0
2104,ASD-S,Anglophone,Deer Island Community School,711 Route 772,,Fairhaven,Charlotte,E5V 1T1,"Kindergarten, 1-8",English,Anglais,http://dics.nbed.nb.ca,1986,POINT (-66.98494317493304 44.97917572141308),44.97917572141308,-66.98494317493304,1,1,1,0
2206,ASD-S,Anglophone,White Head Elementary School,278 White Head Road,,White Head Island,Charlotte,E5G 1K6,"Kindergarten, 1-4",English,Anglais,,1971,POINT (-66.71078552615157 44.63644772430659),44.63644772430659,-66.71078552615157,1,1,0,0
2201,ASD-S,Anglophone,Grand Manan Community School,1144 Route 776,,Grand Manan,Charlotte,E5G 4E8,"Kindergarten, 1-12",English,Anglais,http://gmcs.nbed.nb.ca,1965,POINT (-66.76576492254023 44.68769021933156),44.68769021933156,-66.76576492254023,1,1,1,1
2101,ASD-S,Anglophone,Back Bay Elementary School,980 Route 172,,Back Bay,Charlotte,E5C 1Y1,"Kindergarten, 1-5",English,Anglais,http://bbes.nbed.nb.ca,1948,POINT (-66.87245924382303 45.05634728409741),45.056347284097406,-66.87245924382303,1,1,0,0
2111,ASD-S,Anglophone,Fundy Middle and High School,44 Mount Pleasant Road,,St. George,Charlotte,E5C 3K4,6-12,"English, French Immersion","Anglais, Immersion française",http://fundyhs.nbed.nb.ca,1977,POINT (-66.80980468762559 45.12519922217695),45.12519922217695,-66.80980468762559,,1,1,1
2110,ASD-S,Anglophone,St. George Elementary School,118 Brunswick Street,,St. George,Charlotte,E5C 1A9,"Kindergarten, 1-5","English, French Immersion","Anglais, Immersion française",http://sges.nbed.nb.ca,1949,POINT (-66.8339054634786 45.12885420636432),45.128854206364316,-66.8339054634786,1,1,0,0
2103,ASD-S,Anglophone,Blacks Harbour School,800 Main Street,,Blacks Harbour,Charlotte,E5H 1E6,"Kindergarten, 1-5",English,Anglais,http://bhs.nbed.nb.ca,1953,POINT (-66.78590669662522 45.05720853705964),45.057208537059644,-66.78590669662522,1,1,0,0
2074,ASD-S,Anglophone,Fundy Shores School,1095 Route 790,,Dipper Harbour,Saint John,E5J 1W4,"Kindergarten, 1-5",English,Anglais,http://fundyshores.nbed.nb.ca,1988,POINT (-66.45299029415972 45.09612322624149),45.096123226241495,-66.45299029415972,1,1,0,0
2023,ASD-S,Anglophone,Morna Heights School,80 Chalmer Drive,,Saint John,Saint John,E2M 6M9,"Kindergarten, 1-5",English,Anglais,http://mornaheights.nbed.nb.ca,1963,POINT (-66.16829732558207 45.29020369159915),45.29020369159914,-66.16829732558206,1,1,0,0
2052,ASD-S,Anglophone,St. Martins School,69 Main Street,,St. Martins,Saint John,E5R 1B4,"Kindergarten, 1-5",English,Anglais,http://stmartins.nbed.nb.ca,1973,POINT (-65.55193721101745 45.3507562341753),45.3507562341753,-65.55193721101746,1,1,0,0
1801,ASD-S,Anglophone,Apohaqui Elementary School,23 Foster Avenue West,,Apohaqui,Kings,E5P 3M9,"Kindergarten, 1-5",English,Anglais,http://apohaqui.nbed.nb.ca,1964,POINT (-65.60253509377512 45.69906917302313),45.699069173023126,-65.60253509377512,1,1,0,0
1817,ASD-S,Anglophone,Sussex Elementary School,25 Duke Street,,Sussex,Kings,E4E 1P8,"Kindergarten, 1-5","English, French Immersion","Anglais, Immersion française",http://sussexelementary.nbed.nb.ca,1962,POINT (-65.51688488345766 45.72518651860532),45.72518651860532,-65.51688488345766,1,1,0,0
1818,ASD-S,Anglophone,Sussex Regional High School,55 Leonard Drive,,Sussex,Kings,E4E 2P8,9-12,"English, French Immersion","Anglais, Immersion française",http://sussexhigh.nbed.nb.ca/,1979,POINT (-65.4924946022842 45.72541644972188),45.72541644972188,-65.4924946022842,,0,1,1
1820,ASD-S,Anglophone,Sussex Middle School,49 Bryant Drive,,Sussex,Kings,E4E 2P2,6-8,"English, French Immersion","Anglais, Immersion française",http://sussexmiddle.nbed.nb.ca,1991,POINT (-65.48649759252329 45.72429640191987),45.72429640191987,-65.48649759252329,,1,1,0
1819,ASD-S,Anglophone,Sussex Corner Elementary School,12 Dutch Valley Road,,Sussex Corner,Kings,E4E 2Y1,"Kindergarten, 1-5","English, French Immersion","Anglais, Immersion française",http://sussexcorner.nbed.nb.ca,1980,POINT (-65.47688980960417 45.70558863560776),45.70558863560776,-65.47688980960417,1,1,0,0
2639,ASD-W,Anglophone,New Maryland Elementary School,75 Clover Street,,New Maryland,York,E3C 1C5,"Kindergarten, 1-5","English, French Immersion","Anglais, Immersion française",http://nmes.nbed.nb.ca,1994,POINT (-66.69274437363859 45.89659150656926),45.89659150656926,-66.69274437363859,1,1,0,0
2505,ASD-W,Anglophone,Sunbury West School,5 Pride's Landing Road,,Fredericton Junction,Sunbury,E5L 1Y1,"Kindergarten, 1-8","English, French Immersion","Anglais, Immersion française",http://sunburywest.nbed.nb.ca,1991,POINT (-66.60595653350849 45.65856226151551),45.65856226151551,-66.60595653350849,1,1,1,0
2503,ASD-W,Anglophone,Geary Elementary Community School,16 Lauvina Bye Road,,Geary,Sunbury,E2V 3Y1,"Kindergarten, 1-5",English,Anglais,http://geary.nbed.nb.ca,1955,POINT (-66.47442407553473 45.76843146260084),45.76843146260085,-66.47442407553473,1,1,0,0
3823,ASD-N,Anglophone,Sugarloaf Senior High School,201 Dover Street,,Campbellton,Restigouche,E3N 1R3,9-12,"English, French Immersion","Anglais, Immersion française",http://sugarloaf.nbed.nb.ca,1976,POINT (-66.67590162402952 47.99867401616906),47.99867401616906,-66.67590162402952,,0,1,1
3803,ASD-N,Anglophone,Lord Beaverbrook School,113 Arran Street,,Campbellton,Restigouche,E3N 1M1,"Kindergarten, 1-4","English, French Immersion","Anglais, Immersion française",http://lbs.nbed.nb.ca/,1959,POINT (-66.68000588935381 48.00039338823651),48.0003933882365,-66.68000588935381,1,1,0,0
3806,ASD-N,Anglophone,Campbellton Middle School,80 Arran Street,,Campbellton,Restigouche,E3N 1L7,5-8,"English, French Immersion","Anglais, Immersion française",http://cms.nbed.nb.ca,1925,POINT (-66.67230102005738 48.00115645998979),48.00115645998979,-66.67230102005739,,1,1,0
3722,DSF-NE,Francophone,Polyvalente Roland-Pépin,"45A, rue du Village",C.P. 220,Campbellton,Restigouche,E3N 3G4,9-12,French,Français,http://rolandpepin.wordpress.com,1968,POINT (-66.6629749683332 47.997295975712),47.99729597571201,-66.6629749683332,,0,1,1
3511,DSF-NE,Francophone,Académie Notre-Dame,"357, rue Grey",,Dalhousie,Restigouche,E8C 1W6,"Maternelle, 1-8",French,Français,http://academienotredame.wordpress.com,1936,POINT (-66.36932307559088 48.06265439722133),48.06265439722133,-66.36932307559088,1,1,1,0
3516,DSF-NE,Francophone,Aux quatre vents,"499, promenade Les Jeux du Canada",,Dalhousie,Restigouche,E8C 1V6,9-12,French,Français,http://blogueaqv.com,1983,POINT (-66.39609372493241 48.05870573368553),48.05870573368553,-66.3960937249324,,0,1,1
3615,ASD-N,Anglophone,Dalhousie Regional High School,500 Canada Games Drive,,Dalhousie,Restigouche,E8C 2P5,6-12,"English, French Immersion","Anglais, Immersion française",http://drhs.nbed.nb.ca,1970,POINT (-66.38229682049949 48.05906139926474),48.05906139926475,-66.38229682049949,,1,1,1
3613,ASD-N,Anglophone,L.E. Reinsborough School,390 Adelaide Street,,Dalhousie,Restigouche,E8C 3C4,"Kindergarten, 1-5","English, French Immersion","Anglais, Immersion française",http://ler.nbed.nb.ca,1920,POINT (-66.37367303962216 48.06462859650722),48.06462859650721,-66.37367303962215,1,1,0,0
3517,DSF-NE,Francophone,La Mosaïque du Nord,"385, avenue des Pionniers",,Balmoral,Restigouche,E8E 1B2,"Maternelle, 1-8",French,Français,http://mosaiquedunord.wordpress.com,2011,POINT (-66.43313202344541 47.99773676733515),47.99773676733515,-66.43313202344541,1,1,1,0
4125,DSF-NE,Francophone,La Croisée,"1341, chemin Robertville",,Robertville,Gloucester,E8K 2V9,"Maternelle, 1-8",French,Français,http://lacroisee.nbed.nb.ca,1949,POINT (-65.77202488880758 47.69618851412402),47.696188514124024,-65.77202488880758,1,1,1,0
4114,DSF-NE,Francophone,Le Tournesol,"63, rue LaPlante est",,Petit-Rocher,Gloucester,E8J 1H4,"Maternelle, 1-3",French,Français,http://letournesol.nbed.nb.ca,1949,POINT (-65.71595169480273 47.78205155815643),47.78205155815643,-65.71595169480273,1,1,0,0
4158,DSF-NE,Francophone,Le Domaine Étudiant,"636, rue Principale",,Petit-Rocher,Gloucester,E8J 1T7,4-8,French,Français,http://de.nbed.nb.ca/,1977,POINT (-65.72039911527719 47.77962169822769),47.77962169822769,-65.72039911527719,,1,1,0
3601,ASD-N,Anglophone,Jacquet River School,3970 Main Street,,Belledune,Restigouche,E8G 2P1,"Kindergarten, 1-8",English,Anglais,http://jacquet-river-school.nbed.nb.ca,1967,POINT (-66.00494360569756 47.91814594889031),47.91814594889031,-66.00494360569756,1,1,1,0
4157,DSF-NE,Francophone,Carrefour Étudiant,"795, rue École",,Beresford,Gloucester,E8K 1V4,"Maternelle, 1-8",French,Français,http://carrefouretudiant.nbed.nb.ca,1977,POINT (-65.70233614046099 47.70546208556934),47.705462085569344,-65.702336140461,1,1,1,0
4207,ASD-N,Anglophone,Superior Middle School,560 Duke Street,,Bathurst,Gloucester,E2A 2X5,6-8,"English, French Immersion","Anglais, Immersion française",http://superiormiddleschool.nbed.nb.ca,1988,POINT (-65.66877269084958 47.62185262475356),47.62185262475357,-65.66877269084958,,1,1,0
4260,ASD-N,Anglophone,Parkwood Heights Elementary School,1125 Highland Avenue,,Bathurst,Gloucester,E2A 4P7,"Kindergarten, 1-5","English, French Immersion","Anglais, Immersion française",http://parkwood.nbed.nb.ca,1981,POINT (-65.69519926630754 47.63381966703353),47.63381966703354,-65.69519926630754,1,1,0,0
4156,DSF-NE,Francophone,École secondaire Népisiguit,"915, rue Sainte-Anne",,Bathurst,Gloucester,E2A 6X1,9-12,French,Français,http://esn.nbed.nb.ca,1970,POINT (-65.68391991660907 47.625376381941),47.625376381941,-65.68391991660907,,0,1,1
4159,DSF-NE,Francophone,Place-des-Jeunes,"975, rue Sainte-Anne",,Bathurst,Gloucester,E2A 6X1,6-8,French,Français,http://pdj.nbed.nb.ca,1986,POINT (-65.68564989229169 47.62540100501443),47.62540100501443,-65.68564989229169,,1,1,0
4161,DSF-NE,Francophone,Cité de l'Amitié,"1300, avenue St-Joseph",,Bathurst,Gloucester,E2A 3R5,"Maternelle, 1-5",French,Français,http://citedelamitie.wordpress.com,1994,POINT (-65.68588033378529 47.63769337775403),47.63769337775402,-65.68588033378529,1,1,0,0
858,ASD-N,Anglophone,Gretna Green School,15 Gretna Green Drive,,Miramichi,Northumberland,E1V 5V6,"Kindergarten, 1-8","English, French Immersion","Anglais, Immersion française",http://gretnagreen.nbed.nb.ca,1980,POINT (-65.52145009745345 47.02630683237894),47.02630683237894,-65.52145009745345,1,1,1,0
859,ASD-N,Anglophone,North & South Esk Elementary School,36 Northwest Road,,Sunny Corner,Northumberland,E9E 1J4,"Kindergarten, 1-6","English, French Immersion","Anglais, Immersion française",http://nsee.nbed.nb.ca,1983,POINT (-65.81616195254118 46.94924735945396),46.94924735945396,-65.81616195254118,1,1,0,0
825,ASD-N,Anglophone,North & South Esk Regional High School,40 Northwest Road,,Sunny Corner,Northumberland,E9E 1J4,7-12,English,Anglais,http://nser.nbed.nb.ca,1992,POINT (-65.81339273926264 46.95161640289339),46.95161640289338,-65.81339273926264,,0,1,1
752,DSF-NE,Francophone,École René-Chouinard,"3, chemin Drisdelle Settlement",,Lagaceville,Northumberland,E9G 2N3,"Maternelle, 1-8",French,Français,http://renechouinard.nbed.nb.ca,1986,POINT (-65.18264634838221 47.22733622570683),47.22733622570683,-65.1826463483822,1,1,1,0
761,DSF-NE,Francophone,Centre scolaire communautaire La fontaine,"700, rue Principale",,Néguac,Northumberland,E9G 1N4,"Maternelle, 1-12",French,Français,http://cslf.nbed.nb.ca/,1993,POINT (-65.0802669523121 47.24294178159586),47.24294178159586,-65.0802669523121,1,1,1,1
802,ASD-N,Anglophone,Tabusintac Community School,66 Hierlihy Road,,Tabusintac,Northumberland,E9H 1Z1,"Kindergarten, 1-8",English,Anglais,http://tabusintacschool.nbed.nb.ca,2013,POINT (-65.01890460613853 47.33092578881713),47.330925788817126,-65.01890460613853,1,1,1,0
1025,ASD-N,Anglophone,Dr. Losier Middle School,124 Henderson Street,,Miramichi,Northumberland,E1N 2S2,6-8,"English, French Immersion","Anglais, Immersion française",http://drlosier.nbed.nb.ca,1983,POINT (-65.45945882979915 47.02436167430488),47.024361674304885,-65.45945882979915,,1,1,0
1020,ASD-N,Anglophone,James M. Hill Memorial High School,128 Henderson Street,,Miramichi,Northumberland,E1N 2S2,9-12,"English, French Immersion","Anglais, Immersion française",http://jmh.nbed.nb.ca,1970,POINT (-65.45678522302047 47.02298063726256),47.02298063726256,-65.45678522302046,,0,1,1
811,ASD-N,Anglophone,Miramichi Valley High School,345 McKenna Avenue,,Miramichi,Northumberland,E1V 3S9,9-12,"English, French Immersion","Anglais, Immersion française",http://mvhs.nbed.nb.ca,1972,POINT (-65.58305679208847 47.00679268513441),47.00679268513442,-65.58305679208847,,0,1,1
5301,DSF-S,Francophone,École Carrefour Beausoleil,"300, chemin Beaverbrook",,Miramichi,Northumberland,E1V 1A1,"Maternelle, 1-12",French,Français,http://beausoleil.nbed.nb.ca,1985,POINT (-65.58770728945319 47.00895988439642),47.00895988439642,-65.58770728945319,1,1,1,1
1017,ASD-N,Anglophone,Nelson Rural School,26 St. Patricks Drive,,Miramichi,Northumberland,E1N 5T9,"Kindergarten, 1-8","English, French Immersion","Anglais, Immersion française",http://nelsonrural.nbed.nb.ca,1994,POINT (-65.55416048616092 46.97877687584204),46.97877687584204,-65.55416048616091,1,1,1,0
1357,DSF-S,Francophone,École Anna-Malenfant,"500, rue Centrale Nord",,Dieppe,Westmorland,E1A 6V7,"Maternelle, 1-5",French,Français,http://anna-malenfant.nbed.nb.ca,1992,POINT (-64.71849095325527 46.08587699357408),46.085876993574075,-64.71849095325527,1,1,0,0
1358,DSF-S,Francophone,École Grande-Digue,"365, Route 530",,Grande-Digue,Kent,E4R 5C8,"Maternelle, 1-8",French,Français,http://grande-digue.nbed.nb.ca,1984,POINT (-64.56745208142962 46.29382243408431),46.29382243408431,-64.56745208142962,1,1,1,0
1553,ASD-E,Anglophone,Shediac Cape School,3375 Route 134,,Shediac Cape,Westmorland,E4P 3G4,"Kindergarten, 1-8","English, French Immersion","Anglais, Immersion française",http://shediaccape.nbed.nb.ca,1997,POINT (-64.56712976940346 46.2337064570555),46.233706457055504,-64.56712976940345,1,1,1,0
1348,DSF-S,Francophone,École Amirault,"401, chemin Melanson",,Dieppe,Westmorland,E1A 1A5,"Maternelle, 1-2",French,Français,http://amirault.nbed.nb.ca,1969,POINT (-64.71800920403926 46.0696097518852),46.0696097518852,-64.71800920403926,1,1,0,0
1335,DSF-S,Francophone,École Sainte-Thérèse,"500, rue Notre-Dame",,Dieppe,Westmorland,E1A 5C2,"Maternelle, 1-5",French,Français,http://ste-therese.nbed.nb.ca,2010,POINT (-64.75013473468829 46.09794819447841),46.097948194478406,-64.75013473468829,1,1,0,0
1355,DSF-S,Francophone,École Mathieu-Martin,"511, rue Champlain",,Dieppe,Westmorland,E1A 1P2,9-12,French,Français,http://mathieumartin.nbed.nb.ca,1971,POINT (-64.7339326430009 46.09993137782612),46.09993137782614,-64.7339326430009,,0,1,1
1574,ASD-E,Anglophone,Lou MacNarin School,555 Gauvin Road,,Dieppe,Westmorland,E1A 1M7,"Kindergarten, 1-5","English, French Immersion","Anglais, Immersion française",http://loumacnarin.nbed.nb.ca,1995,POINT (-64.73258020467823 46.09776082012041),46.09776082012041,-64.73258020467823,1,1,0,0
1361,DSF-S,Francophone,École Carrefour de l'Acadie,"515, rue Champlain",,Dieppe,Westmorland,E1A 1P2,6-8,French,Français,http://carrefourdelacadie.nbed.nb.ca,2006,POINT (-64.73254819538892 46.10066186268548),46.10066186268549,-64.73254819538892,,1,1,0
2522,ASD-W,Anglophone,Gagetown School,6 Loomcroft Lane,,Gagetown,Queens,E5M 1H2,"Kindergarten, 1-8",English,Anglais,http://gagetown.nbed.nb.ca,1960,POINT (-66.14362680243369 45.7765360785529),45.776536078552894,-66.14362680243369,1,1,1,0
2501,ASD-W,Anglophone,Burton Elementary School,412 Route 102 Hwy,,Burton,Sunbury,E2V 3C7,"Kindergarten, 1-2",English,Anglais,http://burton.nbed.nb.ca,1961,POINT (-66.37058677196771 45.87526162953748),45.875261629537476,-66.37058677196771,1,1,0,0
2412,ASD-W,Anglophone,Cambridge-Narrows Community School,2158 Lakeview Road,,Cambridge-Narrows,Queens,E4C 1N8,"Kindergarten, 1-12",English,Anglais,http://cns.nbed.nb.ca,1987,POINT (-65.9532168588954 45.83714311629495),45.83714311629495,-65.9532168588954,1,1,1,1
1604,ASD-E,Anglophone,Petitcodiac Regional School,1 Corey Avenue,P.O. Box 2502,Petitcodiac,Westmorland,E4Z 6H4,"Kindergarten, 1-12","English, French Immersion","Anglais, Immersion française",http://prs.nbed.nb.ca,1949,POINT (-65.1794600520453 45.93415388463836),45.934153884638356,-65.1794600520453,1,1,1,1
1602,ASD-E,Anglophone,Havelock School,4530 Route 880,,Havelock,Kings,E4Z 5K6,"Kindergarten, 1-5",English,Anglais,http://havelock.nbed.nb.ca/,2006,POINT (-65.31680138377396 45.99291066542862),45.99291066542862,-65.31680138377395,1,1,0,0
1921,ASD-S,Anglophone,Hampton Middle School,11 School Street,P.O. Box 250,Hampton,Kings,E5N 6B1,6-8,"English, French Immersion","Anglais, Immersion française",http://hamptonmiddle.nbed.nb.ca,1956,POINT (-65.83074472322951 45.5335355384288),45.533535538428794,-65.8307447232295,,1,1,0
1939,ASD-S,Anglophone,Hampton Elementary School,82 School Street,,Hampton,Kings,E5N 6B2,2-5,"English, French Immersion","Anglais, Immersion française",http://Hampton-Elementary.nbed.nb.ca,1969,POINT (-65.82772423521929 45.53399635113921),45.53399635113921,-65.82772423521929,,1,0,0
1940,ASD-S,Anglophone,Dr. A. T. Leatherbarrow Primary School,122 School Street,,Hampton,Kings,E5N 6B2,"Kindergarten, 1-2","English, French Immersion","Anglais, Immersion française",http://leatherbarrow.nbed.nb.ca,1974,POINT (-65.82820132571729 45.53607674211234),45.53607674211234,-65.82820132571729,1,1,0,0
1947,ASD-S,Anglophone,Hampton High School,34 Elizabeth Avenue,,Hampton,Kings,E5N 5P7,9-12,"English, French Immersion","Anglais, Immersion française",http://www.Hamptonhigh.ca,1992,POINT (-65.83835575241356 45.51800715975951),45.51800715975951,-65.83835575241356,,0,1,1
1944,ASD-S,Anglophone,Hammond River Valley Elementary School,1759 Route 860,P.O. Box 1062,Hampton,Kings,E5N 8H1,"Kindergarten, 1-5",English,Anglais,http://hrves.nbed.nb.ca,1982,POINT (-65.75258178147796 45.48619669046689),45.48619669046689,-65.75258178147796,1,1,0,0
2622,ASD-W,Anglophone,McAdam Avenue School,129 McAdam Avenue,,Fredericton,York,E3A 1G7,"Kindergarten, 1-5",English,Anglais,http://maes.nbed.nb.ca,1962,POINT (-66.67646493935788 45.98162408509485),45.98162408509485,-66.67646493935788,1,1,0,0
2636,ASD-W,Anglophone,Nashwaaksis Middle School,324 Fulton Avenue,,Fredericton,York,E3A 5J4,6-8,"English, French Immersion","Anglais, Immersion française",http://nasismiddle.nbed.nb.ca,1976,POINT (-66.64290940513943 45.98520662096192),45.985206620961925,-66.64290940513942,,1,1,0
2621,ASD-W,Anglophone,Nashwaaksis Memorial School,80 Main Street,,Fredericton,York,E3A 1C4,"Kindergarten, 1-5","English, French Immersion","Anglais, Immersion française",http://nms.nbed.nb.ca,1948,POINT (-66.65996237397593 45.98062975017958),45.980629750179574,-66.65996237397593,1,1,0,0
2623,ASD-W,Anglophone,Park Street Elementary School,111 Park Street,,Fredericton,York,E3A 2J6,"Kindergarten, 1-5","English, French Immersion","Anglais, Immersion française",http://parkstreet.nbed.nb.ca,1960,POINT (-66.6469416587297 45.98099794122525),45.980997941225255,-66.6469416587297,1,1,0,0
2605,ASD-W,Anglophone,Devon Middle School,681 Dobie Street,,Fredericton,York,E3A 2Z2,6-8,"English, French Immersion","Anglais, Immersion française",http://devonmiddle.nbed.nb.ca,1952,POINT (-66.62463528678548 45.96809409669811),45.96809409669811,-66.62463528678548,,1,1,0
2640,ASD-W,Anglophone,Leo Hayes High School,499 Cliffe Street,,Fredericton,York,E3A 9P5,9-12,"English, French Immersion","Anglais, Immersion française",http://leohayeshigh.nbed.nb.ca,2000,POINT (-66.62173885771884 45.97900255273115),45.97900255273115,-66.62173885771884,,0,1,1
3215,DSF-NO,Francophone,École Grande-Rivière,"40, rue de l'École",,Saint-Léonard,Madawaska,E7E 1Y6,"Maternelle, 1-12",French,Français,http://egr.nbed.nb.ca,2003,POINT (-67.92762012837316 47.16312206049954),47.16312206049953,-67.92762012837315,1,1,1,1
5001,ASD-W,Anglophone,John Caldwell School,130 Victoria Street,,Grand-Sault/Grand Falls,Victoria,E3Z 3B7,"Kindergarten, 1-12","English, French Immersion","Anglais, Immersion française",http://jcs.nbed.nb.ca,1990,POINT (-67.73599067508509 47.04818892232608),47.04818892232608,-67.73599067508509,1,1,1,1
3205,DSF-NO,Francophone,École Mgr-Lang,"1365, rue Tobique",,Drummond,Victoria,E3Y 2P4,"Maternelle, 1-6",French,Français,http://ecolemgrlang.nbed.nb.ca,1962,POINT (-67.68935873422598 47.04007614262225),47.040076142622254,-67.68935873422598,1,1,0,0
3211,DSF-NO,Francophone,Régionale-de-Saint-André,"477, rue de l'Église",,Saint-André,Madawaska,E3Y 2Y2,"Maternelle, 1-6",French,Français,http://ersa.nbed.nb.ca/,1953,POINT (-67.76600203394293 47.10063074691308),47.10063074691308,-67.76600203394293,1,1,0,0
3218,DSF-NO,Francophone,Élémentaire Sacré-Coeur,"689, boul. Éverard H. Daigle",,Grand-Sault/Grand Falls,Victoria,E3Z 3C5,"Maternelle, 1-6",French,Français,http://esc.nbed.nb.ca,1988,POINT (-67.75787411643265 47.04475238473578),47.04475238473579,-67.75787411643265,1,1,0,0
3217,DSF-NO,Francophone,Polyvalente Thomas-Albert,"215, rue Guimont",,Grand-Sault/Grand Falls,Victoria,E3Y 1C7,7-12,French,Français,http://pta.nbed.nb.ca,1969,POINT (-67.73055211040605 47.05667507362845),47.056675073628455,-67.73055211040605,,0,1,1
118,DSF-NO,Francophone,Polyvalente A.-J.-Savoie,"210, rue Mgr Martin E",,Saint-Quentin,Restigouche,E8A 1W1,7-12,French,Français,http://pajs.nbed.nb.ca,1971,POINT (-67.38529758527592 47.51547066358678),47.515470663586775,-67.38529758527592,,0,1,1
101,DSF-NO,Francophone,École Mgr-Martin,"15, rue Deschênes",,Saint-Quentin,Restigouche,E8A 1M2,"Maternelle, 1-6",French,Français,http://ecolemgr-martin.nbed.nb.ca,1959,POINT (-67.38903915981892 47.51058783310589),47.510587833105895,-67.38903915981892,1,1,0,0
109,DSF-NO,Francophone,École Marie-Gaétane,"16, rue Fraser",,Kedgwick,Restigouche,E8B 1E6,"Maternelle, 1-12",French,Français,http://emg.nbed.nb.ca,1974,POINT (-67.34705522657171 47.64772909994429),47.647729099944286,-67.34705522657171,1,1,1,1
2068,ASD-S,Anglophone,Grand Bay Primary School,92 Woolastook Drive,,Grand Bay-Westfield,Kings,E5K 1S4,"Kindergarten, 1-2","English, French Immersion","Anglais, Immersion française",http://gbp.nbed.nb.ca,1947,POINT (-66.1956280287271 45.31391838123866),45.31391838123866,-66.1956280287271,1,1,0,0
2016,ASD-S,Anglophone,Inglewood School,10 School Street,,Grand Bay-Westfield,Kings,E5K 1R6,3-5,"English, French Immersion","Anglais, Immersion française",http://inglewood.nbed.nb.ca/,1960,POINT (-66.19726747520133 45.30999179865788),45.30999179865788,-66.19726747520133,,1,0,0
2072,ASD-S,Anglophone,River Valley Middle School,33 Epworth Park Road,,Grand Bay-Westfield,Kings,E5K 1W1,6-8,"English, French Immersion","Anglais, Immersion française",http://rvms.nbed.nb.ca,1976,POINT (-66.19845674794523 45.32131131969338),45.321311319693386,-66.19845674794523,,1,1,0
2062,ASD-S,Anglophone,Westfield School,147 Nerepis Road,,Grand Bay-Westfield,Kings,E5K 2Z5,"Kindergarten, 1-5","English, French Immersion","Anglais, Immersion française",http://westfieldelem.nbed.nb.ca,1951,POINT (-66.22470976737476 45.34321542633956),45.34321542633956,-66.22470976737475,1,1,0,0
1811,ASD-S,Anglophone,Norton Elementary School,274 Route 124,P.O. Box 333,Norton,Kings,E5T 1J7,"Kindergarten, 1-5",English,Anglais,http://norton.nbed.nb.ca,1923,POINT (-65.70058731691526 45.64071459914231),45.64071459914231,-65.70058731691526,1,1,0,0
1945,ASD-S,Anglophone,Belleisle Regional High School,1800 Route 124,,"Springfield,Kings County",Kings,E5T 2K2,6-12,"English, French Immersion","Anglais, Immersion française",http://belleisleregional.nbed.nb.ca,1983,POINT (-65.8324147301643 45.67102010940919),45.67102010940919,-65.8324147301643,,1,1,1
1938,ASD-S,Anglophone,Belleisle Elementary School,1775 Route 124,,"Springfield,Kings County",Kings,E5T 2J9,"Kindergarten, 1-5",English,Anglais,http://belleisleelementary.nbed.nb.ca,1969,POINT (-65.82841096170291 45.67029953997991),45.67029953997992,-65.82841096170291,1,1,0,0
1925,ASD-S,Anglophone,Macdonald Consolidated School,3950 Route 845,,Kingston,Kings,E5N 1E9,"Kindergarten, 1-8","English, French Immersion","Anglais, Immersion française",http://macdonald.nbed.nb.ca,1981,POINT (-65.97503981477615 45.50213974453163),45.502139744531625,-65.97503981477614,1,1,1,0
2642,ASD-W,Anglophone,Gibson-Neill Memorial Elementary School,67 Wyngate Drive,,Fredericton,York,E3A 6G1,"Kindergarten, 1-5","English, French Immersion","Anglais, Immersion française",http://gnmes.nbed.nb.ca,2013,POINT (-66.60705115431129 45.9811246320868),45.981124632086804,-66.60705115431128,1,1,0,0
5139,DSF-S,Francophone,École Les Éclaireurs,"160, promenade Eco Terra",,Fredericton,York,E3A 9M1,"Maternelle, 1-8",French,Français,,2015,POINT (-66.61731716064939 45.97101802181748),45.97101802181747,-66.61731716064939,1,1,1,0
625,DSF-NE,Francophone,École L'Étincelle,"70, rue de l'Église",,Sainte-Marie-Saint-Raphaël,Gloucester,E8T 1N8,"Maternelle, 1-8",French,Français,http://etincelle.nbed.nb.ca,1982,POINT (-64.56820582027267 47.80130494158906),47.80130494158906,-64.56820582027268,1,1,1,0
604,DSF-NE,Francophone,École Soeur-Saint-Alexandre,"65, rue de l'École",,Lamèque,Gloucester,E8T 1B7,"Maternelle, 1-8",French,Français,http://sr-saint-alexandre.nbed.nb.ca/,2001,POINT (-64.6485124762584 47.79622593840789),47.796225938407886,-64.6485124762584,1,1,1,0
627,DSF-NE,Francophone,École L'Envolée,"135, rue de l'École",,Shippagan,Gloucester,E8S 1V5,"Maternelle, 1-8",French,Français,http://envolee.nbed.nb.ca,1992,POINT (-64.73078345170745 47.73898351449434),47.73898351449434,-64.73078345170745,1,1,1,0
601,DSF-NE,Francophone,École Marie-Esther,"201, rue Hôtel de Ville",,Shippagan,Gloucester,E8S 1L1,9-12,French,Français,http://eme.nbed.nb.ca,1970,POINT (-64.7169797402281 47.74039713331288),47.74039713331288,-64.7169797402281,,0,1,1
609,DSF-NE,Francophone,École La-Rivière,"11291, Route 11",,Pokemouche,Gloucester,E8P 1H9,"Maternelle, 1-8",French,Français,http://lariviere.nbed.nb.ca,1964,POINT (-64.87660304471538 47.66616321035008),47.66616321035009,-64.87660304471538,1,1,1,0
2407,ASD-W,Anglophone,Minto Memorial High School,126 Park Street,,Minto,Queens,E4B 3K9,9-12,English,Anglais,http://mintomemorial.nbed.nb.ca,1949,POINT (-66.0642243559878 46.07733058428979),46.07733058428979,-66.06422435598779,,0,1,1
2411,ASD-W,Anglophone,Minto Elementary Middle School,42 Cedar Street,,Minto,Queens,E4B 2Z9,"Kindergarten, 1-8","English, French Immersion","Anglais, Immersion française",http://mems.nbed.nb.ca/,1980,POINT (-66.04638075981485 46.08508376992805),46.08508376992805,-66.04638075981485,1,1,1,0
2404,ASD-W,Anglophone,Chipman Elementary School,159 Bridge Street,,Chipman,Queens,E4A 1R8,"Kindergarten, 1-5",English,Anglais,http://chipman.nbed.nb.ca,1967,POINT (-65.88998205030445 46.18158919234684),46.18158919234684,-65.88998205030445,1,1,0,0
2413,ASD-W,Anglophone,Chipman Forest Avenue School,33 Forest Avenue,,Chipman,Queens,E4A 1Z8,6-12,English,Anglais,http://cfasnewsnet.nbed.nb.ca,1988,POINT (-65.86748776386327 46.18305737097718),46.18305737097718,-65.86748776386328,,1,1,1
2602,ASD-W,Anglophone,Barkers Point Elementary School,39 Carmen Avenue,,Fredericton,York,E3A 3W9,"Kindergarten, 1-5","English, French Immersion","Anglais, Immersion française",http://bps.nbed.nb.ca,1946,POINT (-66.61796852122096 45.95246310017283),45.95246310017283,-66.61796852122096,1,1,0,0
3317,DSF-NO,Francophone,École Régionale Saint-Basile,"247, rue Principale",,Saint-Basile,Madawaska,E7C 1H7,"Maternelle, 1-8",French,Français,http://ersb.nbed.nb.ca,2004,POINT (-68.22639963103465 47.35703590999503),47.357035909995034,-68.22639963103465,1,1,1,0
3325,DSF-NO,Francophone,Cité des Jeunes A.-M.-Sormany,"300, rue Martin",,Edmundston,Madawaska,E3V 0G9,9-12,French,Français,http://cdj.nbed.nb.ca,1971,POINT (-68.31023267460388 47.37090629668977),47.370906296689775,-68.31023267460388,,0,1,1
3309,DSF-NO,Francophone,École Notre-Dame,"99, rue Martin",,Edmundston,Madawaska,E3V 2M7,"Maternelle, 1-8",French,Français,http://ecolenotredame.nbed.nb.ca,1940,POINT (-68.323119560286 47.37291867825775),47.37291867825776,-68.323119560286,1,1,1,0
3320,DSF-NO,Francophone,École Mgr-Matthieu-Mazerolle,"4, rue de l'École",,Rivière-Verte,Madawaska,E7C 2R4,"Maternelle, 1-8",French,Français,http://mgrmatthieumazerolle.nbed.nb.ca/,1983,POINT (-68.14144714872727 47.31685741697675),47.31685741697674,-68.14144714872728,1,1,1,0
3321,DSF-NO,Francophone,École Régionale Sainte-Anne,"39, rue St-Joseph",,Sainte-Anne-de-Madawaska,Madawaska,E7E 1K8,"Maternelle, 1-8",French,Français,http://steanne.nbed.nb.ca/,1953,POINT (-68.02898691789834 47.24944372274795),47.249443722747955,-68.02898691789834,1,1,1,0
910,ASD-W,Anglophone,Central New Brunswick Academy,7263 Route 8 Hwy,,"New Bandon, Northumb Co.",Northumberland,E9C 2A7,6-12,English,Anglais,http://cnba.nbed.nb.ca,2010,POINT (-66.29320823844125 46.49861558935991),46.49861558935992,-66.29320823844125,,1,1,1
3905,DSF-S,Francophone,École Régionale de Baie-Sainte-Anne,"5362, Route 117",,Baie-Sainte-Anne,Northumberland,E9A 1V9,"Maternelle, 1-12",French,Français,http://erbsa.nbed.nb.ca,1961,POINT (-64.96553126359503 47.04824557475247),47.048245574752464,-64.96553126359503,1,1,1,1
1013,ASD-N,Anglophone,Miramichi Rural School,7366 Route 117,,Miramichi Bay,Northumberland,E1N 5L7,"Kindergarten, 1-8",English,Anglais,http://miramichirural.nbed.nb.ca,1986,POINT (-65.18139286431337 47.03763125812165),47.03763125812165,-65.18139286431337,1,1,1,0
1014,ASD-N,Anglophone,Napan Elementary School,225 South Napan Road,,Napan,Northumberland,E1N 4W2,"Kindergarten, 1-5",English,Anglais,http://napan.nbed.nb.ca,1962,POINT (-65.40109334865508 47.01561192960464),47.015611929604646,-65.40109334865508,1,1,0,0
839,ASD-N,Anglophone,Millerton Elementary & Junior High School,4711 Route 108 Hwy,,Derby,Northumberland,E1V 5C3,"Kindergarten, 1-8",English,Anglais,http://millertonschool.nbed.nb.ca,1989,POINT (-65.65978535607657 46.88569544668093),46.88569544668093,-65.65978535607657,1,1,1,0
905,ASD-W,Anglophone,Upper Miramichi Elementary School,3460 Route 625,,Boiestown,Northumberland,E6A 1C8,"Kindergarten, 1-5",English,Anglais,http://umes.nbed.nb.ca/,1965,POINT (-66.43401206072822 46.4512244635967),46.45122446359671,-66.43401206072822,1,1,0,0
901,ASD-W,Anglophone,Doaktown Elementary School,430 Main Street,,Doaktown,Northumberland,E9C 1E8,"Kindergarten, 1-5",English,Anglais,http://doaktownelementary.nbed.nb.ca,1953,POINT (-66.12521035613264 46.55655618344338),46.556556183443384,-66.12521035613264,1,1,0,0
843,ASD-N,Anglophone,Blackville School,12 MacLaggan Drive,,Blackville,Northumberland,E9B 1Y4,"Kindergarten, 1-12","English, French Immersion","Anglais, Immersion française",http://blackville.nbed.nb.ca,1974,POINT (-65.83754601496733 46.73972026719301),46.739720267193015,-65.83754601496733,1,1,1,1
2911,ASD-W,Anglophone,Townsview School,122 Lewis P. Fisher Lane,,Woodstock,Carleton,E7M 0G6,"Kindergarten, 1-8","English, French Immersion","Anglais, Immersion française",http://townsview.nbed.nb.ca,2014,POINT (-67.57768529863624 46.15953539238696),46.159535392386964,-67.57768529863624,1,1,1,0
2910,ASD-W,Anglophone,Meduxnekeag Consolidated School,200 School Street,,Woodstock,Carleton,E7M 0G7,"Kindergarten, 1-8","English, French Immersion","Anglais, Immersion française",http://meduxnekeag.nbed.nb.ca,2014,POINT (-67.61958032218926 46.14189984107922),46.141899841079216,-67.61958032218925,1,1,1,0
5202,DSF-S,Francophone,École des Pionniers,"250, chemin Quispamsis",,Quispamsis,Kings,E2E 0R7,"Maternelle, 1-5",French,Français,,2014,POINT (-65.96288798001513 45.42518205706964),45.42518205706965,-65.96288798001514,1,1,0,0
1364,DSF-S,Francophone,École Antonine-Maillet,"1630, boulevard Dieppe",,Dieppe,Westmorland,E1A 8P5,6-8,French,Français,http://ecoleantoninemaillet.nbed.nb.ca/,2018,POINT (-64.68961817545764 46.07286028245717),46.07286028245717,-64.68961817545764,,1,1,0
1579,ASD-E,Anglophone,Maplehurst Middle School,320 Maplehurst Drive,,Moncton,Westmorland,E1G 0E4,6-8,"French, French Immersion","Français, Immersion française",http://maplehurst.nbed.nb.ca/,2019,POINT (-64.87442540679858 46.1158724856609),46.115872485660894,-64.87442540679858,,1,1,0
1948,ASD-S,Anglophone,Chris Saunders Memorial Elementary School,187 Pettingill Road,,Quispamsis,Kings,E2E 3S8,"Kindergarten, 1-5","English, French Immersion","Anglais, Immersion française",http://ChrisSaunders.nbed.nb.ca/,2015,POINT (-65.96983619695216 45.42644963159646),45.42644963159646,-65.96983619695216,1,1,0,0
860,ASD-N,Anglophone,Max Aitken Academy,58 Crocker Cresent,,Miramichi,Northumberland,E1V 3T8,"Kindergarten, 1-8","English, French Immersion","Anglais, Immersion française",http://maa.nbed.nb.ca/,2016,POINT (-65.57747182160382 46.99487236740811),46.994872367408114,-65.57747182160382,1,1,1,0
1334,DSF-S,Francophone,École Champlain,"210, promenade Erinvale",,Moncton,Westmorland,E1A 9T4,"Maternelle, 1-8",French,Français,http://champlain.nbed.nb.ca,2016,POINT (-64.73499593255922 46.12059166605568),46.12059166605568,-64.73499593255923,1,1,1,0
1363,DSF-S,Francophone,École Le Marais,"1620, boulevard Dieppe",,Dieppe,Westmorland,E1A 8P5,3-5,French,Français,http://ecolelemarais.nbed.nb.ca/,2018,POINT (-64.68883198405285 46.07180019462484),46.07180019462484,-64.68883198405285,,1,0,0
1026,ASD-N,Anglophone,King Street Elementary School,101 King Street,,Miramichi,Northumberland,E1N 2N5,"Kindergarten, 1-5","English, French Immersion","Anglais, Immersion française",http://kse.nbed.nb.ca/,2017,POINT (-65.45624157466784 47.02766029747912),47.027660297479116,-65.45624157466784,1,1,0,0
3724,DSF-NE,Francophone,Le Galion des Appalaches,"61, rue Dover",,Campbellton,Restigouche,E3N 1P7,"Maternelle, 1-8",French,Français,,2017,POINT (-66.66512984922007 48.00086892101023),48.00086892101023,-66.66512984922007,1,1,1,0
2075,ASD-S,Anglophone,Seaside Park Elementary School,627 Havelock Street,,Saint John,Saint John,E2M 2V4,"Kindergarten, 1-5","English, French Immersion","Anglais, Immersion française",http://spes.nbed.nb.ca/,2017,POINT (-66.08190595067784 45.249864333615),45.249864333615,-66.08190595067785,1,1,0,0
