OBJECTID;DT_MAJ_GDUNO;CD_ORGNS;NOM_COURT;NOM_OFFCL;ADRS_GEO_L1_GDUNO;ADRS_GEO_L2_GDUNO;CD_MUNCP;NOM_MUNCP;STAT_MUNCP;CD_POSTL_GDUNO;PRESC;PRIM;SEC;FORM_PRO;ADULTE;TYPE_ORGNS;RESEAU;SITE_WEB;CD_ORGNS_RESP;NOM_ORGNS_RESP;COORD_X_LL84;COORD_Y_LL84;ORDRE_ENS;STYLE_CART
42;20201019;024501;Académie Marie-Claire;Académie Marie-Claire;18190, boulevard Elkas;;66102;Kirkland;V;H9J3Y4;0;1;0;0;0;Installation;Privé;www.amcca.ca;024500;Académie Marie-Claire;-73.883374;45.443047;Primaire;2_Priv_Bat_Prim
43;20201019;024502;A. Marie-Claire, C. secondaire;Académie Marie-Claire, Campus secondaire;18190, boulevard Elkas;;66102;Kirkland;V;H9J3Y4;0;0;1;0;0;Installation;Privé;www.amcca.ca;024500;Académie Marie-Claire;-73.883374;45.443047;Secondaire;3_Priv_Bat_Secondaire
46;20201019;025501;Académie Marie-Laurier, Campus Brossard;Académie Marie-Laurier, Campus Brossard;1555, avenue Stravinski;;58007;Brossard;V;J4X2H5;1;1;1;0;0;Installation;Privé;www.marielaurier.com;025500;Académie Marie-Laurier;-73.492023;45.443681;Préscolaire - Primaire - Secondaire;5_Priv_Bat_Presc_Prim_Sec
47;20201019;025502;Académie Marie-Laurier, Campus Longueuil;Académie Marie-Laurier, Campus Longueuil;4410, rue Leckie;;58227;Longueuil;V;J3Y9E7;1;1;0;0;0;Installation;Privé;www.marielaurier.com;025500;Académie Marie-Laurier;-73.432031;45.519258;Préscolaire - Primaire;4_Priv_Bat_Presc_Prim
48;20201019;025503;Ac. Marie-Laurier, Collège Marie-Laurier;Académie Marie-Laurier, Collège Marie-Laurier;4405, rue Leckie;;58227;Longueuil;V;J3Y9E7;0;0;1;0;0;Installation;Privé;www.marielaurier.com;025500;Académie Marie-Laurier;-73.431878;45.51843;Secondaire;3_Priv_Bat_Secondaire
49;20201019;025504;Académie Marie-Laurier, Campus Candiac;Académie Marie-Laurier, Campus Candiac;151, boulevard Jean-Leman;;67020;Candiac;V;J5R4V5;1;1;0;0;0;Installation;Privé;;025500;Académie Marie-Laurier;-73.504814;45.377992;Préscolaire - Primaire;4_Priv_Bat_Presc_Prim
2;20201019;001501;Ac. Antoine Manseau;Académie Antoine Manseau;20, St-Charles-Borromée Sud C.P. 410;;61025;Joliette;V;J6E3Z9;0;0;1;0;0;Installation;Privé;www.amanseau.qc.ca;001500;Académie Antoine Manseau;-73.435402;46.02699;Secondaire;3_Priv_Bat_Secondaire
6;20201019;003501;L'Académie Beth Rivkah pour filles;L'Académie Beth Rivkah pour filles;5001, rue Vézina;;66023;Montréal;V;H3W1C2;1;1;1;0;0;Installation;Privé;;003500;L'Académie Beth Rivkah pour filles;-73.645687;45.494799;Préscolaire - Primaire - Secondaire;5_Priv_Bat_Presc_Prim_Sec
9;20201019;004501;Académie Chrétienne Rive Nord;Académie Chrétienne Rive Nord;790, 18e Avenue;;65005;Laval;V;H7R4P3;1;1;1;0;0;Installation;Privé;;004500;Académie Chrétienne Rive Nord;-73.851856;45.558793;Préscolaire - Primaire - Secondaire;5_Priv_Bat_Presc_Prim_Sec
12;20201019;006501;Académie François-Labelle;Académie François-Labelle;1227, rue Notre-Dame;;60013;Repentigny;V;J5Y3H2;1;1;0;0;0;Installation;Privé;www.academiefrancoislabelle.qc.ca;006500;Académie François-Labelle;-73.407863;45.778173;Préscolaire - Primaire;4_Priv_Bat_Presc_Prim
15;20201019;007501;Académie Ibn Sina, Campus présc. prim.;Académie Ibn Sina, Campus préscolaire et primaire;6500, 39e Avenue;;66023;Montréal;V;H1T2W8;1;1;0;0;0;Installation;Privé;www.ibnsina.ca;007500;Académie Ibn Sina;-73.571898;45.572364;Préscolaire - Primaire;4_Priv_Bat_Presc_Prim
16;20201019;007502;Académie Ibn Sina, Campus secondaire;Académie Ibn Sina, Campus secondaire;12190, avenue Brunet;;66023;Montréal;V;H1G5H2;0;0;1;0;0;Installation;Privé;www.ibnsina.ca;007500;Académie Ibn Sina;-73.635928;45.60964;Secondaire;3_Priv_Bat_Secondaire
20;20201019;009502;Académie Kells, campus secondaire;Académie Kells, campus secondaire;6865, boulevard De Maisonneuve Ouest;;66023;Montréal;V;H4B1T1;0;0;1;0;0;Installation;Privé;www.kells.ca;009500;Académie Kells;-73.631288;45.45948;Secondaire;3_Priv_Bat_Secondaire
21;20201019;009505;Académie Kells, campus présco. et prim.;Académie Kells, campus préscolaire et primaire;2290, boulevard Cavendish;;66023;Montréal;V;H4B2M7;1;1;0;0;0;Installation;Privé;www.kells.ca;009500;Académie Kells;-73.626665;45.462068;Préscolaire - Primaire;4_Priv_Bat_Presc_Prim
22;20201019;009506;Académie Kells;Académie Kells;6645, boulevard de Maisonneuve Ouest;;66023;Montréal;V;H4B2Y3;0;0;1;0;0;Installation;Privé;www.kells.ca;009500;Académie Kells;-73.626486;45.462141;Secondaire;3_Priv_Bat_Secondaire
25;20201019;015501;Académie Kuper, primaire;Académie Kuper, primaire;2, rue Aesop;;66102;Kirkland;V;H9H5G5;0;1;0;0;0;Installation;Privé;www.kuperacademy.ca;015500;Académie Kuper;-73.838803;45.453178;Primaire;2_Priv_Bat_Prim
26;20201019;015502;Académie Kuper, préscolaire et primaire;Académie Kuper, préscolaire et primaire;4, rue Aesop;;66102;Kirkland;V;H9H5G5;1;1;0;0;0;Installation;Privé;www.kuperacademy.ca;015500;Académie Kuper;-73.839193;45.453149;Préscolaire - Primaire;4_Priv_Bat_Presc_Prim
27;20201019;015503;Académie Kuper, secondaire;Académie Kuper, secondaire;2975, rue Edmond;;66102;Kirkland;V;H9H5K5;0;0;1;0;0;Installation;Privé;www.kuperacademy.ca;015500;Académie Kuper;-73.839163;45.452474;Secondaire;3_Priv_Bat_Secondaire
30;20201019;016501;Académie Lafontaine;Académie Lafontaine inc.;2171, boulevard Maurice;;75017;Saint-Jérôme;V;J7Y4M7;1;1;1;0;0;Installation;Privé;www.academielafontaine.qc.ca;016500;Académie Lafontaine inc.;-74.007077;45.803262;Préscolaire - Primaire - Secondaire;5_Priv_Bat_Presc_Prim_Sec
33;20201019;017501;Collège Laurentien;Collège Laurentien;1200, 14e Avenue;;78005;Val-Morin;M;J0T2R0;0;1;1;0;0;Installation;Privé;www.academielaurentienne.ca;017500;Collège Laurentien;-74.196636;46.014746;Primaire - Secondaire;7_Priv_Bat_Prim_Sec
37;20201019;019501;Académie Louis-Pasteur;Académie Louis-Pasteur;7220, rue Marie-Victorin;;66023;Montréal;V;H1G2J5;1;1;0;0;0;Installation;Privé;www.academielouispasteur.com;019500;Académie Louis-Pasteur;-73.602362;45.61726;Préscolaire - Primaire;4_Priv_Bat_Presc_Prim
109;20201019;053501;C. psycho-pédago. Qc (École St-François);Centre psycho-pédagogique de Québec inc. (École St-François);1000, rue du Joli-Bois;;23027;Québec;V;G1V3Z6;0;1;1;0;0;Installation;Privé;www.cppq.qc.ca;053500;Centre psycho-pédagogique de Québec inc.;-71.289556;46.774932;Primaire - Secondaire;7_Priv_Bat_Prim_Sec
111;20201019;056501;Collège Beaubois;Collège Beaubois;4901, rue du Collège-Beaubois;;66023;Montréal;V;H8Y3T4;1;1;1;0;0;Installation;Privé;www.collegebeaubois.qc.ca/;056500;Collège Beaubois;-73.779589;45.507751;Préscolaire - Primaire - Secondaire;5_Priv_Bat_Presc_Prim_Sec
113;20201019;057501;Collège Bourget;Collège Bourget;65, rue Saint-Pierre;;71133;Rigaud;V;J0P1P0;1;1;1;0;0;Installation;Privé;www.collegebourget.qc.ca;057500;Collège Bourget;-74.30891;45.472717;Préscolaire - Primaire - Secondaire;5_Priv_Bat_Presc_Prim_Sec
114;20201019;057502;Collège Bourget, section anglaise;Collège Bourget, section anglaise;65, rue Saint-Pierre;;71133;Rigaud;V;J0P1P0;0;0;1;0;0;Installation;Privé;;057500;Collège Bourget;-74.30891;45.472717;Secondaire;3_Priv_Bat_Secondaire
116;20201019;058501;Collège Champagneur;Collège Champagneur;3713, rue Queen;;62037;Rawdon;M;J0K1S0;0;0;1;0;0;Installation;Privé;;058500;Collège Champagneur;-73.710726;46.043784;Secondaire;3_Priv_Bat_Secondaire
118;20201019;059501;Collège Charlemagne;Collège Charlemagne inc.;5000, rue Pilon;;66023;Montréal;V;H9K1G4;1;1;1;0;0;Installation;Privé;www.collegecharlemagne.com;059500;Collège Charlemagne inc.;-73.918275;45.459005;Préscolaire - Primaire - Secondaire;5_Priv_Bat_Presc_Prim_Sec
120;20201019;065501;Col. Charles-L., C.Ville Ste-Catherine;Collège Charles-Lemoyne, Campus Ville de Sainte-Catherine;125, Place Charles-Lemoyne;;67030;Sainte-Catherine;V;J5C0A1;0;0;1;0;0;Installation;Privé;monccl.com;065500;Collège Charles-Lemoyne;-73.548613;45.399351;Secondaire;3_Priv_Bat_Secondaire
121;20201019;065505;C. Ch.-Lemoyne, C. Longueuil-St-Lambert;Collège Charles-Lemoyne, Campus Longueuil Saint-Lambert;901, chemin Tiffin;;58227;Longueuil;V;J4P3G6;0;0;1;0;0;Installation;Privé;monccl.com;065500;Collège Charles-Lemoyne;-73.509842;45.514373;Secondaire;3_Priv_Bat_Secondaire
122;20201019;065506;Académie Intl Charles-Lemoyne;Académie Internationale Charles-Lemoyne, Campus Longueuil Saint-Lambert;901, chemin Tiffin;;58227;Longueuil;V;J4P3G6;1;1;0;0;0;Installation;Privé;monccl.com;065500;Collège Charles-Lemoyne;-73.509842;45.514373;Préscolaire - Primaire;4_Priv_Bat_Presc_Prim
123;20201019;065507;Académie Intl Charles Lemoyne;Académie Internationale Charles-Lemoyne, Campus Ville de Sainte-Catherine;125, Place Charles-Lemoyne;;67030;Sainte-Catherine;V;J5C0A1;0;1;0;0;0;Installation;Privé;monccl.com;065500;Collège Charles-Lemoyne;-73.548613;45.399351;Primaire;2_Priv_Bat_Prim
125;20201019;066501;Collège Clarétain de Victoriaville;Collège Clarétain de Victoriaville;663, rue Gamache;;39062;Victoriaville;V;G6R0W3;0;0;1;0;0;Installation;Privé;www.collegeclaretain.com;066500;Collège Clarétain de Victoriaville;-71.96921;46.041853;Secondaire;3_Priv_Bat_Secondaire
127;20201019;069501;Col. de Champigny;Collège de Champigny ;1400, route de l'Aéroport;;23027;Québec;V;G2G1G6;0;0;1;0;0;Installation;Privé;www.collegedechampigny.com;069500;Collège de Champigny;-71.361844;46.790874;Secondaire;3_Priv_Bat_Secondaire
52;20201019;026501;Académie Michèle-Provost;Académie Michèle-Provost;1517, avenue Des Pins Ouest;;66023;Montréal;V;H3G1B3;1;1;1;0;0;Installation;Privé;www.academiemicheleprovost.qc.ca;026500;Académie Michèle-Provost;-73.586753;45.498468;Préscolaire - Primaire - Secondaire;5_Priv_Bat_Presc_Prim_Sec
55;20201019;027501;Académie Saint-Louis;Académie Saint-Louis;1500, rue de la Rive-Boisée Sud;;23027;Québec;V;G2C2B3;0;0;1;0;0;Installation;Privé;www.aslouis.qc.ca;027500;Académie Saint-Louis;-71.315332;46.829964;Secondaire;3_Priv_Bat_Secondaire
56;20201019;027502;Pavillon Saint-Louis-de-Gonzague;Académie Saint-Louis - Pavillon Saint-Louis-de-Gonzague;2200, rue de la Rive-Boisée Nord;;23027;Québec;V;G2C0J1;1;1;0;0;0;Installation;Privé;www.aslouis.qc.ca;027500;Académie Saint-Louis;-71.318442;46.83651;Préscolaire - Primaire;4_Priv_Bat_Presc_Prim
60;20201019;029501;Ac. Ste-Thérèse, Campus Jacques-About;Académie Ste-Thérèse, Campus Jacques-About;425, rue Blainville Est;;73010;Sainte-Thérèse;V;J7E1N7;0;1;1;0;0;Installation;Privé;www.academie.ste-therese.com;029500;Académie Ste-Thérèse;-73.816268;45.6402;Primaire - Secondaire;7_Priv_Bat_Prim_Sec
61;20201019;029502;Ac. Ste-Thérèse, Campus Rosemère;Académie Ste-Thérèse, Campus Rosemère;1, chemin des Écoliers;;73020;Rosemère;V;J7A4Y1;1;1;0;0;0;Installation;Privé;www.academie.ste-therese.com;029500;Académie Ste-Thérèse;-73.774956;45.646714;Préscolaire - Primaire;4_Priv_Bat_Presc_Prim
64;20201019;030501;Ac. Solomon Schechter, camp. prim., s.a.;Académie Solomon Schechter, campus primaire, section anglaise;5555, chemin de la Côte-Saint-Luc;;66023;Montréal;V;H3X2C9;0;1;0;0;0;Installation;Privé;;030500;Académie Solomon Schechter;-73.628583;45.478974;Primaire;2_Priv_Bat_Prim
65;20201019;030502;Ac. Solomon Schechter, camp. prim., s.f.;Académie Solomon Schechter, campus primaire, section française;5555, chemin de la Côte-Saint-Luc;;66023;Montréal;V;H3X2C9;0;1;0;0;0;Installation;Privé;;030500;Académie Solomon Schechter;-73.628583;45.478974;Primaire;2_Priv_Bat_Prim
66;20201019;030503;Ac. Solomon Schechter, camp. prés., s.a.;Académie Solomon Schechter, campus préscolaire, section anglaise;4950, avenue Macdonald;;66023;Montréal;V;H3X2V3;1;0;0;0;0;Installation;Privé;;030500;Académie Solomon Schechter;-73.630299;45.479278;Préscolaire;1_Priv_Bat_Prescolaire
67;20201019;030504;Ac. Solomon Schechter, camp. prés., s.f.;Académie Solomon Schechter, campus préscolaire, section française;4950, avenue Macdonald;;66023;Montréal;V;H3X2V3;1;0;0;0;0;Installation;Privé;;030500;Académie Solomon Schechter;-73.630298;45.479278;Préscolaire;1_Priv_Bat_Prescolaire
71;20201019;032501;Aviron Québec campus Charest;Aviron Québec, campus Charest;270, boulevard Charest Est;;23027;Québec;V;G1K3H1;0;0;0;1;0;Installation;Privé;www.avironquebec.com;032500;Aviron Québec Collège Technique;-71.226636;46.812954;Formation professionnelle;8_Priv_Bat_FP
72;20201019;032502;Aviron Québec, campus Jonquière;Aviron Québec, campus Jonquière;1275, rue De La Jonquière;;23027;Québec;V;G1N3X2;0;0;0;1;0;Installation;Privé;www.avironquebec.com;032500;Aviron Québec Collège Technique;-71.263713;46.80502;Formation professionnelle;8_Priv_Bat_FP
75;20201019;033501;Bishop's College School;Bishop's College School;80, chemin Moulton Hill;;43027;Sherbrooke;V;J1M1Z8;0;0;1;0;0;Installation;Privé;www.bishopscollegeschool.com;033500;Bishop's college school;-71.843327;45.372191;Secondaire;3_Priv_Bat_Secondaire
77;20201019;034501;Centre académique de Lanaudière;Centre académique de Lanaudière;930, boulevard l'Assomption;;60013;Repentigny;V;J6A5H5;1;1;0;0;0;Installation;Privé;lecadl.com;034500;Centre académique de Lanaudière;-73.448635;45.77014;Préscolaire - Primaire;4_Priv_Bat_Presc_Prim
80;20201019;035501;Centre académique Fournier, primaire;Centre académique Fournier inc., section primaire;5919, boulevard Henri-Bourassa Ouest;;66023;Montréal;V;H4R1B7;0;1;0;0;0;Installation;Privé;www.academiefournier.qc.ca;035500;Centre académique Fournier inc.;-73.718233;45.516415;Primaire;2_Priv_Bat_Prim
81;20201019;035502;Centre académique Fournier, A. Fournier;Centre académique Fournier inc., Académie Fournier;5919, boulevard Henri-Bourassa Ouest;;66023;Montréal;V;H4R1B7;1;0;1;0;0;Installation;Privé;www.academiefournier.qc.ca;035500;Centre académique Fournier inc.;-73.718233;45.516415;Préscolaire - Secondaire;6_Priv_Bat_Presc_Sec
84;20201019;037501;Centre d'intégration scolaire inc.;Centre d'intégration scolaire inc.;6361, 6e Avenue;;66023;Montréal;V;H1Y2R7;0;1;1;0;0;Installation;Privé;www.cisi.qc.ca;037500;Centre d'intégration scolaire inc.;-73.587193;45.55191;Primaire - Secondaire;7_Priv_Bat_Prim_Sec
90;20201019;041501;É. trilingue Vision Varennes, présco.-p.;École trilingue Vision Varennes, pavillon préscolaire - primaire;104, boulevard de la Marine;;59020;Varennes;V;J3X1Z5;1;1;0;0;0;Installation;Privé;https://varennes.ecolevision.com/;041500;École trilingue Vision Varennes;-73.43238;45.6637;Préscolaire - Primaire;4_Priv_Bat_Presc_Prim
91;20201019;041502;École trilingue Vision Varennes, prim.;École trilingue Vision Varennes, pavillon primaire;100, boulevard de la Marine;;59020;Varennes;V;J3X1Z5;0;1;0;0;0;Installation;Privé;https://varennes.ecolevision.com/;041500;École trilingue Vision Varennes;-73.432598;45.664006;Primaire;2_Priv_Bat_Prim
96;20201019;044501;Centre François-Michelle, présc. prim.;Centre François-Michelle, préscolaire-primaire;10095, rue Meunier;;66023;Montréal;V;H3L2Z1;1;1;0;0;0;Installation;Privé;www.francois-michelle.qc.ca;044500;Centre François-Michelle;-73.663039;45.54406;Préscolaire - Primaire;4_Priv_Bat_Presc_Prim
97;20201019;044502;Centre François-Michelle, sec. 1er cycle;Centre François-Michelle, secondaire 1er cycle;5210, rue Durocher;;66023;Montréal;V;H2V3Y1;0;0;1;0;0;Installation;Privé;www.francois-michelle.qc.ca;044500;Centre François-Michelle;-73.59937;45.518686;Secondaire;3_Priv_Bat_Secondaire
98;20201019;044504;Centre François-Michelle, sec. 2e cycle;Centre François-Michelle, secondaire 2e cycle;9275, rue Clark;;66023;Montréal;V;H2N2K3;0;0;1;0;0;Installation;Privé;;044500;Centre François-Michelle;-73.650733;45.543547;Secondaire;3_Priv_Bat_Secondaire
102;20201019;046501;École Montessori de Chelsea;École Montessori de Chelsea;490, Route 105, bureau 105;;82025;Chelsea;M;J9B1L2;1;1;0;0;0;Installation;Privé;www.montessori4vallees.ca;046500;École Montessori de Chelsea;-75.782423;45.505866;Préscolaire - Primaire;4_Priv_Bat_Presc_Prim
106;20201019;048501;École Montessori de Montréal;École Montessori de Montréal;1505, rue Serre;;66023;Montréal;V;H8N1N3;1;1;0;0;0;Installation;Privé;www.ecolemontessorimontreal.com;048500;École Montessori de Montréal;-73.623971;45.432249;Préscolaire - Primaire;4_Priv_Bat_Presc_Prim
168;20201019;114501;Col. Jean-Eudes;Collège Jean-Eudes;3535, boul. Rosemont;;66023;Montréal;V;H1X1K7;0;0;1;0;0;Installation;Privé;www.cje.qc.ca;114500;Collège Jean-Eudes;-73.579182;45.555406;Secondaire;3_Priv_Bat_Secondaire
170;20201019;115501;Collège Jésus-Marie de Sillery;Collège Jésus-Marie de Sillery;2047, chemin Saint-Louis;;23027;Québec;V;G1T1P3;1;1;1;0;0;Installation;Privé;http://www.collegejesusmarie.com/;115500;Collège Jésus-Marie de Sillery;-71.25006;46.776421;Préscolaire - Primaire - Secondaire;5_Priv_Bat_Presc_Prim_Sec
172;20201019;116501;Col. Laval;Collège Laval ;1275, avenue du Collège;;65005;Laval;V;H7C1W8;0;0;1;0;0;Installation;Privé;http://www.collegelaval.ca;116500;Collège Laval;-73.649034;45.615166;Secondaire;3_Priv_Bat_Secondaire
174;20201019;117501;Col. intern. Marie de France;Collège international Marie de France;4635, chemin Queen Mary;;66023;Montréal;V;H3W1W3;1;1;1;0;0;Installation;Privé;www.cimf.ca;117500;Collège international Marie de France;-73.625122;45.490252;Préscolaire - Primaire - Secondaire;5_Priv_Bat_Presc_Prim_Sec
176;20201019;118501;Collège Marie-de-l'Incarnation;Collège Marie-de-l'Incarnation;725, rue Hart;;37067;Trois-Rivières;V;G9A4R9;1;1;1;0;0;Installation;Privé;www.cmitr.qc.ca;118500;Collège Marie-de-l'Incarnation;-72.536931;46.345572;Préscolaire - Primaire - Secondaire;5_Priv_Bat_Presc_Prim_Sec
178;20201019;119501;Mont Notre-Dame;Mont Notre-Dame;114, rue de la Cathédrale;;43027;Sherbrooke;V;J1H4M1;0;0;1;0;0;Installation;Privé;www.lemont.ca;119500;Mont Notre-Dame;-71.891976;45.401568;Secondaire;3_Priv_Bat_Secondaire
180;20201019;123501;Collège Mont-Sacré-Coeur;Collège Mont-Sacré-Coeur;210, rue Denison Est;;47017;Granby;V;J2H2R6;0;0;1;0;0;Installation;Privé;https://www.college-msc.qc.ca/;123500;Collège Mont-Sacré-Coeur;-72.705486;45.390826;Secondaire;3_Priv_Bat_Secondaire
182;20201019;124501;Col. Mont-Royal;Collège Mont-Royal;2165, rue Baldwin;;66023;Montréal;V;H1L5A7;0;0;1;0;0;Installation;Privé;www.collegemont-royal.qc.ca;124500;Collège Mont-Royal;-73.515967;45.599066;Secondaire;3_Priv_Bat_Secondaire
184;20201019;125501;Col. Mont-Saint-Louis;Collège Mont-Saint-Louis;1700, boulevard Henri-Bourassa Est;;66023;Montréal;V;H2C1J3;0;0;1;0;0;Installation;Privé;www.msl.qc.ca;125500;Collège Mont-Saint-Louis;-73.658658;45.568714;Secondaire;3_Priv_Bat_Secondaire
186;20201019;126501;Collège Notre-Dame;Collège Notre-Dame;3791, chemin Queen-Mary;;66023;Montréal;V;H3V1A8;0;0;1;0;0;Installation;Privé;www.collegenotredame.com;126500;Collège Notre-Dame;-73.622487;45.493279;Secondaire;3_Priv_Bat_Secondaire
188;20201019;127501;Col. N.-D.-de-l'Assomption;Collège Notre-Dame-de-l'Assomption;225, rue St-Jean Baptiste;;50072;Nicolet;V;J3T0A2;0;0;1;0;0;Installation;Privé;www.cnda.qc.ca;127500;Collège Notre-Dame-de-l'Assomption;-72.621719;46.228627;Secondaire;3_Priv_Bat_Secondaire
190;20201019;128501;Col. N.-Dame-de-Lourdes;Collège Notre-Dame-de-Lourdes;845, chemin Tiffin;;58227;Longueuil;V;J4P3G5;0;0;1;0;0;Installation;Privé;www.ndl.qc.ca;128500;Collège Notre-Dame-de-Lourdes;-73.512326;45.51521;Secondaire;3_Priv_Bat_Secondaire
192;20201019;129501;Collège Massawippi;Collège Massawippi;470, rue Main;;45035;Ayer's Cliff;VL;J0B1C0;0;0;1;0;0;Installation;Privé;www.collegeservite.ca;129500;Collège Massawippi;-72.070416;45.175371;Secondaire;3_Priv_Bat_Secondaire
194;20201019;136501;Collège Prep International;Collège Prep International;7475, rue Sherbrooke Ouest;;66023;Montréal;V;H4B1S3;0;1;1;0;0;Installation;Privé;www.prepinternational.com;136500;Collège Prep International;-73.64254;45.454283;Primaire - Secondaire;7_Priv_Bat_Prim_Sec
196;20201019;138501;Collège Citoyen;Collège Citoyen;4001, boulevard Sainte-Rose;;65005;Laval;V;H7R1W6;0;0;1;0;0;Installation;Privé;www.collegecitoyen.ca;138500;Collège Citoyen;-73.831187;45.572044;Secondaire;3_Priv_Bat_Secondaire
198;20201019;139501;Col. Regina Assumpta;Collège Regina Assumpta;1750, rue Sauriol Est;;66023;Montréal;V;H2C1X4;0;0;1;0;0;Installation;Privé;www.reginaassumpta.qc.ca;139500;Collège Regina Assumpta;-73.650152;45.565297;Secondaire;3_Priv_Bat_Secondaire
129;20201019;074501;Col. de l'Assomption;Collège de l'Assomption ;270, boulevard de l'Ange-Gardien;;60028;L'Assomption;V;J5W1R7;0;0;1;0;0;Installation;Privé;www.classomption.qc.ca;074500;Collège de L'Assomption;-73.420768;45.827662;Secondaire;3_Priv_Bat_Secondaire
131;20201019;075501;Coll. de l'Ouest de l'Île, s. française;Collège de l'Ouest de l'Île, section française;851, rue Tecumseh;;66142;Dollard-Des Ormeaux;V;H9B2L2;0;0;1;0;0;Installation;Privé;http://www.westislandcollege.qc.ca;075500;Collège de l'Ouest de l'Île;-73.814827;45.478745;Secondaire;3_Priv_Bat_Secondaire
132;20201019;075502;Coll. de l'Ouest de l'Île, s. anglaise;Collège de l'Ouest de l'Île, section anglaise;851, rue Tecumseh;;66142;Dollard-Des Ormeaux;V;H9B2L2;0;0;1;0;0;Installation;Privé;www.westislandcollege.qc.ca;075500;Collège de l'Ouest de l'Île;-73.814827;45.478745;Secondaire;3_Priv_Bat_Secondaire
134;20201019;076501;Col. de Lévis;Collège de Lévis ;9, rue Mgr Gosselin;;25213;Lévis;V;G6V5K1;0;0;1;0;0;Installation;Privé;www.collegedelevis.qc.ca;076500;Collège de Lévis;-71.181767;46.812416;Secondaire;3_Priv_Bat_Secondaire
136;20201019;077501;Col. de Montréal;Collège de Montréal;1931, rue Sherbrooke Ouest;;66023;Montréal;V;H3H1E3;0;0;1;0;0;Installation;Privé;www.college-montreal.qc.ca;077500;Collège de Montréal;-73.584509;45.495176;Secondaire;3_Priv_Bat_Secondaire
138;20201019;079501;Collège de Sainte-Anne-de-La-Pocatière;Collège de Sainte-Anne-de-La-Pocatière;100, 4e Avenue;;14085;La Pocatière;V;G0R1Z0;0;0;1;0;0;Installation;Privé;www.leadercsa.com;079500;Collège de Sainte-Anne-de-La-Pocatière;-70.040929;47.366844;Secondaire;3_Priv_Bat_Secondaire
140;20201019;084501;Collège Supérieur de Montréal;Collège Supérieur de Montréal;800, boulevard De Maisonneuve Est;5e et 6e étages;66023;Montréal;V;H2L4L8;0;0;0;1;0;Installation;Privé;www.collegecsm.com;084500;Collège Supérieur de Montréal;-73.559243;45.516114;Formation professionnelle;8_Priv_Bat_FP
141;20201019;084502;Collège Supérieur de Montréal, à dist.;Collège Supérieur de Montréal, formation à distance;800, boulevard de Maisonneuve Est;5e étage;66023;Montréal;V;H2L4L8;0;0;0;1;0;Installation;Privé;;084500;Collège Supérieur de Montréal;-73.559243;45.516114;Formation professionnelle;8_Priv_Bat_FP
143;20201019;085501;Collège Dina-Bélanger;Collège Dina-Bélanger;1, rue Saint-Georges;;19110;Saint-Michel-de-Bellechasse;M;G0R3S0;0;0;1;0;0;Installation;Privé;www.collegedina-belanger.qc.ca;085500;Collège Dina-Bélanger;-70.906426;46.876847;Secondaire;3_Priv_Bat_Secondaire
145;20201019;086501;Collège du Mont-Sainte-Anne;Collège du Mont-Sainte-Anne;2100, chemin Sainte-Catherine;;43027;Sherbrooke;V;J1N3V5;0;0;1;0;0;Installation;Privé;www.collegemsa.com;086500;Collège du Mont-Sainte-Anne;-71.930901;45.371232;Secondaire;3_Priv_Bat_Secondaire
147;20201019;088501;Col.Dur.St-Lambert(Durocher);Collège Durocher Saint-Lambert (pavillon Durocher) ;857, rue Riverside;;58012;Saint-Lambert;V;J4P1C2;0;0;1;0;0;Installation;Privé;www.cdsl.qc.ca;088500;Collège Durocher Saint-Lambert;-73.517663;45.515686;Secondaire;3_Priv_Bat_Secondaire
148;20201019;088502;Col.Dur.St-Lambert(St-Lambert);Collège Durocher Saint-Lambert (pavillon Saint-Lambert) ;375, rue Riverside;;58012;Saint-Lambert;V;J4P1B1;0;0;1;0;0;Installation;Privé;www.cdsl.qc.ca;088500;Collège Durocher Saint-Lambert;-73.516585;45.505068;Secondaire;3_Priv_Bat_Secondaire
150;20201019;089501;Col. Esther Blondin;Collège Esther Blondin ;101, rue Sainte-Anne;;63013;Saint-Jacques;M;J0K2R0;0;0;1;0;0;Installation;Privé;www.collegeblondin.qc.ca;089500;Collège Esther- Blondin;-73.563523;45.957286;Secondaire;3_Priv_Bat_Secondaire
152;20201019;096501;Collège Français, Campus de Montréal;Collège Français, Campus de Montréal;185, avenue Fairmount Ouest;;66023;Montréal;V;H2T2M6;0;0;1;0;0;Installation;Privé;www.collegefrancais.ca;096500;Collège Français;-73.596811;45.521624;Secondaire;3_Priv_Bat_Secondaire
153;20201019;096502;Collège Français, Campus de Longueuil;Collège Français, Campus de Longueuil;1340, boulevard Nobert;;58227;Longueuil;V;J4K2P4;0;0;1;0;0;Installation;Privé;www.collegefrancais.ca;096500;Collège Français;-73.483923;45.50792;Secondaire;3_Priv_Bat_Secondaire
154;20201019;096505;Collège Français, Campus Montaigne;Collège Français, Campus Montaigne;172, avenue Fairmount Ouest;;66023;Montréal;V;H2T1E2;0;0;1;0;0;Installation;Privé;;096500;Collège Français;-73.596282;45.521451;Secondaire;3_Priv_Bat_Secondaire
156;20201019;097501;Collège Français primaire;Collège Français primaire;1391, rue Beauregard;;58227;Longueuil;V;J4K2M3;1;1;0;0;0;Installation;Privé;www.collegefrancais.ca;097500;Collège Français;-73.488174;45.509316;Préscolaire - Primaire;4_Priv_Bat_Presc_Prim
158;20201019;098501;Col. François-Delaplace;Collège François-Delaplace;365, rue Compton Est;;44080;Waterville;V;J0B3H0;0;0;1;0;0;Installation;Privé;www.college-francois-delaplace.qc.ca;098500;Collège François-Delaplace;-71.886865;45.277407;Secondaire;3_Priv_Bat_Secondaire
160;20201019;099501;Collège Héritage de Châteauguay;Collège Héritage de Châteauguay inc.;270, boulevard d'Youville;;67050;Châteauguay;V;J6J4R6;0;1;1;0;0;Installation;Privé;www.collegeheritage.ca;099500;Collège Héritage de Châteauguay inc.;-73.7533;45.373985;Primaire - Secondaire;7_Priv_Bat_Prim_Sec
163;20201019;106501;Collège Jean-de-Brébeuf;Collège Jean-de-Brébeuf;3200, ch. Côte Ste-Catherine;;66023;Montréal;V;H3T1C1;0;0;1;0;0;Installation;Privé;www.brebeuf.qc.ca;106500;Collège Jean-De-Brébeuf;-73.622805;45.501611;Secondaire;3_Priv_Bat_Secondaire
165;20201019;107501;Collège Jean de la Mennais;Collège Jean de la Mennais - secondaire;870, chemin de Saint-Jean;;67015;La Prairie;V;J5R2L5;0;0;1;0;0;Installation;Privé;www.jeandelamennais.qc.ca;107500;Collège Jean de la Mennais;-73.48519;45.411143;Secondaire;3_Priv_Bat_Secondaire
166;20201019;107502;Collège Jean de la Mennais;Collège Jean de la Mennais - primaire;870, chemin de Saint-Jean;;67015;La Prairie;V;J5R2L5;0;1;0;0;0;Installation;Privé;www.jeandelamennais.qc.ca;107500;Collège Jean de la Mennais;-73.48519;45.411143;Primaire;2_Priv_Bat_Prim
259;20201019;198503;École chrétienne Emmanuel, s. ang. - sec;École chrétienne Emmanuel, section anglaise - secondaire;4698, boulevard Saint-Jean;;66142;Dollard-Des Ormeaux;V;H9H4S5;0;0;1;0;0;Installation;Privé;www.emmanuelcs,ca;198500;École chrétienne Emmanuel;-73.849777;45.486833;Secondaire;3_Priv_Bat_Secondaire
261;20201019;204501;École com. Belz, Campus Ducharme, s. a.;École communautaire Belz, Campus Ducharme, section anglaise;1495, avenue Ducharme;;66023;Montréal;V;H2V1E8;1;1;0;0;0;Installation;Privé;;204500;École communautaire Belz;-73.618011;45.520377;Préscolaire - Primaire;4_Priv_Bat_Presc_Prim
262;20201019;204502;École com. Belz, Campus Ducharme, s. f.;École communautaire Belz, Campus Ducharme, section française;1495, avenue Ducharme;;66023;Montréal;V;H2V1E8;1;1;0;0;0;Installation;Privé;;204500;École communautaire Belz;-73.618011;45.520377;Préscolaire - Primaire;4_Priv_Bat_Presc_Prim
263;20201019;204503;École com. Belz, Campus Durocher, s. a.;École communautaire Belz, Campus Durocher, section anglaise;6508, rue Durocher;;66023;Montréal;V;H2V3Z3;1;1;0;0;0;Installation;Privé;;204500;École communautaire Belz;-73.614869;45.5256;Préscolaire - Primaire;4_Priv_Bat_Presc_Prim
264;20201019;204505;École com. Belz, Campus Durocher, s. f.;École communautaire Belz, Campus Durocher, section française;6508, rue Durocher;;66023;Montréal;V;H2V3Z3;1;1;0;0;0;Installation;Privé;;204500;École communautaire Belz;-73.614869;45.5256;Préscolaire - Primaire;4_Priv_Bat_Presc_Prim
265;20201019;204506;École comm. Belz, C. Jeanne-Mance, s. a.;École communautaire Belz, Campus Jeanne-Mance, section anglaise;5030, rue Jeanne-Mance;;66023;Montréal;V;H2V4J8;0;0;1;0;0;Installation;Privé;;204500;École communautaire Belz;-73.594704;45.519797;Secondaire;3_Priv_Bat_Secondaire
266;20201019;204507;École com. Belz, C. Hillsdale, s. a.;École communautaire Belz, Campus Hillsdale, section anglaise;6235, chemin Hillsdale;;66023;Montréal;V;H3S2M8;0;0;1;0;0;Installation;Privé;;204500;École communautaire Belz;-73.624357;45.511346;Secondaire;3_Priv_Bat_Secondaire
268;20201019;205501;Coll. compt. et sec. Québec, c.Longueuil;Collège de comptabilité et de secrétariat du Québec, campus de Longueuil inc.;910, boulevard Curé-Poirier Ouest;;58227;Longueuil;V;J4K2C7;0;0;0;1;0;Installation;Privé;www.ccsq.ca;205500;Collège de comptabilité et de secrétariat du Québec, campus de Longueuil inc.;-73.488441;45.518413;Formation professionnelle;8_Priv_Bat_FP
269;20201019;205502;CCSQ, c. de Longueuil inc, form. à dist.;Collège de comptabilité et de secrétariat du Québec, campus de Longueuil inc. formation à distance;910, boulevard Curé-Poirier Ouest;;58227;Longueuil;V;J4K2C7;0;0;0;1;0;Installation;Privé;www.ccsq.ca;205500;Collège de comptabilité et de secrétariat du Québec, campus de Longueuil inc.;-73.488441;45.518413;Formation professionnelle;8_Priv_Bat_FP
270;20201019;205503;Coll. compt. et sec. Québec, c.J-Cartier;Collège de comptabilité et de secrétariat du Québec, campus Jacques-Cartier inc.;174, boulevard Sainte-Foy;;58227;Longueuil;V;J4K1W9;0;0;0;1;0;Installation;Privé;www.ccsq.ca;205500;Collège de comptabilité et de secrétariat du Québec, campus de Longueuil inc.;-73.486736;45.529553;Formation professionnelle;8_Priv_Bat_FP
272;20201019;206501;École Félix-Antoine;École Félix-Antoine;10730, rue Chambord;;66023;Montréal;V;H2C2R8;0;0;1;0;1;Installation;Privé;www.ecolefelixantoine.qc.ca;206500;École Félix-Antoine;-73.665252;45.561805;Secondaire - Éducation aux adultes;3_Priv_Bat_Secondaire
274;20201019;208501;Acad. int. Zig Zag, Camp. prim. fr;Académie internationale Zig Zag, Campus primaire, section française;27, rue Laurier Ouest;;39062;Victoriaville;V;G6P6P4;0;1;0;0;0;Installation;Privé;www.zigetzag.com;208500;Académie internationale Zig Zag;-71.915982;46.037487;Primaire;2_Priv_Bat_Prim
275;20201019;208503;Ac. int. Zig Zag, Campus préscolaire;Académie internationale Zig Zag, Campus préscolaire;153, rue Saint-Jean-Baptiste;;39062;Victoriaville;V;G6P4G2;1;0;0;0;0;Installation;Privé;www.zigetzag.com;208500;Académie internationale Zig Zag;-71.949592;46.057098;Préscolaire;1_Priv_Bat_Prescolaire
200;20201019;144501;Collège Rivier;Collège Rivier;343, rue Saint-Jacques Nord;;44037;Coaticook;V;J1A2R2;0;0;1;0;0;Installation;Privé;www.collegerivier.com;144500;Collège Rivier;-71.796105;45.137964;Secondaire;3_Priv_Bat_Secondaire
202;20201019;145501;Col. Saint-Alexandre;Collège Saint-Alexandre de la Gatineau;2425, rue Saint-Louis;;81017;Gatineau;V;J8V1E7;0;0;1;0;0;Installation;Privé;www.college-stalexandre.qc.ca;145500;Collège Saint-Alexandre de la Gatineau;-75.750599;45.493558;Secondaire;3_Priv_Bat_Secondaire
204;20201019;147501;Collège Saint-Bernard;Collège Saint-Bernard;25, avenue des Frères;;49058;Drummondville;V;J2B6A2;1;1;1;0;0;Installation;Privé;www.csb.qc.ca;147500;Collège Saint-Bernard;-72.475889;45.88204;Préscolaire - Primaire - Secondaire;5_Priv_Bat_Presc_Prim_Sec
206;20201019;148501;Col. Saint-Charles-Garnier;Collège Saint-Charles-Garnier ;1150, boul René Lévesque Ouest;;23027;Québec;V;G1S1V7;0;0;1;0;0;Installation;Privé;www.collegesaint-charles.com;148500;Collège Saint-Charles-Garnier;-71.245563;46.795244;Secondaire;3_Priv_Bat_Secondaire
208;20201019;149501;Collège Saint-Hilaire;Collège Saint-Hilaire;800, rue Rouillard;;57035;Mont-Saint-Hilaire;V;J3H0K4;0;0;1;0;0;Installation;Privé;www.csh.qc.ca;149500;Collège Saint-Hilaire;-73.157676;45.568601;Secondaire;3_Priv_Bat_Secondaire
210;20201019;157501;Collège St-Jean-Vianney;Collège St-Jean-Vianney;12630, boulevard Gouin Est;;66023;Montréal;V;H1C1B9;0;0;1;0;0;Installation;Privé;www.csjv.ca;157500;Collège St-Jean-Vianney;-73.51985;45.691773;Secondaire;3_Priv_Bat_Secondaire
211;20201019;157502;Collège St-Jean-Vianney;Collège St-Jean-Vianney;12630, boulevard Gouin Est;;66023;Montréal;V;H1C1B9;1;1;0;0;0;Installation;Privé;www.csjv.ca;157500;Collège St-Jean-Vianney;-73.51985;45.691773;Préscolaire - Primaire;4_Priv_Bat_Presc_Prim
212;20201019;157503;Collège St-Jean-Vianney, CSJV Intl;Collège St-Jean-Vianney, CSJV international;12630, boulevard Gouin Est;;66023;Montréal;V;H1C1B9;0;0;1;0;0;Installation;Privé;www.csjv.ca;157500;Collège St-Jean-Vianney;-73.51985;45.691773;Secondaire;3_Priv_Bat_Secondaire
214;20201019;158501;Col. Saint-Maurice;Collège Saint-Maurice ;630, rue Girouard Ouest;;54048;Saint-Hyacinthe;V;J2S2Y3;0;0;1;0;0;Installation;Privé;www.csm.qc.ca;158500;Collège Saint-Maurice;-72.945441;45.63141;Secondaire;3_Priv_Bat_Secondaire
216;20201019;159501;Col. Saint-Paul;Collège Saint-Paul;235, rue Sainte-Anne;;59020;Varennes;V;J3X1P9;0;0;1;0;0;Installation;Privé;www.college-st-paul.qc.ca;159500;Collège Saint-Paul;-73.442096;45.684844;Secondaire;3_Priv_Bat_Secondaire
218;20201019;164501;Collège Sainte-Marcelline;Collège Sainte-Marcelline;9155, boulevard Gouin Ouest;;66023;Montréal;V;H4K1C3;1;1;1;0;0;Installation;Privé;http://college.marcelline.qc.ca;164500;Collège Sainte-Marcelline;-73.746823;45.516635;Préscolaire - Primaire - Secondaire;5_Priv_Bat_Presc_Prim_Sec
220;20201019;165501;Col. Stanislas (Outremont);Collège Stanislas (campus Outremont) ;780, boul. Dollard;;66023;Montréal;V;H2V3G5;1;1;1;0;0;Installation;Privé;www.stanislas.qc.ca;165500;Collège Stanislas;-73.614857;45.518005;Préscolaire - Primaire - Secondaire;5_Priv_Bat_Presc_Prim_Sec
221;20201019;165502;Col. Stanislas (Sillery);Collège Stanislas (campus Sillery) ;1605, chemin Sainte-Foy;;23027;Québec;V;G1S2P1;1;1;1;0;0;Installation;Privé;www.stanislas.qc.ca;165500;Collège Stanislas;-71.259151;46.790882;Préscolaire - Primaire - Secondaire;5_Priv_Bat_Presc_Prim_Sec
223;20201019;166501;Col. Ville-Marie;Collège Ville-Marie;2850, rue Sherbrooke Est;;66023;Montréal;V;H2K1H3;0;0;1;0;0;Installation;Privé;www.cvmarie.qc.ca;166500;Collège Ville-Marie;-73.558806;45.539631;Secondaire;3_Priv_Bat_Secondaire
225;20201019;167501;Succès Scolaire, s. française;Succès Scolaire, section française;905, chemin Tiffin;;58227;Longueuil;V;J4P3G6;0;0;1;0;1;Installation;Privé;www.successcolaire.ca/ecole;167500;Succès Scolaire;-73.509842;45.514373;Secondaire - Éducation aux adultes;3_Priv_Bat_Secondaire
226;20201019;167502;Succès Scolaire, s. anglaise;Succès Scolaire, section anglaise;905, chemin Tiffin;;58227;Longueuil;V;J4P3G6;0;0;1;0;1;Installation;Privé;www.successcolaire.ca/ecole;167500;Succès Scolaire;-73.509843;45.514373;Secondaire - Éducation aux adultes;3_Priv_Bat_Secondaire
227;20201019;167503;Succès Scolaire, form. à dist., s. f.;Succès Scolaire, formation à distance, section française;905, chemin Tiffin;;58227;Longueuil;V;J4P3G6;0;0;1;0;1;Installation;Privé;www.successcolaire.ca/ecole;167500;Succès Scolaire;-73.509843;45.514373;Secondaire - Éducation aux adultes;3_Priv_Bat_Secondaire
228;20201019;167504;Succès Scolaire, form. à dist., s. a.;Succès Scolaire, formation à distance, section anglaise;905, chemin Tiffin;;58227;Longueuil;V;J4P3G6;0;0;1;0;1;Installation;Privé;www.successcolaire.ca/ecole;167500;Succès Scolaire;-73.509843;45.514373;Secondaire - Éducation aux adultes;3_Priv_Bat_Secondaire
230;20201019;168501;École Akiva, section anglaise;École Akiva, section anglaise;450, avenue Kensington;;66032;Westmount;V;H3Y3A2;1;1;0;0;0;Installation;Privé;www.akivaschool.com;168500;École Akiva;-73.598071;45.485155;Préscolaire - Primaire;4_Priv_Bat_Presc_Prim
231;20201019;168502;École Akiva, section française;École Akiva, section française;450, avenue Kensington;;66032;Westmount;V;H3Y3A2;1;1;0;0;0;Installation;Privé;www.akivaschool.com;168500;École Akiva;-73.598071;45.485155;Préscolaire - Primaire;4_Priv_Bat_Presc_Prim
233;20201019;169501;Alexander von Humb. Éc. int. all.;Alexander von Humboldt École internationale allemande inc.;216, place Victoria;;66112;Baie-D'Urfé;V;H9X2H9;1;1;1;0;0;Installation;Privé;www.avhmontreal.ca;169500;Alexander von Humboldt École internationale allemande inc.;-73.908621;45.41654;Préscolaire - Primaire - Secondaire;5_Priv_Bat_Presc_Prim_Sec
235;20201019;179501;École Anglissimo;École Anglissimo;2796, rue Prospect;;43027;Sherbrooke;V;J1L3A9;1;0;0;0;0;Installation;Privé;www.ecoleanglissimo.com;179500;École Anglissimo;-71.942719;45.410457;Préscolaire;1_Priv_Bat_Prescolaire
237;20201019;184501;ÉcolACTion;ÉcolACTion;681, rue Chabanel;;94068;Saguenay;V;G7H1Z7;1;1;0;0;0;Installation;Privé;www.ecolaction.com;184500;ÉcolACTion;-71.052074;48.417649;Préscolaire - Primaire;4_Priv_Bat_Presc_Prim
239;20201019;185501;École Alex Manoogian;École Alex Manoogian;755, rue Manoogian;;66023;Montréal;V;H4N1Z5;1;1;1;0;0;Installation;Privé;www.alexmanoogian.qc.ca;185500;École Alex Manoogian;-73.667482;45.517839;Préscolaire - Primaire - Secondaire;5_Priv_Bat_Presc_Prim_Sec
241;20201019;186501;École au Jardin Bleu;École au Jardin Bleu;1690, rue Sauvé Est;;66023;Montréal;V;H2C2A8;1;1;0;0;0;Installation;Privé;www.ecoleaujardinbleu.com;186500;École au Jardin Bleu;-73.648653;45.563148;Préscolaire - Primaire;4_Priv_Bat_Presc_Prim
243;20201019;187501;École Augustin Roscelli;École Augustin Roscelli;11960, boulevard de l'Acadie;;66023;Montréal;V;H3M2T7;1;1;0;0;0;Installation;Privé;http://www.ecoleaugustinroscelli.com;187500;École Augustin Roscelli;-73.695283;45.540266;Préscolaire - Primaire;4_Priv_Bat_Presc_Prim
245;20201019;188501;École Beth Jacob, section anglaise;École Beth Jacob de Rav Hirschprung, section anglaise;1750, avenue Glendale;;66023;Montréal;V;H2V1B3;1;1;1;0;0;Installation;Privé;;188500;École Beth Jacob de Rav Hirschprung;-73.623648;45.517322;Préscolaire - Primaire - Secondaire;5_Priv_Bat_Presc_Prim_Sec
246;20201019;188502;École Beth Jacob, section française;École Beth Jacob de Rav Hirschprung, section française;1750, avenue Glendale;;66023;Montréal;V;H2V1B3;1;1;1;0;0;Installation;Privé;;188500;École Beth Jacob de Rav Hirschprung;-73.623648;45.517322;Préscolaire - Primaire - Secondaire;5_Priv_Bat_Presc_Prim_Sec
248;20201019;189501;École bilingue Notre-Dame de Sion;École bilingue Notre-Dame de Sion;1775, rue Décarie;;66023;Montréal;V;H4L3N5;1;1;0;0;0;Installation;Privé;www.ebnds.com;189500;École bilingue Notre-Dame de Sion;-73.692637;45.521041;Préscolaire - Primaire;4_Priv_Bat_Presc_Prim
251;20201019;195501;École Buissonnière;École Buissonnière;215, avenue De L'Épée;;66023;Montréal;V;H2V3T3;1;1;0;0;0;Installation;Privé;www.ecolebuissonniere.ca;195500;École Buissonnière;-73.599969;45.517841;Préscolaire - Primaire;4_Priv_Bat_Presc_Prim
253;20201019;196501;École Charles-Perrault (Pierrefonds);École Charles-Perrault (Pierrefonds);106, rue Cartier;;66023;Montréal;V;H8Y1G8;1;1;0;0;0;Installation;Privé;www.ecolecharles-perrault.ca;196500;École Charles-Perrault (Pierrefonds);-73.814567;45.503384;Préscolaire - Primaire;4_Priv_Bat_Presc_Prim
255;20201019;197501;École Charles Perrault (Laval);École Charles Perrault (Laval);1750, boulevard de la Concorde Est;;65005;Laval;V;H7G2E7;1;1;0;0;0;Installation;Privé;www.ecolecharlesperrault.com;197500;École Charles Perrault (Laval);-73.678766;45.579683;Préscolaire - Primaire;4_Priv_Bat_Presc_Prim
257;20201019;198501;École chrétienne Emmanuel, s. anglaise;École chrétienne Emmanuel, section anglaise;4698, boulevard Saint-Jean;;66142;Dollard-Des Ormeaux;V;H9H4S5;1;1;0;0;0;Installation;Privé;www.emmanuelcs.ca;198500;École chrétienne Emmanuel;-73.849777;45.486833;Préscolaire - Primaire;4_Priv_Bat_Presc_Prim
258;20201019;198502;École chrétienne Emmanuel, s. française;École chrétienne Emmanuel, section française;4698, boulevard Saint-Jean;;66142;Dollard-Des Ormeaux;V;H9H4S5;0;0;1;0;0;Installation;Privé;www.emmanuelcs.ca;198500;École chrétienne Emmanuel;-73.849777;45.486833;Secondaire;3_Priv_Bat_Secondaire
316;20201019;254501;École Montessori de Québec;École Montessori de Québec;1265, avenue du Buisson;;23027;Québec;V;G1T2C4;1;1;0;0;0;Installation;Privé;info@montessori-qc.net;254500;École Montessori de Québec;-71.257487;46.779638;Préscolaire - Primaire;4_Priv_Bat_Presc_Prim
318;20201019;259502;École Montessori Ville-Marie;École Montessori Ville-Marie;760, rue St-Germain;;66023;Montréal;V;H4L3R5;1;1;0;0;0;Installation;Privé;;259500;École Montessori Ville-Marie;-73.676618;45.511912;Préscolaire - Primaire;4_Priv_Bat_Presc_Prim
324;20201019;266501;École Notre Dame de Nareg;École Notre Dame de Nareg;500, 67e Avenue;;65005;Laval;V;H7V2N2;1;1;1;0;0;Installation;Privé;;266500;École Notre Dame de Nareg;-73.732803;45.542211;Préscolaire - Primaire - Secondaire;5_Priv_Bat_Presc_Prim_Sec
326;20201019;268501;Éc. orale de Montréal;École orale de Montréal pour les sourds, inc.;4670, rue Sainte-Catherine Ouest;;66032;Westmount;V;H3Z1S5;1;1;0;0;0;Installation;Privé;www.montrealoralschool.com;268500;École orale de Montréal pour les sourds, inc.;-73.595805;45.478601;Préscolaire - Primaire;4_Priv_Bat_Presc_Prim
328;20201019;269501;Collège Pasteur, Pavillon Khalil Gibran;Collège Pasteur, Pavillon Khalil Gibran;12345, avenue de la Miséricorde;;66023;Montréal;V;H4J2E8;0;1;1;0;0;Installation;Privé;www.collegepasteur.ca;269500;Collège Pasteur;-73.718425;45.53433;Primaire - Secondaire;7_Priv_Bat_Prim_Sec
329;20201019;269502;Collège Pasteur, Pavillon Victor-Hugo;Collège Pasteur, Pavillon Victor-Hugo;12525, rue Lachapelle;;66023;Montréal;V;H4J2N2;1;1;0;0;0;Installation;Privé;www.collegepasteur.ca;269500;Collège Pasteur;-73.726098;45.532047;Préscolaire - Primaire;4_Priv_Bat_Presc_Prim
335;20201019;278501;École Peter Hall inc., Campus Ouimet;École Peter Hall inc., Campus Ouimet;1455, rue Rochon;;66023;Montréal;V;H4L1W1;1;1;1;0;0;Installation;Privé;www.peterhall.qc.ca;278500;École Peter Hall inc.;-73.685171;45.516374;Préscolaire - Primaire - Secondaire;5_Priv_Bat_Presc_Prim_Sec
336;20201019;278503;École Peter Hall inc., Campus Côte-Vertu;École Peter Hall inc., Campus Côte-Vertu;840, boulevard de la Côte-Vertu;;66023;Montréal;V;H4L1Y4;1;1;1;0;0;Installation;Privé;www.peterhall.qc.ca;278500;École Peter Hall inc.;-73.673889;45.518624;Préscolaire - Primaire - Secondaire;5_Priv_Bat_Presc_Prim_Sec
338;20201019;279501;École Plein Soleil (Association coop.);École Plein Soleil (Association coopérative);355, rue du Chardonnay;;43027;Sherbrooke;V;J1L0J3;1;1;0;0;0;Installation;Privé;www.pleinsoleil.qc.ca;279500;École Plein Soleil (Association coopérative);-71.94861;45.420034;Préscolaire - Primaire;4_Priv_Bat_Presc_Prim
340;20201019;283501;Éc. prém.-mat. Mont. Anc-Lorette;École prématernelle-maternelle Montessori (Ancienne-Lorette);5121, boulevard Chauveau;;23027;Québec;V;G2E5A6;1;0;0;0;0;Installation;Privé;http://www.montessori-al.ca/ecole/;283500;École prématernelle-maternelle Montessori (Ancienne-Lorette);-71.366954;46.819682;Préscolaire;1_Priv_Bat_Prescolaire
342;20201019;288501;École première Mesifta du Canada;École première Mesifta du Canada;2355, avenue Ekers;;66072;Mont-Royal;V;H3S1C6;1;1;1;0;0;Installation;Privé;;288500;École première Mesifta du Canada;-73.628991;45.514823;Préscolaire - Primaire - Secondaire;5_Priv_Bat_Presc_Prim_Sec
276;20201019;208504;Acad. int. Zig Zag, Camp. prim. an;Académie internationale Zig Zag, Campus primaire, section anglaise;27, rue Laurier Ouest;;39062;Victoriaville;V;G6P6P4;0;1;0;0;0;Installation;Privé;www.zigetzag.com;208500;Académie internationale Zig Zag;-71.915982;46.037487;Primaire;2_Priv_Bat_Prim
278;20201019;209501;École de Formation Hébraïque, s. angl.;École de Formation Hébraïque, section anglaise;2, rue Hope;;66142;Dollard-Des Ormeaux;V;H9A2V5;1;1;1;0;0;Installation;Privé;;209500;École de Formation Hébraïque;-73.820671;45.491926;Préscolaire - Primaire - Secondaire;5_Priv_Bat_Presc_Prim_Sec
279;20201019;209502;École de Formation Hébraïque, s. franç.;École de Formation Hébraïque, section française;2, rue Hope;;66142;Dollard-Des Ormeaux;V;H9A2V5;1;1;1;0;0;Installation;Privé;;209500;École de Formation Hébraïque;-73.820671;45.491926;Préscolaire - Primaire - Secondaire;5_Priv_Bat_Presc_Prim_Sec
283;20201019;215501;Coll. comp. et sec. Québec, c.Sherbrooke;Collège de comptabilité et de secrétariat du Québec, campus de Sherbrooke inc.;37, rue Wellington Nord;;43027;Sherbrooke;V;J1H5A9;0;0;0;1;0;Installation;Privé;www.ccsq.ca;215500;Collège de comptabilité et de secrétariat du Québec, campus de Sherbrooke inc.;-71.890978;45.401926;Formation professionnelle;8_Priv_Bat_FP
285;20201019;216501;École de technologie gazière;École de technologie gazière;1350, rue Nobel, bureau 200;;58033;Boucherville;V;J4B5H3;0;0;0;1;0;Installation;Privé;;216500;École de technologie gazière;-73.426887;45.567135;Formation professionnelle;8_Priv_Bat_FP
287;20201019;218501;L'Éc. routier prof. du Québec;L'École du Routier Professionnel du Québec (1996) Inc.;12305, boulevard Métropolitain Est;;66023;Montréal;V;H1B5R3;0;0;0;1;0;Installation;Privé;www.techni-data.com;218500;L'École du Routier Professionnel du Québec (1996) Inc.;-73.526983;45.652486;Formation professionnelle;8_Priv_Bat_FP
289;20201019;219501;École Miss Edgar et Miss Cramp;École Miss Edgar et Miss Cramp;525, avenue Mount Pleasant;;66032;Westmount;V;H3Y3H6;1;1;1;0;0;Installation;Privé;www.ecs.qc.ca;219500;École Miss Edgar et Miss Cramp;-73.59676;45.491216;Préscolaire - Primaire - Secondaire;5_Priv_Bat_Presc_Prim_Sec
291;20201019;226501;Éc. Jésus-Marie Beauceville;École Jésus-Marie de Beauceville ;670, 9e Avenue;;27028;Beauceville;V;G5X3P6;0;0;1;0;0;Installation;Privé;www.ejm.qc.ca;226500;École Jésus-Marie de Beauceville;-70.764944;46.203528;Secondaire;3_Priv_Bat_Secondaire
293;20201019;227501;École Le Sommet;École Le Sommet;1750, rue Deguire;;66023;Montréal;V;H4L1M7;1;1;1;0;0;Installation;Privé;www.summit-school.com;227500;École Le Sommet;-73.693336;45.515974;Préscolaire - Primaire - Secondaire;5_Priv_Bat_Presc_Prim_Sec
294;20201019;227502;École Le Sommet, Campus École Westmount;École Le Sommet, Campus École Westmount;2355, rue DeCelles;;66023;Montréal;V;H4M1C2;0;0;1;0;0;Installation;Privé;www.summit-school.com;227500;École Le Sommet;-73.693961;45.504122;Secondaire;3_Priv_Bat_Secondaire
295;20201019;227503;École Le Sommet, Campus TECC;École Le Sommet, Campus TECC;1819, boulevard René-Lévesque;;66023;Montréal;V;H3H2P4;0;0;1;0;0;Installation;Privé;www.summit-school.com;227500;École Le Sommet;-73.57711;45.49223;Secondaire;3_Priv_Bat_Secondaire
297;20201019;228501;École Les Mélèzes;École Les Mélèzes;393, rue De Lanaudière;;61025;Joliette;V;J6E3L9;1;1;0;0;0;Installation;Privé;http//www.lesmelezes.ca;228500;École Les Mélèzes;-73.436092;46.022626;Préscolaire - Primaire;4_Priv_Bat_Presc_Prim
299;20201019;229501;École Maïmonide, Campus Jacob Safra;École Maïmonide, Campus Jacob Safra;1900, rue Bourdon;;66023;Montréal;V;H4M2X7;1;1;1;0;0;Installation;Privé;www.ecolemaimonide.org;229500;École Maïmonide;-73.673654;45.500483;Préscolaire - Primaire - Secondaire;5_Priv_Bat_Presc_Prim_Sec
300;20201019;229502;École Maïmonide, Campus Parkhaven;École Maïmonide, Campus Parkhaven;5615, avenue Parkhaven;;66058;Côte-Saint-Luc;V;H4W1X3;1;1;1;0;0;Installation;Privé;www.ecolemaimonide.org;229500;École Maïmonide;-73.66198;45.46762;Préscolaire - Primaire - Secondaire;5_Priv_Bat_Presc_Prim_Sec
302;20201019;237501;Éc. Marcelle-Mallet;École Marcelle-Mallet;51, rue Déziel;;25213;Lévis;V;G6V3T7;0;0;1;0;0;Installation;Privé;www.emm.qc.ca;237500;École Marcelle-Mallet;-71.185257;46.810132;Secondaire;3_Priv_Bat_Secondaire
304;20201019;238502;École Marie Gibeau;École Marie Gibeau;1331, rue Sainte-Hélène;;58227;Longueuil;V;J4K3S4;1;1;0;0;0;Installation;Privé;www.ecolemariegibeau.com;238500;École Marie Gibeau;-73.497933;45.517821;Préscolaire - Primaire;4_Priv_Bat_Presc_Prim
306;20201019;239501;École Marie-Anne;École Marie-Anne;4567, rue du Mont-Pontbriand;;62037;Rawdon;M;J0K1S0;1;1;1;0;0;Installation;Privé;www.ecolemarieanne.org;239500;École Marie-Anne;-73.739535;46.059171;Préscolaire - Primaire - Secondaire;5_Priv_Bat_Presc_Prim_Sec
308;20201019;244501;École Marie-Clarac;École Marie-Clarac;11273, avenue de Mère-Anselme;;66023;Montréal;V;H1H4Z2;1;1;0;0;0;Installation;Privé;www.ecolemarie-clarac.qc.ca;244500;École Marie-Clarac;-73.648541;45.589962;Préscolaire - Primaire;4_Priv_Bat_Presc_Prim
309;20201019;244503;École Marie-Clarac;École Marie-Clarac (Claudette Mackay-Lassonde);3641, boulevard Gouin Est;;66023;Montréal;V;H1H5L8;0;0;1;0;0;Installation;Privé;www.ecolemarie-clarac.qc.ca;244500;École Marie-Clarac;-73.649431;45.592283;Secondaire;3_Priv_Bat_Secondaire
311;20201019;249501;École Montessori de l'Outaouais;École Montessori de l'Outaouais;161, rue Principale;;81017;Gatineau;V;J9H7H4;1;1;0;0;0;Installation;Privé;www.montessori-outaouais.qc.ca;249500;École Montessori de l'Outaouais;-75.839754;45.396268;Préscolaire - Primaire;4_Priv_Bat_Presc_Prim
314;20201019;253501;École Montessori de la Mauricie;École Montessori de la Mauricie;6400, rue Marion;;37067;Trois-Rivières;V;G9A6H3;1;0;0;0;0;Installation;Privé;;253500;École Montessori de la Mauricie;-72.578978;46.320023;Préscolaire;1_Priv_Bat_Prescolaire
404;20201019;348501;Éducation Plus;Éducation Plus;1275, rue Hodge;;66023;Montréal;V;H4N2B1;0;0;1;0;0;Installation;Privé;www.edplus.ca;348500;Éducation Plus;-73.667284;45.509941;Secondaire;3_Priv_Bat_Secondaire
406;20201019;349501;Externat Mont-Jésus-Marie;Externat Mont-Jésus-Marie;2755, chemin de la Côte-Sainte-Catherine;;66023;Montréal;V;H3T1B5;1;1;0;0;0;Installation;Privé;www.montjesusmarie.com;349500;Externat Mont-Jésus-Marie;-73.62201;45.506759;Préscolaire - Primaire;4_Priv_Bat_Presc_Prim
408;20201019;350501;Externat Sacré-Coeur;Externat Sacré-Coeur;535, rue Lefrançois;;73020;Rosemère;V;J7A4R5;0;0;1;0;0;Installation;Privé;externat.qc.ca;350500;Externat Sacré-Coeur;-73.790121;45.654469;Secondaire;3_Priv_Bat_Secondaire
410;20201019;351501;Externat St-Jean-Berchmans;Externat St-Jean-Berchmans;2303, chemin Saint-Louis;;23027;Québec;V;G1T1R5;1;1;0;0;0;Installation;Privé;www.externatsjb.com;351500;Externat St-Jean-Berchmans;-71.259299;46.770638;Préscolaire - Primaire;4_Priv_Bat_Presc_Prim
412;20201019;352501;Saint-Jean-Eudes;Saint-Jean-Eudes;650, avenue du Bourg-Royal;;23027;Québec;V;G2L1M8;0;0;1;0;0;Installation;Privé;www.saint-jean-eudes.com;352500;Saint-Jean-Eudes;-71.24345;46.876965;Secondaire;3_Priv_Bat_Secondaire
415;20201019;364501;Académie adventiste Greaves, Campus Mtl;Académie adventiste Greaves, Campus de Montréal;2330, avenue West Hill;;66023;Montréal;V;H4B2S4;1;1;1;0;0;Installation;Privé;www.greavesadventistacademy.com;364500;Académie adventiste Greaves;-73.623178;45.463916;Préscolaire - Primaire - Secondaire;5_Priv_Bat_Presc_Prim_Sec
416;20201019;364503;Académie adventiste Greaves, C. Sartigan;Académie adventiste Greaves, Campus Sartigan;645, 7e rue Sartigan;;29073;Saint-Georges;V;G5Y5B8;1;1;1;0;0;Installation;Privé;www.acadsartigan.org;364500;Académie adventiste Greaves;-70.645259;46.084329;Préscolaire - Primaire - Secondaire;5_Priv_Bat_Presc_Prim_Sec
418;20201019;365501;Institut d'enseignement de Sept-Îles;Institut d'enseignement de Sept-Îles;737, avenue Gamache;;97007;Sept-Îles;V;G4R2J8;0;0;1;0;0;Installation;Privé;http://www.iesi.in;365500;Institut d'enseignement de Sept-Îles;-66.390348;50.217539;Secondaire;3_Priv_Bat_Secondaire
420;20201019;367501;Collège Reine-Marie;Collège Reine-Marie;9300, boulevard Saint-Michel;;66023;Montréal;V;H1Z3H1;0;0;1;0;0;Installation;Privé;www.reine-marie.qc.ca;367500;Collège Reine-Marie;-73.632718;45.572669;Secondaire;3_Priv_Bat_Secondaire
422;20201019;368501;Institut Saint-Joseph;Institut Saint-Joseph;900, avenue Joffre;;23027;Québec;V;G1S4Z3;1;1;0;0;0;Installation;Privé;www.st-joseph.qc.ca;368500;Institut Saint-Joseph;-71.245111;46.795778;Préscolaire - Primaire;4_Priv_Bat_Presc_Prim
349;20201019;304501;École Les Trois Saisons;École Les Trois Saisons;570, boulevard de Mortagne;;58033;Boucherville;V;J4B5E4;1;1;1;0;0;Installation;Privé;www.ecoletroissaisons.com;304500;École Les Trois Saisons;-73.432659;45.593692;Préscolaire - Primaire - Secondaire;5_Priv_Bat_Presc_Prim_Sec
351;20201019;305501;Éc. Socrates-Démosthène, C. Socrates II;École Socrates-Démosthène, Campus Socrates II;5757, avenue Wilderton;;66023;Montréal;V;H3S2K8;1;1;1;0;0;Installation;Privé;www.socdem.org;305500;École Socrates-Démosthène;-73.61977;45.509047;Préscolaire - Primaire - Secondaire;5_Priv_Bat_Presc_Prim_Sec
352;20201019;305502;Éc. Socrates-Démosthène, C. Socrates IV;École Socrates-Démosthène, Campus Socrates IV;5220, boulevard Grande-Allée;;58227;Longueuil;V;J3Y1A1;1;1;0;0;0;Installation;Privé;www.socdem.org;305500;École Socrates-Démosthène;-73.450727;45.480682;Préscolaire - Primaire;4_Priv_Bat_Presc_Prim
353;20201019;305503;Éc. Socrates-Démosthène, C. Socrates III;École Socrates-Démosthène, Campus Socrates III;11, 11e Rue;;66023;Montréal;V;H8Y1K6;1;1;0;0;0;Installation;Privé;www.socdem.org;305500;École Socrates-Démosthène;-73.802379;45.505247;Préscolaire - Primaire;4_Priv_Bat_Presc_Prim
354;20201019;305504;Éc. Socrates-Démosthène, C. Socrates V;École Socrates-Démosthène, Campus Socrates V;931, rue Emerson;;65005;Laval;V;H7W3Y5;1;1;0;0;0;Installation;Privé;www.socdem.org;305500;École Socrates-Démosthène;-73.766778;45.536837;Préscolaire - Primaire;4_Priv_Bat_Presc_Prim
355;20201019;305505;É. Socrates-Démosthène, C. Socrates V a.;École Socrates-Démosthène, Campus Socrates V annexe;1005, boulevard Pie-X;;65005;Laval;V;H7V3A9;1;0;0;0;0;Installation;Privé;www.socdem.org;305500;École Socrates-Démosthène;-73.744326;45.545186;Préscolaire;1_Priv_Bat_Prescolaire
356;20201019;305506;École Socrates-Démosthène, C. Démosthène;École Socrates-Démosthène, Campus Démosthène;1565, boulevard Saint-Martin Ouest;;65005;Laval;V;H7S1N1;1;1;0;0;0;Installation;Privé;www.socdem.org;305500;École Socrates-Démosthène;-73.726467;45.569304;Préscolaire - Primaire;4_Priv_Bat_Presc_Prim
358;20201019;306501;École Rudolf Steiner de Montréal;École Rudolf Steiner de Montréal;4855, avenue de Kensington;;66023;Montréal;V;H3X3S6;0;1;1;0;0;Installation;Privé;www.ersm.org;306500;École Rudolf Steiner de Montréal;-73.635613;45.471632;Primaire - Secondaire;7_Priv_Bat_Prim_Sec
360;20201019;308501;Éc. St-Georges de Montréal (Campus I);L'École St-Georges de Montréal inc. (campus I);3100, Le Boulevard;;66023;Montréal;V;H3Y1R9;0;0;1;0;0;Installation;Privé;www.stgeorges.qc.ca;308500;L'École St-Georges de Montréal inc.;-73.596726;45.493735;Secondaire;3_Priv_Bat_Secondaire
361;20201019;308502;Éc. St-Georges de Montréal (campus II);L'École St-Georges de Montréal inc. (campus II);3685, Le Boulevard;;66032;Westmount;V;H3Y1S9;1;1;0;0;0;Installation;Privé;www.stgeorges.qc.ca;308500;L'École St-Georges de Montréal inc.;-73.604982;45.489031;Préscolaire - Primaire;4_Priv_Bat_Presc_Prim
363;20201019;311501;École Saint-Joseph (1985);École Saint-Joseph (1985);4080, avenue De Lorimier;;66023;Montréal;V;H2K3X7;1;1;0;0;0;Installation;Privé;www.stjoseph.qc.ca;311500;École Saint-Joseph (1985);-73.566583;45.531947;Préscolaire - Primaire;4_Priv_Bat_Presc_Prim
365;20201019;312501;École Sainte-Anne;École Sainte-Anne;6855, 13e Avenue;;66023;Montréal;V;H1X2Z3;1;1;0;0;0;Installation;Privé;www.ecolesainte-anne..ca;312500;École Sainte-Anne;-73.591516;45.558645;Préscolaire - Primaire;4_Priv_Bat_Presc_Prim
367;20201019;313501;École Sainte-Famille;École Sainte-Famille;10425, boulevard Guillaume-Couture;;25213;Lévis;V;G6V9R6;0;1;1;0;0;Installation;Privé;ecolestefamille.ca;313500;École Sainte-Famille;-71.089286;46.826617;Primaire - Secondaire;7_Priv_Bat_Prim_Sec
369;20201019;314501;Éc. sec. de Bromptonville;École secondaire de Bromptonville ;125, rue du Frère-Théode;;43027;Sherbrooke;V;J1C0S3;0;0;1;0;0;Installation;Privé;http://ecolesecondairebromptonville.com/;314500;École secondaire de Bromptonville;-71.953104;45.47155;Secondaire;3_Priv_Bat_Secondaire
371;20201019;315501;Éc. sec. du Verbe Divin;École secondaire du verbe divin inc.;1021, rue Cowie C.P. 786;;47017;Granby;V;J2G8W8;0;0;1;0;0;Installation;Privé;www.verbedivin.com;315500;École secondaire du verbe divin inc.;-72.773203;45.396514;Secondaire;3_Priv_Bat_Secondaire
373;20201019;316501;École secondaire Duval;École secondaire Duval inc.;260, boulevard Henri-Bourassa Est;;66023;Montréal;V;H3L1B8;0;0;1;0;1;Installation;Privé;www.ecoleduval.com;316500;École secondaire Duval inc.;-73.669292;45.552632;Secondaire - Éducation aux adultes;3_Priv_Bat_Secondaire
375;20201019;317501;École secondaire privée François-Bourrin;École secondaire privée François-Bourrin;50, avenue des Cascades;;23027;Québec;V;G1E2J7;0;0;1;0;0;Installation;Privé;ecolefrancoisbourrin.ca;317500;École secondaire privée François-Bourrin;-71.196091;46.861634;Secondaire;3_Priv_Bat_Secondaire
377;20201019;321501;Collège Boisbriand 2016;Collège Boisbriand 2016;4747, rue Ambroise-Lafortune;;73005;Boisbriand;V;J7H0A4;0;0;1;0;0;Installation;Privé;www.collegeboisbriand.qc.ca;321500;Collège Boisbriand 2016;-73.868006;45.64072;Secondaire;3_Priv_Bat_Secondaire
379;20201019;322501;Collège Letendre;Collège Letendre;1000, boulevard de l'Avenir;;65005;Laval;V;H7N6J6;0;0;1;0;0;Installation;Privé;www.collegeletendre.qc.ca;322500;Collège Letendre;-73.72202;45.560215;Secondaire;3_Priv_Bat_Secondaire
381;20201019;323501;Éc. sec. Marcellin-Champagnat;École secondaire Marcellin-Champagnat ;14, chemin des Patriotes Est;;56083;Saint-Jean-sur-Richelieu;V;J2X5P9;0;0;1;0;0;Installation;Privé;www.esmc.qc.ca;323500;École secondaire Marcellin-Champagnat;-73.247404;45.317844;Secondaire;3_Priv_Bat_Secondaire
383;20201019;324501;Collège d'Anjou;Collège d'Anjou;11000, rue Renaude-Lapointe;;66023;Montréal;V;H1J2V7;0;0;1;0;0;Installation;Privé;www.collegedanjou.qc.ca;324500;Collège d'Anjou;-73.592351;45.611626;Secondaire;3_Priv_Bat_Secondaire
385;20201019;326501;École secondaire Mont-Saint-Sacrement;École secondaire Mont-Saint-Sacrement;200, boulevard Saint-Sacrement;;22025;Saint-Gabriel-de-Valcartier;M;G0A4S0;0;0;1;0;0;Installation;Privé;www.mss.qc.ca;326500;École secondaire Mont-Saint-Sacrement;-71.507465;46.978589;Secondaire;3_Priv_Bat_Secondaire
387;20201019;327501;Collège Notre-Dame de Rivière-du-Loup;Collège Notre-Dame de Rivière-du-Loup;56, rue Saint-Henri;;12072;Rivière-du-Loup;V;G5R2A1;0;0;1;0;0;Installation;Privé;www.collegenotredame.ca;327500;Collège Notre-Dame de Rivière-du-Loup;-69.536041;47.822242;Secondaire;3_Priv_Bat_Secondaire
389;20201019;335501;Coll. St-Joseph de Hull;Collège Saint-Joseph de Hull;174, rue Notre-Dame-de-l'Île;;81017;Gatineau;V;J8X3T4;0;0;1;0;0;Installation;Privé;www.collegestjoseph.ca;335500;Collège Saint-Joseph de Hull;-75.710378;45.431405;Secondaire;3_Priv_Bat_Secondaire
391;20201019;336501;Éc. sec. Saint-Joseph;École secondaire Saint-Joseph de Saint-Hyacinthe;2875, ave Bourdages Nord;;54048;Saint-Hyacinthe;V;J2S5S3;0;0;1;0;0;Installation;Privé;www.essj.qc.ca;336500;École secondaire Saint-Joseph de Saint-Hyacinthe;-72.964217;45.632777;Secondaire;3_Priv_Bat_Secondaire
393;20201019;337501;Col. Saint-Sacrement;Collège Saint-Sacrement;901, rue Saint-Louis;;64008;Terrebonne;V;J6W1K1;0;0;1;0;0;Installation;Privé;www.collegesaintsacrement.qc.ca;337500;Collège Saint-Sacrement;-73.637612;45.696245;Secondaire;3_Priv_Bat_Secondaire
395;20201019;338501;École Selwyn House, Campus 1;École Selwyn House, Campus 1;95, chemin de la Côte-Saint-Antoine;;66032;Westmount;V;H3Y2H8;1;1;1;0;0;Installation;Privé;www.selwyn.ca;338500;École Selwyn House;-73.59748;45.486131;Préscolaire - Primaire - Secondaire;5_Priv_Bat_Presc_Prim_Sec
396;20201019;338502;École Selwyn House, Campus 2;École Selwyn House, Campus 2;101, chemin de la Côte-Saint-Antoine;;66032;Westmount;V;H3Y2H8;0;0;1;0;0;Installation;Privé;www.selwyn.ca;338500;École Selwyn House;-73.598221;45.485691;Secondaire;3_Priv_Bat_Secondaire
398;20201019;345505;École Vanguard, secteur francophone;École Vanguard, secteur francophone;5935, chemin de la Côte-de-Liesse;;66023;Montréal;V;H4T1C3;0;1;1;0;0;Installation;Privé;www.vanguardquebec.qc.ca;345500;École Vanguard;-73.683734;45.49155;Primaire - Secondaire;7_Priv_Bat_Prim_Sec
399;20201019;345506;École Vanguard, secteur anglophone;École Vanguard, secteur anglophone;5935, chemin de la Côte-de-Liesse;;66023;Montréal;V;H4T1C3;0;1;1;0;0;Installation;Privé;;345500;École Vanguard;-73.683734;45.49155;Primaire - Secondaire;7_Priv_Bat_Prim_Sec
401;20201019;347501;Éc. musulmanes de Mtl, Campus primaire;Écoles musulmanes de Montréal, Campus primaire;7445, avenue Chester;;66023;Montréal;V;H4V1M4;1;1;0;0;0;Installation;Privé;www.emms.ca;347500;Écoles musulmanes de Montréal;-73.654803;45.459612;Préscolaire - Primaire;4_Priv_Bat_Presc_Prim
402;20201019;347502;Éc. mus. de Mtl, Campus secondaire;Écoles musulmanes de Montréal, Campus secondaire;2255, boulevard Cavendish;;66023;Montréal;V;H4B2L7;0;0;1;0;0;Installation;Privé;www.emms.ca;347500;Écoles musulmanes de Montréal;-73.62549;45.462672;Secondaire;3_Priv_Bat_Secondaire
463;20201019;403502;Les écoles commun. Skver, sect. anglaise;Les écoles communautaires Skver, section anglaise;940, avenue Outremont;;66023;Montréal;V;H2V4P8;1;1;0;0;0;Installation;Privé;;403500;Les écoles communautaires Skver;-73.616903;45.52229;Préscolaire - Primaire;4_Priv_Bat_Presc_Prim
464;20201019;403504;Les écoles comm. Skver, sect. française;Les écoles communautaires Skver, section française;940, avenue Outremont;;66023;Montréal;V;H2V4P8;1;1;1;0;0;Installation;Privé;;403500;Les écoles communautaires Skver;-73.616903;45.52229;Préscolaire - Primaire - Secondaire;5_Priv_Bat_Presc_Prim_Sec
466;20201019;404503;Écoles juives et Peretz, sect. anglaise;Les Écoles juives populaires et les Écoles Peretz inc., section anglaise;6500, chemin Kildare;;66058;Côte-Saint-Luc;V;H4W3B8;1;1;1;0;0;Installation;Privé;;404500;Les Écoles juives populaires et les Écoles Peretz inc.;-73.657625;45.479072;Préscolaire - Primaire - Secondaire;5_Priv_Bat_Presc_Prim_Sec
467;20201019;404506;Écoles juives et Peretz, sect. française;Les Écoles juives populaires et les Écoles Peretz inc., section française;6500, chemin Kildare;;66058;Côte-Saint-Luc;V;H4W3B8;1;1;1;0;0;Installation;Privé;;404500;Les Écoles juives populaires et les Écoles Peretz inc.;-73.657625;45.479072;Préscolaire - Primaire - Secondaire;5_Priv_Bat_Presc_Prim_Sec
469;20201019;405501;Les Filles de Sainte-Marie de Leuca;Les Filles de Sainte-Marie de Leuca;125, rue Coulonge;;58227;Longueuil;V;J4G1H7;1;0;0;0;0;Installation;Privé;;405500;Les Filles de Sainte-Marie de Leuca;-73.483332;45.569407;Préscolaire;1_Priv_Bat_Prescolaire
471;20201019;407501;Séminaire Marie-Reine-du-Clergé;Séminaire Marie-Reine-du-Clergé;1569, route 169;;93012;Métabetchouan--Lac-à-la-Croix;V;G8G1A8;0;0;1;0;0;Installation;Privé;www.smrc.qc.ca;407500;Séminaire Marie-Reine-du-Clergé;-71.84267;48.438927;Secondaire;3_Priv_Bat_Secondaire
473;20201019;408501;Le Collège Lower Canada,C. prim. et sec.;Le Collège Lower Canada, Campus primaire et secondaire;4090, avenue Royal;;66023;Montréal;V;H4A2M5;0;1;1;0;0;Installation;Privé;www.lcc.ca;408500;Le Collège Lower Canada;-73.624113;45.470475;Primaire - Secondaire;7_Priv_Bat_Prim_Sec
474;20201019;408502;Le Collège Lower Canada, C. préscolaire;Le Collège Lower Canada, Campus préscolaire;4030-4040, avenue Royal;;66023;Montréal;V;H4A2M5;1;0;0;0;0;Installation;Privé;www.lcc.ca;408500;Le Collège Lower Canada;-73.622718;45.469946;Préscolaire;1_Priv_Bat_Prescolaire
476;20201019;410501;École secondaire Loyola;École secondaire Loyola;7272, rue Sherbrooke Ouest;;66023;Montréal;V;H4B1R2;0;0;1;0;0;Installation;Privé;www.loyola.ca;410500;École secondaire Loyola;-73.63894;45.456681;Secondaire;3_Priv_Bat_Secondaire
478;20201019;426501;Académie des Sacrés-Coeurs;Académie des Sacrés-Coeurs;1575, rang des Vingt;;58037;Saint-Bruno-de-Montarville;V;J3V4P6;1;1;0;0;0;Installation;Privé;www.academiedessacrescoeurs.ca;426500;Académie des Sacrés-Coeurs;-73.294795;45.541463;Préscolaire - Primaire;4_Priv_Bat_Presc_Prim
480;20201019;434501;Pens. du St-Nom-de-Marie;Pensionnat du Saint-Nom-de-Marie ;628, chemin de la Côte-Sainte-Catherine;;66023;Montréal;V;H2V2C5;0;0;1;0;0;Installation;Privé;www.psnm.qc.ca;434500;Pensionnat du Saint-Nom-de-Marie;-73.613168;45.512113;Secondaire;3_Priv_Bat_Secondaire
482;20201019;435501;Pensionnat Notre-Dame-des-Anges;Pensionnat Notre-Dame-des-Anges;5680, boulevard Rosemont;;66023;Montréal;V;H1T2H2;1;1;0;0;0;Installation;Privé;www.pnda.qc.ca;435500;Pensionnat Notre-Dame-des-Anges;-73.560568;45.576014;Préscolaire - Primaire;4_Priv_Bat_Presc_Prim
484;20201019;436501;Externat Saint-Coeur de Marie;Externat Saint-Coeur de Marie;28, avenue des Cascades;;23027;Québec;V;G1E2J8;1;1;0;0;0;Installation;Privé;www.externat-scm.ca;436500;Externat Saint-Coeur de Marie;-71.200223;46.862688;Préscolaire - Primaire;4_Priv_Bat_Presc_Prim
487;20201019;444501;Séminaire de Chicoutimi;Séminaire de Chicoutimi - services éducatifs;679, rue Chabanel;;94068;Saguenay;V;G7H1Z7;0;0;1;0;0;Installation;Privé;www.seminairedechicoutimi.ca;444500;Séminaire de Chicoutimi - services éducatifs;-71.03712;48.41814;Secondaire;3_Priv_Bat_Secondaire
489;20201019;445501;Collège Trinité;Collège Trinité;1475, chemin des Vingt;;58037;Saint-Bruno-de-Montarville;V;J3V4P6;0;0;1;0;0;Installation;Privé;www.collegetrinite.ca;445500;Collège Trinité;-73.30232;45.535601;Secondaire;3_Priv_Bat_Secondaire
491;20201019;446501;Sém. de Sherbrooke;Séminaire de Sherbrooke ;195, rue Marquette;;43027;Sherbrooke;V;J1H1L6;0;0;1;0;0;Installation;Privé;seminaire-sherbrooke.qc.ca;446500;Séminaire de Sherbrooke;-71.894517;45.403012;Secondaire;3_Priv_Bat_Secondaire
424;20201019;374501;Institut secondaire Keranna;Institut secondaire Keranna;6205, boulevard des Chenaux;;37067;Trois-Rivières;V;G8Y6Z1;0;0;1;0;0;Installation;Privé;keranna.qc.ca;374500;Institut secondaire Keranna;-72.604841;46.357709;Secondaire;3_Priv_Bat_Secondaire
426;20201019;375501;Institut technique Aviron de Mtl, c.5460;Institut technique Aviron de Montréal, Campus 5460;5460, avenue Royalmount;;66072;Mont-Royal;V;H4P1H7;0;0;0;1;0;Installation;Privé;www.avirontech.com;375500;Institut technique Aviron de Montréal;-73.662835;45.496054;Formation professionnelle;8_Priv_Bat_FP
427;20201019;375502;Institut technique Aviron de Mtl, c.5490;Institut technique Aviron de Montréal, Campus 5490;5490, avenue Royalmount;;66072;Mont-Royal;V;H4P1H7;0;0;0;1;0;Installation;Privé;www.avirontech.com;375500;Institut technique Aviron de Montréal;-73.663231;45.495738;Formation professionnelle;8_Priv_Bat_FP
429;20201019;377501;Juvénat Notre-Dame du Saint-Laurent;Juvénat Notre-Dame du Saint-Laurent;30, rue du Juvénat;;25213;Lévis;V;G6W7X2;0;0;1;0;0;Installation;Privé;www.jnd.qc.ca;377500;Juvénat Notre-Dame du Saint-Laurent;-71.235499;46.761893;Secondaire;3_Priv_Bat_Secondaire
431;20201019;380501;L'Académie Centennial, section anglaise;L'Académie Centennial, section anglaise;2065, rue Sherbrooke Ouest;;66023;Montréal;V;H3H1G6;0;0;1;0;0;Installation;Privé;www.centennial.qc.ca;380500;L'Académie Centennial;-73.586766;45.493525;Secondaire;3_Priv_Bat_Secondaire
432;20201019;380503;L'Académie Centennial, section française;L'Académie Centennial, section française;2065, rue Sherbrooke Ouest;;66023;Montréal;V;H3H1G6;0;0;1;0;0;Installation;Privé;;380500;L'Académie Centennial;-73.586759;45.493518;Secondaire;3_Priv_Bat_Secondaire
433;20201019;380504;L'Académie Centennial, sec. angl. 2e c.;L'Académie Centennial, section anglaise 2e cycle;5100, chemin de la Côte-Saint-Luc;;66023;Montréal;V;H3G2G9;0;0;1;0;0;Installation;Privé;;380500;L'Académie Centennial;-73.620039;45.482175;Secondaire;3_Priv_Bat_Secondaire
435;20201019;382501;Ac. hébraïque inc., section anglaise;Académie hébraïque inc., section anglaise;5700, avenue Kellert;;66058;Côte-Saint-Luc;V;H4W1T4;1;1;1;0;0;Installation;Privé;www.ha-mtl.org;382500;Académie hébraïque inc.;-73.661623;45.472588;Préscolaire - Primaire - Secondaire;5_Priv_Bat_Presc_Prim_Sec
436;20201019;382502;Ac. hébraïque inc., section française;Académie hébraïque inc., section francaise;5700, avenue Kellert;;66058;Côte-Saint-Luc;V;H4W1T4;1;1;0;0;0;Installation;Privé;www.ha-mtl.org;382500;Académie hébraïque inc.;-73.661623;45.472588;Préscolaire - Primaire;4_Priv_Bat_Presc_Prim
438;20201019;384501;L'École Ali Ibn Abi Talib;L'École Ali Ibn Abi Talib;1610, rue De Beauharnois Ouest;;66023;Montréal;V;H4N1J5;1;1;1;0;0;Installation;Privé;www.ecoleali.com;384500;L'École Ali Ibn Abi Talib;-73.652381;45.528778;Préscolaire - Primaire - Secondaire;5_Priv_Bat_Presc_Prim_Sec
440;20201019;385501;L'École arménienne Sourp Hagop;L'École arménienne Sourp Hagop;3400, rue Nadon;;66023;Montréal;V;H4J1P5;1;1;1;0;0;Installation;Privé;www.ecolesourphagop.com;385500;L'École arménienne Sourp Hagop;-73.695949;45.531365;Préscolaire - Primaire - Secondaire;5_Priv_Bat_Presc_Prim_Sec
442;20201019;386501;L'É. Ursulines Qc et L., C. V.-Qc, s.f.;L'École des Ursulines de Québec et Loretteville, Campus du Vieux-Québec, section française;4, rue du Parloir;;23027;Québec;V;G1R4M5;1;1;0;0;0;Installation;Privé;www.euq.ca;386500;L'École des Ursulines de Québec et Loretteville;-71.208191;46.811724;Préscolaire - Primaire;4_Priv_Bat_Presc_Prim
443;20201019;386502;L'É. des Ursulines de Qc et L., C. de L.;L'École des Ursulines de Québec et Loretteville, Campus de Loretteville;63, rue Racine;;23027;Québec;V;G2B1C8;1;1;0;0;0;Installation;Privé;www.euq.ca;386500;L'École des Ursulines de Québec et Loretteville;-71.35553;46.854949;Préscolaire - Primaire;4_Priv_Bat_Presc_Prim
444;20201019;386503;L'É. Ursulines Qc et L., C. V.-Qc, s. a.;L'École des Ursulines de Québec et Loretteville, Campus du Vieux-Québec, section anglaise;4, rue du Parloir;;23027;Québec;V;G1R4M5;1;1;0;0;0;Installation;Privé;www.euq.ca;386500;L'École des Ursulines de Québec et Loretteville;-71.208191;46.811724;Préscolaire - Primaire;4_Priv_Bat_Presc_Prim
446;20201019;388501;L'École Sacré-Coeur de Montréal;L'École Sacré-Coeur de Montréal;3635, avenue Atwater;;66023;Montréal;V;H3H1Y4;0;0;1;0;0;Installation;Privé;www.sacredheart.qc.ca;388500;L'École Sacré-Coeur de Montréal;-73.587554;45.495201;Secondaire;3_Priv_Bat_Secondaire
450;20201019;394501;École à pas de géant;École à pas de géant;5460, rue Connaught;;66023;Montréal;V;H4V1X7;1;1;1;0;0;Installation;Privé;www.giantstepsmontreal.com;394500;École à pas de géant;-73.655626;45.461519;Préscolaire - Primaire - Secondaire;5_Priv_Bat_Presc_Prim_Sec
452;20201019;395501;École Lucien-Guilbault inc.;École Lucien-Guilbault inc.;3165, rue de Louvain Est;;66023;Montréal;V;H1Z1J7;0;1;1;0;0;Installation;Privé;www.lucien-guilbault.ca;395500;École Lucien-Guilbault inc.;-73.631335;45.572593;Primaire - Secondaire;7_Priv_Bat_Prim_Sec
453;20201019;395503;École Lucien-Guilbault inc. - sect. 2e c;École Lucien-Guilbault inc.- secteur 2e cycle du secondaire;3001, rue de Louvain Est;;66023;Montréal;V;H1Z1J7;0;0;1;0;0;Installation;Privé;www.lucien-guilbault.ca;395500;École Lucien-Guilbault inc.;-73.631859;45.571624;Secondaire;3_Priv_Bat_Secondaire
455;20201019;396501;La Réussite inc.;La Réussite inc.;280, boulevard du Fort-Saint-Louis;Bureau 105;58033;Boucherville;V;J4B1S1;0;0;1;0;1;Installation;Privé;www.lareussite.qc.ca;396500;La Réussite inc.;-73.454728;45.595314;Secondaire - Éducation aux adultes;3_Priv_Bat_Secondaire
457;20201019;397501;La maternelle de Marie-Claire;La maternelle de Marie-Claire inc.;18190, boulevard Elkas;;66102;Kirkland;V;H9J3Y4;1;0;0;0;0;Installation;Privé;www.academiemarie-claire.qc.ca;397500;La maternelle de Marie-Claire inc.;-73.883374;45.443047;Préscolaire;1_Priv_Bat_Prescolaire
459;20201019;398501;La Petite Académie;La Petite Académie;1090, avenue Pratte;;54048;Saint-Hyacinthe;V;J2S4B6;1;1;0;0;0;Installation;Privé;www.lapetiteacademie.qc.ca;398500;La Petite Académie;-72.943017;45.632967;Préscolaire - Primaire;4_Priv_Bat_Presc_Prim
461;20201019;401501;Collège François-de-Laval;Collège François-de-Laval;6, rue de la Vieille-Université;;23027;Québec;V;G1R5X8;0;0;1;0;0;Installation;Privé;www.collegefdl.ca;401500;Collège François-de-Laval;-71.206338;46.815291;Secondaire;3_Priv_Bat_Secondaire
552;20201019;515501;L'École l'Eau-Vive;L'École l'Eau-Vive;4690, avenue Chauveau;;23027;Québec;V;G2C1A7;1;1;1;0;0;Installation;Privé;www.ecoleleauvive.com;515500;L'École l'Eau-Vive;-71.359581;46.826126;Préscolaire - Primaire - Secondaire;5_Priv_Bat_Presc_Prim_Sec
554;20201019;518501;Ctre form. profess. électrol. et esthét.;Centre de formation professionnelle d'électrolyse et d'esthétique;1428, chemin de Chambly;;58227;Longueuil;V;J4J3X3;0;0;0;1;0;Installation;Privé;www.cfpee.com;518500;Centre de formation professionnelle d'électrolyse et d'esthétique;-73.486519;45.531146;Formation professionnelle;8_Priv_Bat_FP
557;20201019;523501;Éc. oraliste de Qc enf. malent. sourds;École oraliste de Québec pour enfants malentendants ou sourds;1090, boulevard René-Lévesque Ouest;;23027;Québec;V;G1S1V5;1;1;1;0;0;Installation;Privé;www.ecoleoraliste.qc.ca;523500;École oraliste de Québec pour enfants malentendants ou sourds;-71.243077;46.79544;Préscolaire - Primaire - Secondaire;5_Priv_Bat_Presc_Prim_Sec
559;20201019;524501;Collège Nouvelles Frontières;Collège Nouvelles Frontières;250, rue Gamelin;;81017;Gatineau;V;J8Y1W9;0;0;1;0;0;Installation;Privé;www.nouvelles-frontieres.ca;524500;Collège Nouvelles Frontières;-75.749;45.443957;Secondaire;3_Priv_Bat_Secondaire
561;20201019;526501;École Al-Houda;École Al-Houda;7085, chemin de la Côte-Des-Neiges;;66023;Montréal;V;H3R2M1;1;1;1;0;0;Installation;Privé;www.ecolealhouda.ca;526500;École Al-Houda;-73.640135;45.505181;Préscolaire - Primaire - Secondaire;5_Priv_Bat_Presc_Prim_Sec
563;20201019;528501;Collège CDI Adm. Tech. Santé, C. de Mtl;Collège CDI Administration. Technologie. Santé, Campus de Montréal;416, boulevard De Maisonneuve Ouest;;66023;Montréal;V;H3A1L2;0;0;0;1;0;Installation;Privé;www.collegecdi.ca;528500;Collège CDI Administration. Technologie. Santé;-73.569586;45.505859;Formation professionnelle;8_Priv_Bat_FP
564;20201019;528502;Collège CDI Adm. Tech. Santé, C. Laval;Collège CDI Administration. Technologie. Santé, Campus de Laval;3, place Laval;bureau 400;65005;Laval;V;H7N1A2;0;0;0;1;0;Installation;Privé;www.collegecdi.ca;528500;Collège CDI Administration. Technologie. Santé;-73.704946;45.580726;Formation professionnelle;8_Priv_Bat_FP
566;20201019;534501;Collège Herzing;Collège Herzing;1616, boulevard René-Lévesque Ouest;;66023;Montréal;V;H3H1P8;0;0;0;1;0;Installation;Privé;www.herzing.ca;534500;Collège Herzing;-73.575236;45.493246;Formation professionnelle;8_Priv_Bat_FP
568;20201019;547501;École Les Jeunes Explorateurs;École Les Jeunes Explorateurs;210, rue Denison Est;;47017;Granby;V;J2H2R6;1;1;0;0;0;Installation;Privé;www.ecolelesjeunesexplorateurs.com;547500;École Les Jeunes Explorateurs;-72.705486;45.390826;Préscolaire - Primaire;4_Priv_Bat_Presc_Prim
493;20201019;447501;Sém. des Pères Maristes;Séminaire des Pères Maristes;2315, chemin Saint-Louis;;23027;Québec;V;G1T1R5;0;0;1;0;0;Installation;Privé;http://www.spmaristes.qc.ca;447500;Séminaire des Pères Maristes;-71.26022;46.770003;Secondaire;3_Priv_Bat_Secondaire
495;20201019;448501;Séminaire du Sacré Coeur;Séminaire du Sacré Coeur;2738, route 148;;76052;Grenville-sur-la-Rouge;M;J0V1B0;0;0;1;0;0;Installation;Privé;www.ssc.quebec;448500;Séminaire du Sacré Coeur;-74.749935;45.646397;Secondaire;3_Priv_Bat_Secondaire
497;20201019;449501;Collège des Hauts Sommets;Collège des Hauts Sommets;97, avenue de la Montagne;;21005;Saint-Tite-des-Caps;M;G0A4J0;0;0;1;0;0;Installation;Privé;www.deshautssommets.com;449500;Collège des Hauts Sommets;-70.795668;47.109986;Secondaire;3_Priv_Bat_Secondaire
499;20201019;454501;Sém. Saint-François;Séminaire Saint-François;4900, rue Saint-Félix;;23072;Saint-Augustin-de-Desmaures;V;G3A0L4;0;0;1;0;0;Installation;Privé;www.ss-f.com;454500;Séminaire Saint-François;-71.391594;46.736352;Secondaire;3_Priv_Bat_Secondaire
501;20201019;455501;Sém. Saint-Joseph Trois-Riv.;Séminaire Saint-Joseph de Trois-Rivières;858, boul. Laviolette;;37067;Trois-Rivières;V;G9A5S3;0;0;1;0;0;Installation;Privé;www.ssj.qc.ca;455500;Séminaire Saint-Joseph de Trois-Rivières;-72.544762;46.349071;Secondaire;3_Priv_Bat_Secondaire
503;20201019;456501;Le Séminaire Sainte-Marie;Le Séminaire Sainte-Marie;5655, boulevard des Hêtres;;36033;Shawinigan;V;G9N4V9;0;0;1;0;0;Installation;Privé;www.ssm1950.qc.ca;456500;Le Séminaire Sainte-Marie;-72.728811;46.575017;Secondaire;3_Priv_Bat_Secondaire
505;20201019;457501;Le Salésien;Le Salésien;135, rue Don Bosco Nord;;43027;Sherbrooke;V;J1L1E5;0;0;1;0;0;Installation;Privé;www.lesalesien.com;457500;Le Salésien;-71.951989;45.397899;Secondaire;3_Priv_Bat_Secondaire
507;20201019;463501;Collège Stanstead;Collège Stanstead;450, rue Dufferin;;45008;Stanstead;V;J0B3E0;0;0;1;0;0;Installation;Privé;www.stansteadcollege.com;463500;Collège Stanstead;-72.092061;45.011766;Secondaire;3_Priv_Bat_Secondaire
509;20201019;464501;Talmud Torah-Herzliah, C. Adams, s. a.;Les écoles Azrieli Talmud Torah - Herzliah, Campus Adams, section anglaise;5475, avenue Mountain Sights;;66023;Montréal;V;H3W2Y8;0;0;1;0;0;Installation;Privé;www.azrieli-tth.ca;464500;Les écoles Azrieli Talmud Torah - Herzliah;-73.634089;45.487752;Secondaire;3_Priv_Bat_Secondaire
510;20201019;464502;Talmud Torah-Herzliah, C. Beutel, s. f.;Les écoles Azrieli Talmud Torah - Herzliah, Campus Beutel, section française;4840, avenue Saint-Kevin;;66023;Montréal;V;H3W1P2;1;1;0;0;0;Installation;Privé;www.azrieli-tth.ca;464500;Les écoles Azrieli Talmud Torah - Herzliah;-73.631207;45.490606;Préscolaire - Primaire;4_Priv_Bat_Presc_Prim
511;20201019;464503;Talmud Torah-Herzliah, C. Adams, s. f.;Les écoles Azrieli Talmud Torah - Herzliah, Campus Adams, section française;5475, avenue Mountain Sights;;66023;Montréal;V;H3W2Y8;0;0;1;0;0;Installation;Privé;www.azrieli-tth.ca;464500;Les écoles Azrieli Talmud Torah - Herzliah;-73.634089;45.487752;Secondaire;3_Priv_Bat_Secondaire
512;20201019;464504;Talmud Torah-Herzliah, C. Beutel, s. a.;Les écoles Azrieli Talmud Torah - Herzliah, Campus Beutel, section anglaise;4840, avenue Saint-Kevin;;66023;Montréal;V;H3W1P2;1;1;0;0;0;Installation;Privé;www.azrieli-tth.ca;464500;Les écoles Azrieli Talmud Torah - Herzliah;-73.631207;45.490606;Préscolaire - Primaire;4_Priv_Bat_Presc_Prim
514;20201019;465501;École Priory;École Priory inc.;3120, Le Boulevard;;66023;Montréal;V;H3Y1R9;1;1;0;0;0;Installation;Privé;www.priory.qc.ca;465500;École Priory inc.;-73.597058;45.493321;Préscolaire - Primaire;4_Priv_Bat_Presc_Prim
516;20201019;466501;The Study, section préscolaire primaire;The Study, section préscolaire primaire;3233, The Boulevard;;66032;Westmount;V;H3Y1S4;1;1;0;0;0;Installation;Privé;www.thestudy.qc.ca;466500;The Study;-73.600725;45.490852;Préscolaire - Primaire;4_Priv_Bat_Presc_Prim
517;20201019;466502;The Study, section secondaire;The Study, section secondaire;3233, The Boulevard;;66032;Westmount;V;H3Y1S4;0;0;1;0;0;Installation;Privé;www.thestudy.qc.ca;466500;The Study;-73.600726;45.490852;Secondaire;3_Priv_Bat_Secondaire
519;20201019;467501;Collège Trafalgar pour filles;Collège Trafalgar pour filles;3495, rue Simpson;;66023;Montréal;V;H3G2J7;0;0;1;0;0;Installation;Privé;;467500;Collège Trafalgar pour filles;-73.583696;45.498713;Secondaire;3_Priv_Bat_Secondaire
521;20201019;468501;École Val Marie;École Val Marie inc.;88, chemin du Passage;;37067;Trois-Rivières;V;G8T2M3;1;1;0;0;0;Installation;Privé;www.valmarie.net;468500;École Val Marie inc.;-72.54064;46.370872;Préscolaire - Primaire;4_Priv_Bat_Presc_Prim
523;20201019;469501;Villa Maria;Villa Maria;4245, boul. Décarie;;66023;Montréal;V;H4A3K4;0;0;1;0;0;Installation;Privé;;469500;Villa Maria;-73.616711;45.481876;Secondaire;3_Priv_Bat_Secondaire
526;20201019;477501;Villa Sainte-Marcelline;Villa Sainte-Marcelline;815, avenue Upper Belmont;;66032;Westmount;V;H3Y1K5;1;1;1;0;0;Installation;Privé;;477500;Villa Sainte-Marcelline;-73.617444;45.489622;Préscolaire - Primaire - Secondaire;5_Priv_Bat_Presc_Prim_Sec
528;20201019;478502;Académie Yéshiva Yavné;Académie Yéshiva Yavné;7946, chemin Wavell;;66058;Côte-Saint-Luc;V;H4W1L7;1;1;1;0;0;Installation;Privé;;478500;Académie Yéshiva Yavné;-73.664451;45.46113;Préscolaire - Primaire - Secondaire;5_Priv_Bat_Presc_Prim_Sec
530;20201019;479501;Yeshiva Gedola-Merkaz Hatorah, s. angl.;Yeshiva Gedola-Merkaz Hatorah de Montréal, section anglaise;6155, chemin Deacon;;66023;Montréal;V;H3S2P4;1;1;1;0;0;Installation;Privé;;479500;Yeshiva Gedola-Merkaz Hatorah de Montréal;-73.620252;45.512772;Préscolaire - Primaire - Secondaire;5_Priv_Bat_Presc_Prim_Sec
531;20201019;479502;Yeshiva Gedola-Merkaz Hatorah, s. fran.;Yeshiva Gedola-Merkaz Hatorah de Montréal, section francaise;6155, chemin Deacon;;66023;Montréal;V;H3S2P4;1;1;0;0;0;Installation;Privé;;479500;Yeshiva Gedola-Merkaz Hatorah de Montréal;-73.620252;45.512772;Préscolaire - Primaire;4_Priv_Bat_Presc_Prim
533;20201019;485501;Campus Notre-Dame-de-Foy;Campus Notre-Dame-de-Foy;5000, rue Clément-Lockquell;;23072;Saint-Augustin-de-Desmaures;V;G3A1B3;0;0;0;1;0;Installation;Privé;www.cndf.qc.ca;485500;Campus Notre-Dame-de-Foy;-71.399553;46.736869;Formation professionnelle;8_Priv_Bat_FP
535;20201019;493502;Éc. Montessori International Blainville;École Montessori International Blainville inc.;325, chemin du Bas-de-Sainte-Thérèse;;73015;Blainville;V;J7A0A3;1;1;0;0;0;Installation;Privé;http://www.montessoriinternationalblainville.com;493500;École Montessori International Blainville inc.;-73.798388;45.651242;Préscolaire - Primaire;4_Priv_Bat_Presc_Prim
537;20201019;497501;École du Routier G.C.;École du Routier G.C. inc.;2220, rue Louis-Allyson;;37067;Trois-Rivières;V;G8Z4P3;0;0;0;1;0;Installation;Privé;www.ergc.ca;497500;École du Routier G.C. inc.;-72.573391;46.336729;Formation professionnelle;8_Priv_Bat_FP
539;20201019;507501;École nationale de cirque;École nationale de cirque;8181, 2e Avenue;;66023;Montréal;V;H1Z4N9;0;0;1;0;0;Installation;Privé;www.ecolenationaledecirque.ca;507500;École nationale de cirque;-73.613646;45.561794;Secondaire;3_Priv_Bat_Secondaire
541;20201019;508501;L'École des Premières Lettres;L'École des Premières Lettres;5210, rue Waverly;;66023;Montréal;V;H2T2X7;1;1;0;0;0;Installation;Privé;www.premiereslettres.com;508500;L'École des Premières Lettres;-73.596437;45.522036;Préscolaire - Primaire;4_Priv_Bat_Presc_Prim
543;20201019;509501;Collège Jacques-Prévert;Collège Jacques-Prévert;12349, rue de Serres;;66023;Montréal;V;H4J2H1;1;1;0;0;0;Installation;Privé;www.collegejacquesprevert.ca;509500;Collège Jacques-Prévert;-73.719485;45.533779;Préscolaire - Primaire;4_Priv_Bat_Presc_Prim
545;20201019;511501;École JMC;École JMC;2205, rue de l'Église;;66023;Montréal;V;H4M1G5;1;1;1;0;0;Installation;Privé;www.ecolejmc.ca;511500;École JMC;-73.689494;45.503697;Préscolaire - Primaire - Secondaire;5_Priv_Bat_Presc_Prim_Sec
547;20201019;512501;École internationale des Apprenants;École internationale des Apprenants;4505, boulevard Henri-Bourassa Ouest;;66023;Montréal;V;H4L1A5;1;1;0;0;0;Installation;Privé;www.dar-al-iman.org;512500;École internationale des Apprenants;-73.703811;45.524504;Préscolaire - Primaire;4_Priv_Bat_Presc_Prim
549;20201019;513501;Académie des pompiers;Académie des pompiers;9401, côte des Saints;;74005;Mirabel;V;J7N2X4;0;0;0;1;0;Installation;Privé;www.academiedespompiers.ca;513500;Académie des pompiers;-74.092194;45.652927;Formation professionnelle;8_Priv_Bat_FP
550;20201019;513502;Académie des pompiers, campus Targe;Académie des pompiers, campus Targe;9577, rue Saint-Vincent;;74005;Mirabel;V;J7N2V6;0;0;0;1;0;Installation;Privé;www.academiedespompiers.ca;513500;Académie des pompiers;-74.096213;45.645498;Formation professionnelle;8_Priv_Bat_FP
610;20201019;609501;Extra Centre de Formation;Extra Centre de Formation;1263, rue Volta;;58033;Boucherville;V;J4B7M7;0;0;0;1;0;Installation;Privé;www,extraressources.ca;609500;Extra Centre de Formation;-73.442352;45.564795;Formation professionnelle;8_Priv_Bat_FP
612;20201019;611501;École Montessori de Saint-Lazare;École Montessori de Saint-Lazare;1545, chemin Sainte-Angélique;;71105;Saint-Lazare;V;J7T1Y6;0;1;0;0;0;Installation;Privé;www.mapetiteecole.com;611500;École Montessori de Saint-Lazare;-74.126635;45.399157;Primaire;2_Priv_Bat_Prim
614;20201019;614501;École Yaldei;École Yaldei;5170, avenue Van Horne;;66023;Montréal;V;H3W1J6;1;1;1;0;0;Installation;Privé;www.yaldei.org;614500;École Yaldei;-73.640598;45.490891;Préscolaire - Primaire - Secondaire;5_Priv_Bat_Presc_Prim_Sec
615;20201019;614502;A. Beyachad, campus pour garçons;Académie Beyachad, campus pour garçons;6508, avenue Durocher;;66023;Montréal;V;H2V3Z3;0;1;0;0;0;Installation;Privé;;614500;École Yaldei;-73.614869;45.5256;Primaire;2_Priv_Bat_Prim
616;20201019;614503;A. Beyachad, campus pour filles;Académie Beyachad, campus pour filles;1495, avenue Ducharme;;66023;Montréal;V;H2V1E8;0;1;0;0;0;Installation;Privé;;614500;École Yaldei;-73.618011;45.520377;Primaire;2_Priv_Bat_Prim
618;20201019;616501;École Trilingue Vision Vict. Maternelle;École Trilingue Vision Victoriaville - Maternelle;905, boulevard des Bois-Francs Sud;;39062;Victoriaville;V;G6P5W1;1;0;0;0;0;Installation;Privé;www.ecolevision.com;616500;École Trilingue Vision Victoriaville - Maternelle;-71.917929;46.03896;Préscolaire;1_Priv_Bat_Prescolaire
620;20201019;617501;École trilingue Vision Beauce;École trilingue Vision Beauce;566, boulevard Lamontagne;;26030;Sainte-Marie;V;G6E0G2;1;1;0;0;0;Installation;Privé;beauce.ecolevision.com;617500;École trilingue Vision Beauce;-71.012845;46.443692;Préscolaire - Primaire;4_Priv_Bat_Presc_Prim
622;20201019;618501;École Montessori Internationale Montréal;École Montessori Internationale Montréal;10025, boulevard de l'Acadie;;66023;Montréal;V;H4N2S1;1;1;0;0;0;Installation;Privé;www.emimontreal.ca;618500;École Montessori Internationale Montréal;-73.672173;45.535246;Préscolaire - Primaire;4_Priv_Bat_Presc_Prim
624;20201019;624501;Académie Lavalloise;Académie Lavalloise;5290, boulevard des Laurentides;;65005;Laval;V;H7K2J8;1;1;0;0;0;Installation;Privé;www.academielavalloise.com;624500;Académie Lavalloise;-73.748175;45.622826;Préscolaire - Primaire;4_Priv_Bat_Presc_Prim
626;20201019;625502;École Trilingue Vision St-Jean;École Trilingue Vision St-Jean;415, rue des Colibris;;56083;Saint-Jean-sur-Richelieu;V;J2W0B3;1;1;0;0;0;Installation;Privé;www.ecolevision.com;625500;École Trilingue Vision St-Jean;-73.281847;45.359451;Préscolaire - Primaire;4_Priv_Bat_Presc_Prim
628;20201019;627501;École Montessori de Laval;École Montessori de Laval;3327, boulevard de la Concorde Est;;65005;Laval;V;H7E2C3;1;1;0;0;0;Installation;Privé;;627500;École Montessori de Laval;-73.664246;45.593911;Préscolaire - Primaire;4_Priv_Bat_Presc_Prim
630;20201019;628501;École La Source;École La Source;1399, rue Campbell;;43027;Sherbrooke;V;J1M0C1;1;1;0;0;0;Installation;Privé;eplasource.org;628500;École La Source;-71.84612;45.342347;Préscolaire - Primaire;4_Priv_Bat_Presc_Prim
632;20201019;629501;École trilingue Vision Québec nord;École trilingue Vision Québec nord;650, avenue du Bourg-Royal;;23027;Québec;V;G2L1M8;1;1;0;0;0;Installation;Privé;quebecnord.ecolevision.com;629500;École trilingue Vision Québec nord;-71.24345;46.876965;Préscolaire - Primaire;4_Priv_Bat_Presc_Prim
634;20201019;634501;École Imagine;École Imagine;2464, rue de l'Église;;78010;Val-David;VL;J0T2N0;1;1;1;0;0;Installation;Privé;www.ecoleimagine.org;634500;École Imagine;-74.2074;46.028918;Préscolaire - Primaire - Secondaire;5_Priv_Bat_Presc_Prim_Sec
636;20201019;635501;Académie Étoile du Nord Laval;Académie Étoile du Nord Laval;950, rue Élodie-Boucher;;65005;Laval;V;H7W0C6;0;0;1;0;0;Installation;Privé;www.northstaracademy.ca;635500;Académie Étoile du Nord Laval;-73.780679;45.530446;Secondaire;3_Priv_Bat_Secondaire
638;20201019;638501;L'Académie Des Rochers;L'Académie Des Rochers inc.;217, boulevard Montcalm;;81017;Gatineau;V;J8Y6X1;1;1;0;0;0;Installation;Privé;academiedesrochers.com;638500;L'Académie Des Rochers inc.;-75.731654;45.43074;Préscolaire - Primaire;4_Priv_Bat_Presc_Prim
570;20201019;548501;Académie St-Margaret;Académie St-Margaret;383, chemin des Anglais;;64015;Mascouche;V;J7L3P9;1;1;0;0;0;Installation;Privé;www.academiesm.ca;548500;Académie St-Margaret;-73.651656;45.732831;Préscolaire - Primaire;4_Priv_Bat_Presc_Prim
572;20201019;550501;Éc. trilingue Vision Trois-Rivières, pri;École trilingue Vision Trois-Rivières, campus primaire;3550, rue Marguerite-Seigneuret;;37067;Trois-Rivières;V;G9B0M5;0;1;0;0;0;Installation;Privé;troisrivieres.ecolevision.com;550500;École trilingue Vision Trois-Rivières;-72.625563;46.322813;Primaire;2_Priv_Bat_Prim
573;20201019;550502;Éc. trilingue Vision Trois-Rivières, pré;École trilingue Vision Trois-Rivières, campus préscolaire;3200, rue Marguerite-Seigneuret;;37067;Trois-Rivières;V;G9B0M5;1;0;0;0;0;Installation;Privé;troisrivieres.ecolevision.com;550500;École trilingue Vision Trois-Rivières;-72.623449;46.321947;Préscolaire;1_Priv_Bat_Prescolaire
575;20201019;552501;École trilingue Vision Rive-Sud;École trilingue Vision Rive-Sud;1165, boulevard Guillaume-Couture;;25213;Lévis;V;G6W0S2;0;1;0;0;0;Installation;Privé;ecolevision.com;552500;École trilingue Vision Rive-Sud;-71.266083;46.734751;Primaire;2_Priv_Bat_Prim
576;20201019;552502;École trilingue Vision Rive-Sud;École trilingue Vision Rive-Sud;1300, boulevard Guillaume-Couture;;25213;Lévis;V;G6W0R9;1;0;0;0;0;Installation;Privé;ecolevision.com;552500;École trilingue Vision Rive-Sud;-71.26053;46.73531;Préscolaire;1_Priv_Bat_Prescolaire
578;20201019;553501;École Vision Sherbrooke;École Vision Sherbrooke;5100, rue Henri-Labonne;;43027;Sherbrooke;V;J1N1J1;1;1;0;0;0;Installation;Privé;www.ecolevision.com;553500;École Vision Sherbrooke;-71.993428;45.369933;Préscolaire - Primaire;4_Priv_Bat_Presc_Prim
580;20201019;554501;École trilingue Vision St-Augustin;École trilingue Vision St-Augustin;4920, rue Pierre-Georges-Roy;;23072;Saint-Augustin-de-Desmaures;V;G3A1V7;1;1;0;0;0;Installation;Privé;www.ecolevision.com;554500;École trilingue Vision St-Augustin;-71.386698;46.742553;Préscolaire - Primaire;4_Priv_Bat_Presc_Prim
582;20201019;555501;École trilingue Vision Terrebonne;École trilingue Vision Terrebonne;2955, boulevard de la Pinière;;64008;Terrebonne;V;J6X0A3;1;1;0;0;0;Installation;Privé;terrebonne.ecolevision.com;555500;École trilingue Vision Terrebonne;-73.693209;45.721485;Préscolaire - Primaire;4_Priv_Bat_Presc_Prim
584;20201019;556501;École Trilingue Vision Victoriaville;École Trilingue Vision Victoriaville;905, boulevard des Bois-Francs Sud;;39062;Victoriaville;V;G6P5W1;0;1;0;0;0;Installation;Privé;www.ecolevision.com;556500;École Trilingue Vision Victoriaville;-71.917929;46.03896;Primaire;2_Priv_Bat_Prim
586;20201019;557501;Académie Trivium;Académie Trivium;88, rue Jean-René-Monette;;81017;Gatineau;V;J8P5B7;1;1;0;0;0;Installation;Privé;www.academie-trivium.com;557500;Académie Trivium;-75.647169;45.479596;Préscolaire - Primaire;4_Priv_Bat_Presc_Prim
588;20201019;579501;Académie Juillet;Académie Juillet;61, rue Radisson;;67020;Candiac;V;J5R0G1;1;1;0;0;0;Installation;Privé;www.academiejuillet.com;579500;Académie Juillet;-73.532929;45.377456;Préscolaire - Primaire;4_Priv_Bat_Presc_Prim
590;20201019;583501;École de l'Excellence;École de l'Excellence;1749, chemin Gomin;;23027;Québec;V;G1S1P1;1;1;0;0;0;Installation;Privé;www.ecoledelexcellence.ca;583500;École de l'Excellence;-71.25328;46.786917;Préscolaire - Primaire;4_Priv_Bat_Presc_Prim
592;20201019;585501;Collège LaSalle;Collège LaSalle;2000, rue Sainte-Catherine Ouest;;66023;Montréal;V;H3H2T2;0;0;0;1;0;Installation;Privé;www.collegelasalle.com;585500;Collège LaSalle;-73.581805;45.491442;Formation professionnelle;8_Priv_Bat_FP
593;20201019;585502;Collège LaSalle, Campus Laval;Collège LaSalle, Campus Laval;1595, boulevard Daniel-Johnson;;65005;Laval;V;H7V4C2;0;0;0;1;0;Installation;Privé;www.collegelasalle.com;585500;Collège LaSalle;-73.743126;45.557666;Formation professionnelle;8_Priv_Bat_FP
595;20201019;587501;Académie culturelle de Laval;Académie culturelle de Laval;1075, rue Saint-Louis;;65005;Laval;V;H7V2Z1;1;1;1;0;0;Installation;Privé;www.ecoleacl.com;587500;Académie culturelle de Laval;-73.744534;45.547334;Préscolaire - Primaire - Secondaire;5_Priv_Bat_Presc_Prim_Sec
597;20201019;589501;École le Savoir;École le Savoir;11950, boulevard Gouin Ouest;;66023;Montréal;V;H8Z1V6;0;0;1;0;0;Installation;Privé;www.lesavoir.ca;589500;École le Savoir;-73.825694;45.506747;Secondaire;3_Priv_Bat_Secondaire
599;20201019;594501;Église-École Alpha Oméga;Église-École Alpha Oméga;324, rue Denison Ouest;;47017;Granby;V;J2G4E4;0;1;1;0;0;Installation;Privé;;594500;Église-École Alpha Oméga;-72.733741;45.389535;Primaire - Secondaire;7_Priv_Bat_Prim_Sec
601;20201019;596501;Église-École Ac. chrétienne de la Foi;Église-École Académie chrétienne de la Foi;490, rue Chicoine;;71083;Vaudreuil-Dorion;V;J7V7E4;0;1;1;0;0;Installation;Privé;faith-christianacademy.com;596500;Église-École Académie chrétienne de la Foi;-74.021229;45.376713;Primaire - Secondaire;7_Priv_Bat_Prim_Sec
603;20201019;602501;Centre académique de l'Outaouais;Centre académique de l'Outaouais;858, boulevard Maloney Est;;81017;Gatineau;V;J8P1H1;1;1;1;0;0;Installation;Privé;www.cado.ca;602500;Centre académique de l'Outaouais;-75.605946;45.48504;Préscolaire - Primaire - Secondaire;5_Priv_Bat_Presc_Prim_Sec
605;20201019;605501;École Montessori - Magog;École Montessori - Magog;25, chemin Roy;;45072;Magog;V;J1X0N4;1;1;0;0;0;Installation;Privé;www.montessorimagogorford.org;605500;École Montessori;-72.180834;45.280424;Préscolaire - Primaire;4_Priv_Bat_Presc_Prim
606;20201019;605502;École Montessori - Orford;École Montessori - Orford;3165, chemin du Parc;;45115;Orford;CT;J1X7A2;0;0;1;0;1;Installation;Privé;montessorimagogorford.org;605500;École Montessori;-72.180658;45.326842;Secondaire - Éducation aux adultes;3_Priv_Bat_Secondaire
608;20201019;608501;OneSchool Global Campus de Montréal;OneSchool Global Campus de Montréal;679, rue Victoria;;66112;Baie-D'Urfé;V;H9X2K1;0;1;1;0;0;Installation;Privé;;608500;OneSchool Global Campus de Montréal;-73.920925;45.414777;Primaire - Secondaire;7_Priv_Bat_Prim_Sec
640;20201019;640501;Collège Sainte-Anne, Lachine;Collège Sainte-Anne, Lachine;1250, boulevard Saint-Joseph;;66023;Montréal;V;H8S2M8;0;0;1;0;0;Installation;Privé;http://www.sainteanne.ca/;640500;Collège Sainte-Anne;-73.67581;45.432433;Secondaire;3_Priv_Bat_Secondaire
641;20201019;640502;Collège Sainte-Anne, Dorval;Collège Sainte-Anne, Dorval;100, boulevard Bouchard;;66087;Dorval;V;H9S1A7;1;1;1;0;0;Installation;Privé;http://www.sainteanne.ca/;640500;Collège Sainte-Anne;-73.72297;45.443742;Préscolaire - Primaire - Secondaire;5_Priv_Bat_Presc_Prim_Sec
643;20201019;642501;Institut Teccart;Institut Teccart;3030, rue Hochelaga;;66023;Montréal;V;H1W1G2;0;0;0;1;0;Installation;Privé;;642500;Institut Teccart;-73.554851;45.540421;Formation professionnelle;8_Priv_Bat_FP
645;20201019;644501;École la Nouvelle Vague;École la Nouvelle Vague;938, rue Saint-Maurice;;66023;Montréal;V;H3C1L7;1;1;0;0;0;Installation;Privé;ecolelanouvellevague.com;644500;École la Nouvelle Vague;-73.561334;45.49709;Préscolaire - Primaire;4_Priv_Bat_Presc_Prim
647;20201019;645501;École Bee Lingue;École Bee Lingue;1470, rue Saint-Paul;;46112;Farnham;V;J2N2W8;1;1;0;0;0;Installation;Privé;www.ecolebeelingue.com;645500;École Bee Lingue;-72.963041;45.293765;Préscolaire - Primaire;4_Priv_Bat_Presc_Prim
649;20201019;646501;École trilingue Vision Saguenay;École trilingue Vision Saguenay;683, rue Chabanel;;94068;Saguenay;V;G7H1Z7;1;1;0;0;0;Installation;Privé;https://saguenay.ecolevision.com/;646500;École trilingue Vision Saguenay;-71.038674;48.417987;Préscolaire - Primaire;4_Priv_Bat_Presc_Prim
651;20201019;647501;École de la Relève Ali Nestor;École de la Relève Ali Nestor;3700, boulevard Crémazie Est;;66023;Montréal;V;H2A1B2;0;0;1;0;1;Installation;Privé;;647500;École de la Relève Ali Nestor;-73.602891;45.56596;Secondaire - Éducation aux adultes;3_Priv_Bat_Secondaire
653;20201019;648501;L'Académie de la Vallée du Roy;L'Académie de la Vallée du Roy;100, rue des Trembles;;52007;Lavaltrie;V;J5T0G2;0;1;0;0;0;Installation;Privé;;648500;L'Académie de la Vallée du Roy;-73.289533;45.871337;Primaire;2_Priv_Bat_Prim
655;20201019;649501;Académie Blaise Pascal;Académie Blaise Pascal;5320 rue d'Amos;;66023;Montréal;V;H1G2Y1;1;1;0;0;0;Installation;Privé;www.academieblaisepascal.ca;649500;Académie Blaise Pascal;-73.623667;45.603039;Préscolaire - Primaire;4_Priv_Bat_Presc_Prim
657;20201019;650501;Collège Milestone;Collège Milestone;6400, avenue Auteuil, bureau 200;;58007;Brossard;V;J4Z3P5;0;0;0;1;0;Installation;Privé;www.collegemilestone.ca;650500;Collège Milestone;-73.465233;45.467752;Formation professionnelle;8_Priv_Bat_FP
659;20201019;651501;École du Routier R.C.;École du Routier R.C.;2150, rue André-C.-Hamel;;49058;Drummondville;V;J2C8B1;0;0;0;1;0;Installation;Privé;;651500;École du Routier R.C.;-72.524997;45.874667;Formation professionnelle;8_Priv_Bat_FP
661;20201019;652501;Collège St-Michel;Collège St-Michel;1995, rue Bélanger;;66023;Montréal;V;H2G1B8;0;0;0;1;0;Installation;Privé;;652500;Collège St-Michel;-73.602282;45.548009;Formation professionnelle;8_Priv_Bat_FP
663;20201019;653501;Édu2;Édu2;5800, boulevard Saint-Laurent;;66023;Montréal;V;H2T1T3;0;1;1;0;0;Installation;Privé;edu2.ca;653500;Édu2;-73.602526;45.527232;Primaire - Secondaire;7_Priv_Bat_Prim_Sec
665;20201019;654501;Les Centres Pédago. Accomp. Scolaire;Les Centres Pédagogiques Accompagnement Scolaire;186, boulevard Sainte-Rose;;65005;Laval;V;H7L1L4;0;0;1;0;1;Installation;Privé;;654500;Les Centres Pédagogiques Accompagnement Scolaire;-73.784649;45.615181;Secondaire - Éducation aux adultes;3_Priv_Bat_Secondaire
667;20201019;655501;École Primaire Let's Go;École Primaire Let's Go;109, 30e Rue;;29120;Notre-Dame-des-Pins;P;G0M1K0;1;1;0;0;0;Installation;Privé;;655500;École Primaire Let's Go;-70.709718;46.184666;Préscolaire - Primaire;4_Priv_Bat_Presc_Prim
