ndistid,nschid,school,principal,email,community,district16,region2016,sub_desc,k,one,two,three,four,five,six,seven,eight,nine,ten,eleven,twelve,fourth,total,sch_size,Grade 4-6,Grade K-3,Grades K-6,Grades 7-12,phone,fax,address1,address2,address3,distregion,prov,tstreet
100,001,St. Peter's School,Madeline Keefe,madelinekeefe@nlesd.ca,Black Tickle,Labrador,Labrador,Coastal,1,1,1,0,3,0,1,0,0,4,0,0,0,0,11,10-24,4,3,7,4,471-8828,471-8838,Black Tickle,"Black Tickle, NL",A0K 1N0,NLESD - Labrador Region,NL,P.O. Box 40
100,002,Henry Gordon Academy,Lindsey Lethbridge,lindseylethbridge@nlesd.ca,Cartwright,Labrador,Labrador,Coastal,2,6,5,4,9,4,8,8,6,7,3,5,5,0,72,50-99,21,17,38,34,938-7291,938-7467,P.O. Box 300,"Cartwright, NL",A0K 1V0,NLESD - Labrador Region,NL,P. O. Box 300
100,022,William Gillett Academy,Pamela Campbell,pamelacampbell@nlesd.ca,"Charlottetown, LAB",Labrador,Labrador,Coastal,5,2,0,3,3,3,8,2,2,3,5,2,7,0,45,25-49,14,10,24,21,949-0223,949-0302,P.O. Box 149,"Charlottetown, LAB",A0K 5Y0,NLESD - Labrador Region,NL,P. O. Box 149
100,004,Queen of Peace Middle School,Lindsay Bennett,lindsaybennett@nlesd.ca,Happy Valley-Goose Bay,Labrador,Labrador,Eastern,0,0,0,0,98,101,101,91,0,0,0,0,0,0,391,300-399,300,0,300,91,896-5315,896-5056,"P.O. Box 1900, Stn B","Happy Valley-Goose Bay, NL",A0P 1E0,NLESD - Labrador Region,NL,"P.O. Box 1900, Stn. B"
100,005,Peacock Primary School,Jennifer White,jenniferwhite@nlesd.ca,Happy Valley-Goose Bay,Labrador,Labrador,Eastern,101,97,108,82,0,0,0,0,0,0,0,0,0,0,388,300-399,0,388,388,0,896-3896,896-6014,"P.O. Box 2163, Stn B","Happy Valley-Goose Bay, NL",A0P 1E0,NLESD - Labrador Region,NL,"P. O. Box 2163, Stn. ""B"""
100,477,Mealy Mountain Collegiate,Paula Kelly,paulakelly@nlesd.ca,Happy Valley-Goose Bay,Labrador,Labrador,Eastern,0,0,0,0,0,0,0,0,90,85,98,79,79,2,433,400-499,0,0,0,433,896-3366,896-4684,"Box 492, Station C","Happy Valley-Goose Bay, NL",A0P 1C0,NLESD - Labrador Region,NL,"P. O. Box 492, Stn. ""C"""
100,007,Amos Comenius Memorial School,Dean Coombs,deancoombs@nlesd.ca,Hopedale,Labrador,Labrador,Coastal,9,13,8,17,17,8,6,10,8,5,12,11,9,0,133,100-199,31,47,78,55,933-3815,933-3805,P.O. Box 105,"Hopedale, NL",A0P 1G0,NLESD - Labrador Region,NL,P.O. Box 105
100,008,A. P. Low Primary,Rose Neville,roseneville@nlesd.ca,Labrador City,Labrador,Labrador,Western,94,115,94,114,0,0,0,0,0,0,0,0,0,0,417,400-499,0,417,417,0,944-5231,944-5580,600 Bartlett Drive,"Labrador City, NL",A2V 1G6,NLESD - Labrador Region,NL,600 Bartlett Drive
100,010,Menihek High School,Debora Pitcher,deborapitcher@nlesd.ca,Labrador City,Labrador,Labrador,Western,0,0,0,0,0,0,0,0,115,96,107,104,98,4,524,500-599,0,0,0,524,944-7731,944-6834,613 Lakeside Drive,"Labrador City, NL",A2V 2W9,NLESD - Labrador Region,NL,613 Lakeside Drive
100,487,Labrador Straits Academy,Colleen O'Brien,colleenobrien@nlesd.ca,L'Anse au Loup,Labrador,Labrador,Coastal,5,12,10,6,11,4,10,15,10,19,10,7,10,0,129,100-199,25,33,58,71,927-5411,927-5521,P.O. Box 10,"L'Anse au Loup, NL",A0K 3L0,NLESD - Labrador Region,NL,31A Main St.
100,012,J.C. Erhardt Memorial School,Dion Rideout,dionrideout@nlesd.ca,Makkovik,Labrador,Labrador,Coastal,6,4,7,11,3,6,9,4,5,4,4,5,7,0,75,50-99,18,28,46,29,923-2275,923-2106,P.O. Box 134,"Makkovik, NL",A0P 1J0,NLESD - Labrador Region,NL,P. O. Box 134
100,040,St. Mary's All Grade,Verna Brown,vernabrown@nlesd.ca,Mary's Harbour,Labrador,Labrador,Coastal,4,2,1,1,3,1,4,4,3,1,6,3,4,0,37,25-49,8,8,16,21,921-6245,921-6358,P.O. Box 127,"Mary's Harbour, NL",A0K 3P0,NLESD - Labrador Region,NL,P. O. Box 127
100,013,Mud Lake School,Lisa Bursey,lisabursey@nlesd.ca,Mud Lake,Labrador,Labrador,Eastern,1,0,0,1,0,0,0,0,0,0,0,0,0,0,2,<10,0,2,2,0,896-8632,896-4884,General Delivery,"Mud Lake, NL",A0P 1K0,NLESD - Labrador Region,NL,
100,014,Jens Haven Memorial,Jacob Larkin,jacoblarkin@nlesd.ca,Nain,Labrador,Labrador,Coastal,15,17,13,17,17,17,12,17,17,9,17,8,17,0,193,100-199,46,62,108,85,922-2813,922-2119,General Delivery,"Nain, NL",A0P 1L0,NLESD - Labrador Region,NL,3 School Street
100,041,Raymond Ward Memorial,Megan Poole,meganpoole@nlesd.ca,Norman Bay,Labrador,Labrador,Coastal,0,0,0,0,0,0,0,1,0,0,0,0,0,0,1,<10,0,0,0,1,988-4207,988-4207,General Delivery,"Norman Bay, NL",A0K 5Y0,NLESD - Labrador Region,NL,General Delivery
100,015,Lake Melville School,Shane Morgan,shanemorgan@nlesd.ca,North West River,Labrador,Labrador,Eastern,8,12,15,9,7,11,14,6,9,6,8,6,3,0,114,100-199,32,44,76,38,497-8241,497-8250,P.O. Box 40,"North West River, NL",A0P 1M0,NLESD - Labrador Region,NL,P. O. Box 40
100,046,Bayside Academy,Thompson Flynn,tomflynn@nlesd.ca,Port Hope Simpson,Labrador,Labrador,Coastal,6,2,3,3,4,6,5,7,8,7,3,5,3,0,62,50-99,15,14,29,33,960-0252,960-0375,P.O. Box 100,"Port Hope Simpson, NL",A0K 4E0,NLESD - Labrador Region,NL,P. O. Box 100
100,016,B.L. Morrison,Carmen Sheppard,carmensheppard@nlesd.ca,Postville,Labrador,Labrador,Coastal,4,1,4,2,5,1,0,3,4,1,1,2,4,0,32,25-49,6,11,17,15,479-9811,479-9796,P.O. Box 76,"Postville, NL",A0P 1N0,NLESD - Labrador Region,NL,P.O. Box 76
100,050,Basque Memorial,Sarah Hedderson,sarahhedderson@nlesd.ca,Red Bay,Labrador,Labrador,Coastal,0,1,0,0,1,0,2,0,0,0,0,0,0,0,4,<10,3,1,4,0,920-2066,920-2180,P.O. Box 107,"Red Bay, NL",A0K 4K0,NLESD - Labrador Region,NL,P. O. Box 107
100,017,Northern Lights Academy,Gervas House,gervashouse@nlesd.ca,Rigolet,Labrador,Labrador,Coastal,3,11,6,1,6,7,8,4,2,5,6,7,3,0,69,50-99,21,21,42,27,947-3350,947-3429,P.O. Box 89,"Rigolet, NL",A0P 1P0,NLESD - Labrador Region,NL,P.O. Box 89
100,054,St. Lewis Academy,Susan Poole,susanpoole@nlesd.ca,St. Lewis,Labrador,Labrador,Coastal,1,3,0,1,3,2,1,3,3,2,3,1,3,0,26,25-49,6,5,11,15,939-2245,939-2364,P.O. Box 108,"St. Lewis, NL",A0K 4W0,NLESD - Labrador Region,NL,P. O. Box 108
100,381,J.R. Smallwood Middle School,Darryn Cramm,darryncramm@nlesd.ca,Wabush,Labrador,Labrador,Western,0,0,0,0,120,119,100,97,0,0,0,0,0,0,436,400-499,339,0,339,97,282-3251,282-3016,P.O. Box 5000,"Wabush, NL",A0R 1B0,NLESD - Labrador Region,NL,P. O. Box 5000
200,125,Copper Ridge Academy,Chris Mills,chrismills@nlesd.ca,Baie Verte,Western,Western,Green Bay/White Bay,17,16,14,21,25,24,29,21,30,26,18,24,24,0,289,200-299,78,68,146,143,532-4288,532-4199,"Box 430, 9 Columbus Drive","Baie Verte, NL",A0K 1B0,NLESD - Eastern Region,NL,P.O. Box 430
200,057,St. Peter's Academy,Carol Ann Eldridge,carolanneldridge@nlesd.ca,Benoit's Cove,Western,Western,Central,14,8,12,13,9,15,13,12,15,16,0,0,0,0,127,100-199,37,47,84,43,789-2761,789-3288,Box 95,"Benoit's Cove, NL",A0L 1A0,NLESD - Western Region,NL,P. O. Box 95
200,091,Burgeo Academy,Corey Penney,coreypenney@nlesd.ca,Burgeo,Western,Western,Southern,10,5,5,7,7,4,7,8,5,9,5,5,9,0,86,50-99,18,27,45,41,886-2590,886-2161,P. O. Box 310,"Burgeo, NL",A0N 2H0,NLESD - Western Region,NL,P. O. Box 310
200,092,Grandy's River Collegiate,Jennah Childs,jennahchilds@nlesd.ca,Burnt Islands,Western,Western,Southern,5,1,3,5,4,8,8,5,2,7,13,9,8,0,78,50-99,20,14,34,44,698-3582,698-3180,Box 40,"Burnt Islands, NL",A0M 1B0,NLESD - Western Region,NL,Box 40
200,096,Our Lady of the Cape School,Andrew Elliott,andrewelliott@nlesd.ca,Cape St. George,Western,Western,Southern,3,8,3,5,5,2,6,5,7,0,0,0,0,0,44,50-99,13,19,32,12,644-2180,644-2005,875 Oceanview Drive,"De Grau, Cape St. George",A0N 1T1,NLESD - Western Region,NL,875 Oceanview Dr.
200,097,St. James Elementary,Denise Francis,denisefrancis@nlesd.ca,Channel-Port Aux Basques,Western,Western,Southern,62,48,32,46,40,45,34,0,0,0,0,0,0,0,307,200-299,119,188,307,0,695-3001,695-9589,Box 1060,"Port aux Basques, NL",A0M 1C0,NLESD - Western Region,NL,P. O. Box 1060
200,099,St. James Regional High,Justin Blackler,justinblackler@nlesd.ca,Channel-Port Aux Basques,Western,Western,Southern,0,0,0,0,0,0,0,35,40,38,61,61,65,0,300,300-399,0,0,0,300,695-3551,695-9704,Box 910,"Port Aux Basques, NL",A0M 1C0,NLESD - Western Region,NL,P. O. Box 910
200,024,James Cook Memorial,Niketa Rose,niketarose@nlesd.ca,Cook's Harbour,Western,Western,Northern,0,0,0,2,1,0,0,0,0,0,0,0,0,0,3,<10,1,2,3,0,249-4196,249-3053,P.O. Box 10,"Cook's Harbour, NL",A0K 1Z0,NLESD - Western Region,NL,P. O. Box 10
200,060,Ecole C.C. Loughlin Elementary,Helen Coleman,helencoleman@nlesd.ca,Corner Brook,Western,Western,Central,67,74,66,68,60,54,63,0,0,0,0,0,0,0,452,400-499,177,275,452,0,639-8988,639-1496,Citadel Drive,"Corner Brook, NL",A2H 5M4,NLESD - Western Region,NL,Citadel Drive
200,066,J. J. Curling Elementary,Brian Higdon,brianhigdon@nlesd.ca,Corner Brook,Western,Western,Central,30,42,38,40,39,40,61,0,0,0,0,0,0,0,290,200-299,140,150,290,0,785-2814,785-2042,Woodbine Ave,"Corner Brook, NL",A2H 3P2,NLESD - Western Region,NL,Woodbine Avenue
200,069,Sacred Heart Elementary,Frank Humber,frankhumber@nlesd.ca,Corner Brook,Western,Western,Central,35,17,20,31,25,24,33,0,0,0,0,0,0,0,185,100-199,82,103,185,0,785-5119,785-2257,Curling St,"Corner Brook West, NL",A2H 3K8,NLESD - Western Region,NL,473 Curling Street
200,485,Corner Brook Regional High,Steve Barrett,stevebarrett@nlesd.ca,Corner Brook,Western,Western,Central,0,0,0,0,0,0,0,0,0,0,228,264,279,12,783,700-799,0,0,0,783,634-5258,634-8969,12 University Drive,"Corner Brook, NL",A2H 5G4,NLESD - Western Region,NL,12 University Dr.
200,498,Eastside Elementary,Robert Matthews,robertmatthews@nlesd.ca,Corner Brook,Western,Western,Central,53,61,67,72,80,70,89,0,0,0,0,0,0,0,492,400-499,239,253,492,0,,,St. John's Avenue,"Corner Brook,  NL",A2H 2E5,NLESD - Western Region,NL,St. Johns Avenue
200,955,Corner Brook Intermediate,Peter Burt,peterburt@nlesd.ca,Corner Brook,Western,Western,Central,0,0,0,0,0,0,0,185,203,220,0,0,0,0,608,600-699,0,0,0,608,639-9541,639-9551,St. John's Avenue,"Corner Brook, NL",A2H 2E5,NLESD - Western Region,NL,11 Mount Bernard Ave
200,388,Long Range Academy,Michelle Patey,michellepatey@nlesd.ca,Cow Head,Western,Western,Central,7,4,7,9,11,6,7,9,11,7,8,10,3,0,99,100-199,24,27,51,48,243-2252,243-2169,P.O. Box 10,"Cow Head, NL",A0K 2A0,NLESD - Western Region,NL,P. O. Box 10
200,072,Holy Cross All Grade,Danielle Power,daniellelpower@nlesd.ca,Daniel's Harbour,Western,Western,Central,1,2,3,4,1,3,5,3,0,3,2,5,1,0,33,25-49,9,10,19,14,898-2413,898-2539,P. O. Box 130,"Daniel's Harbour, NL",A0K 2C0,NLESD - Western Region,NL,P. O. Box 130
200,389,Elwood Elementary,Debbie Pelley,debbiepelley@nlesd.ca,Deer Lake,Western,Western,Central,70,52,52,74,76,74,0,0,0,0,0,0,0,0,398,400-499,150,248,398,0,635-2337,635-2995,22A Farm Road,"Deer Lake, NL",A8A 1J3,NLESD - Western Region,NL,22A Farm Road
200,390,Elwood High School,Trevor Wall,trevorwall@nlesd.ca,Deer Lake,Western,Western,Central,0,0,0,0,0,0,0,0,0,0,77,76,74,2,229,200-299,0,0,0,229,635-2895,635-5985,22 Farm Road,"Deer Lake, NL",A8A 1J3,NLESD - Western Region,NL,22 Farm Road
200,391,Xavier Junior High,Lisa Hyde,lisahyde@nlesd.ca,Deer Lake,Western,Western,Central,0,0,0,0,0,0,66,75,62,74,0,0,0,0,277,200-299,66,0,66,211,635-2196,635-3372,26 Wight's Road,"Deer Lake, NL",A8A 2H6,NLESD - Western Region,NL,26 Wight's Road
200,026,H. G. Fillier Academy,Lori Morris,lorimorris@nlesd.ca,Englee,Western,Western,Northern,4,0,3,2,4,1,4,8,5,6,0,0,0,0,37,25-49,9,9,18,19,866-2326,866-2120,Box 220,"Englee, NL",A0K 2J0,NLESD - Western Region,NL,Box 220
200,027,Canon Richards Memorial Academy,Marsha Genge,marshagenge@nlesd.ca,Flower's Cove,Western,Western,Northern,5,9,8,13,9,14,13,17,20,21,12,16,17,0,174,100-199,36,35,71,103,456-2010,456-2020,Box 99,"Flower's Cove, NL",A0K 2N0,NLESD - Western Region,NL,Box 99
200,137,St. Simon and St. Jude Academy,Anne Marie Breen,annemariebreen@nlesd.ca,Francois,Western,Western,Southern,0,0,0,0,1,1,1,1,0,0,0,1,0,0,5,<10,3,0,3,2,842-3371,842-4121,P.O. Box 40,"Francois, NL",A0N 2K0,NLESD - Western Region,NL,
200,102,All Saints All-Grade,Sherry Boone,sherryboone@nlesd.ca,Grey River,Western,Western,Southern,0,1,1,1,1,1,0,1,1,3,0,0,0,0,10,10-24,2,3,5,5,296-3151,296-3151,P.O. Box 40,"Grey River, NL",A0N 2L0,NLESD - Western Region,NL,P. O. Box 40
200,032,Truman Eddison Memorial,Ashley Wood,ashleywood@nlesd.ca,Griquet,Western,Western,Northern,4,7,7,5,5,5,6,0,0,0,0,0,0,0,39,25-49,16,23,39,0,623-2010,623-2105,"Box 2, Site 1","Griquet, NL",A0K 2X0,NLESD - Western Region,NL,"P. O. Box 2, Site 1"
200,075,Hampden Academy,Cathy House,cathyhouse@nlesd.ca,Hampden,Western,Western,Central,1,0,2,3,4,5,2,8,7,4,8,7,6,1,58,50-99,11,6,17,41,455-3231,455-2107,Box 100,"Hampden, NL",A0K 2Y0,NLESD - Western Region,NL,P. O. Box 100
200,103,LeGallais Memorial,Brian Griffin,briangriffin@nlesd.ca,Isle aux Morts,Western,Western,Southern,1,3,0,3,3,4,3,4,8,4,0,0,0,0,33,25-49,10,7,17,16,698-3722,698-3083,Box 170,"Isle aux Morts, NL",A0M 1J0,NLESD - Western Region,NL,Box 170
200,152,Valmont Academy,Ryan Kelley,ryankelley@nlesd.ca,King's Point,Western,Western,Green Bay/White Bay,10,4,5,4,7,4,9,4,5,4,7,9,8,0,80,50-99,20,23,43,37,268-2205,268-2296,P.O. Box 130,"King's Point, NL",A0J 1H0,NLESD - Western Region,NL,P. O. Box 130
200,104,Douglas Academy,Jenelle Billard,jenellebillard@nlesd.ca,La Poile,Western,Western,Southern,0,0,0,0,0,1,0,1,0,1,0,0,0,0,3,<10,1,0,1,2,496-4116,496-3351,General Delivery,"La Poile, NL",A0M 1K0,NLESD - Western Region,NL,P. O. Box 13
200,153,Cape John Collegiate,Shawn Tibbo,shawntibbo@nlesd.ca,La Scie,Western,Western,Green Bay/White Bay,0,0,0,0,0,0,0,12,12,14,16,15,14,1,84,50-99,0,0,0,84,675-2510,675-2063,Box 190,"LaScie, NL",A0K 3M0,NLESD - Western Region,NL,P.O. Box 190
200,154,Hillside Elementary,Lisa Martin,lisamartin@nlesd.ca,La Scie,Western,Western,Green Bay/White Bay,1,9,7,10,16,14,14,0,0,0,0,0,0,0,71,50-99,44,27,71,0,675-2298,675-2489,P.O. Box 250,"La Scie, NL",A0K 3M0,NLESD - Western Region,NL,P. O. Box 250
200,079,St. James All Grade,Donna Alexander,donnaalexander@nlesd.ca,Lark Harbour,Western,Western,Central,8,4,6,13,11,7,10,7,7,11,7,9,9,0,109,100-199,28,31,59,50,681-2620,681-2019,Box 100,"Lark Harbour, NL",A0L 1H0,NLESD - Western Region,NL,P. O. Box 100
200,106,Lourdes Elementary,Anthony Derrah,anthonyderrah@nlesd.ca,Lourdes,Western,Western,Southern,12,12,15,12,23,17,23,23,24,0,0,0,0,0,161,100-199,63,51,114,47,642-5822,642-5442,P.O. Box 70,"Lourdes, NL",A0N 1R0,NLESD - Western Region,NL,P. O. Box 70
200,039,Mary Simms All Grade,Raymond Byrne,raybyrne@nlesd.ca,Main Brook,Western,Western,Northern,1,3,3,1,2,0,1,3,4,1,1,2,4,0,26,25-49,3,8,11,15,865-3151,865-2111,P.O. Box 10,"Main Brook, NL",A0K 3N0,NLESD - Western Region,NL,P. O. Box 10
200,394,E.A. Butler All Grade,Sherry Barnes,sherrybarnes@nlesd.ca,McKay's,Western,Western,Southern,8,4,11,7,9,10,14,7,6,3,13,15,10,1,118,100-199,33,30,63,55,645-2330,645-2633,Box 10,"McKay's, NL",A0N 1G0,NLESD - Western Region,NL,Box 10
200,080,Templeton Academy,Glenn MacArthur,glennmacarthur@nlesd.ca,Meadows,Western,Western,Central,22,37,31,29,34,47,46,42,27,22,37,27,40,0,441,400-499,127,119,246,195,783-2780,783-2113,"Box 3539, RR#2","Corner Brook, NL",A2H 6B9,NLESD - Western Region,NL,"Box 3539, RR#2"
200,158,MSB Regional Academy,Paul Bartlett,paulbartlett1@nlesd.ca,Middle Arm,Western,Western,Green Bay/White Bay,11,6,7,7,10,5,5,14,5,5,9,12,6,0,102,100-199,20,31,51,51,252-2905,252-2101,Box 40,"Middle Arm, NL",A0K 3R0,NLESD - Western Region,NL,P.O. Box 40
200,082,Pasadena Elementary,Jim Pink,jimpink@nlesd.ca,Pasadena,Western,Western,Central,39,55,36,33,28,41,43,0,0,0,0,0,0,0,275,200-299,112,163,275,0,686-2621,686-5623,P.O. Box 40,"Pasadena, NL",A0L 1K0,NLESD - Western Region,NL,P. O. Box 40
200,083,Pasadena Academy,Robert Major,robertmajor@nlesd.ca,Pasadena,Western,Western,Central,0,0,0,0,0,0,0,36,41,44,40,34,39,0,234,200-299,0,0,0,234,686-5091,686-5654,P.O. Box 130,"Pasadena, NL",A0L 1K0,NLESD - Western Region,NL,P. O. Box 130
200,110,Piccadilly Central High,James Parsons,jamesparsons1@nlesd.ca,Piccadilly,Western,Western,Southern,0,0,0,0,0,0,0,0,0,28,24,28,21,2,103,100-199,0,0,0,103,642-5752,642-5983,"P.O. Box 175, R.R.#2","Piccadilly, NL",A0N 1T0,NLESD - Western Region,NL,"Box 175, R.R. #2"
200,162,Dorset Collegiate,Mark Warren,markwarren1@nlesd.ca,Pilley's Island,Western,Western,Green Bay/White Bay,0,0,0,0,0,0,0,17,18,25,24,17,19,2,122,100-199,0,0,0,122,652-3190,652-3172,Box 10,"Pilley's Island, NL",A0J 1M0,NLESD - Western Region,NL,P.O. Box 10
200,475,Viking Trail Academy,Garfield Way,garfieldway@nlesd.ca,Plum Point,Western,Western,Northern,8,6,8,5,10,15,12,18,13,13,14,14,17,0,153,100-199,37,27,64,89,247-2008,247-2207,P. O. Box 70,"Plum Point, NL",A0K 4A0,NLESD - Western Region,NL,P. O. Box 70
200,088,Main River Academy,Bobbi Ann Heath,bobbiannheath@nlesd.ca,Pollard's Point,Western,Western,Central,5,5,4,5,1,4,2,2,2,2,4,5,2,0,43,25-49,7,19,26,17,482-2422,482-2129,General Delivery,"Pollard's Point, NL",A0K 4B0,NLESD - Western Region,NL,33 Academy Drive
200,111,St. Thomas Aquinas,Corey Ivany,coreyivany@nlesd.ca,Port au Port East,Western,Western,Southern,2,8,11,8,9,11,13,8,8,0,0,0,0,0,78,50-99,33,29,62,16,648-2260,648-9512,P.O. Box 299,"Port au Port East, NL",A0N 1T0,NLESD - Western Region,NL,P. O. Box 299
200,488,French Shore Academy,Beverly Wiltshire,beverlywiltshire@nlesd.ca,Port Saunders,Western,Western,Northern,9,17,20,9,18,17,21,17,22,14,23,21,11,0,219,200-299,56,55,111,108,861-2592,861-3258,P. O. Box 119,"Port Saunders, NL",A0K 4H0,NLESD - Western Region,NL,"P. O. Box 119, 10 Roncalli Rd."
200,113,St. Boniface All Grade,Verna Hatcher,vernahatcher@nlesd.ca,Ramea,Western,Western,Southern,0,1,0,0,3,0,1,3,0,4,3,1,3,1,20,25-49,4,1,5,15,625-2283,625-2151,P.O. Box 190,"Ramea, NL",A0N 2J0,NLESD - Western Region,NL,P. O. Box 190
200,167,Green Bay South Academy,Michael Parsons,mikeparsons@nlesd.ca,Robert's Arm,Western,Western,Green Bay/White Bay,13,5,7,8,14,21,22,0,0,0,0,0,0,0,90,50-99,57,33,90,0,652-3493,652-3162,P.O. Box 160,"Robert's Arm, NL",A0J 1R0,NLESD - Western Region,NL,P.O. Box  160
200,086,Gros Morne Academy,Lisa Shears-Smith,lisashearssmith@nlesd.ca,Rocky Harbour,Western,Western,Central,7,8,12,7,14,11,10,10,14,11,14,10,14,0,142,100-199,35,34,69,73,458-2457,458-2302,P.O. Box 179,"Rocky Harbour, NL",A0K 4N0,NLESD - Western Region,NL,P. O. Box 179
200,474,Cloud River Academy,Hollis Cull,holliscull@nlesd.ca,Roddickton,Western,Western,Northern,9,12,11,15,13,14,8,16,13,11,18,16,12,0,168,100-199,35,47,82,86,457-2430,457-2409,P. O. Box 100,"Roddickton, NL",A0K 4P0,NLESD - Western Region,NL,P. O. Box 100
200,171,Indian River High School,Garett McLean,garettmclean@nlesd.ca,Springdale,Western,Western,Green Bay/White Bay,0,0,0,0,0,0,0,55,29,30,25,30,53,4,226,200-299,0,0,0,226,673-3775,673-2181,P.O. Box 370,"Springdale, NL",A0J 1T0,NLESD - Western Region,NL,10 Grant Avenue
200,409,Indian River Academy,Conway Roberts,conwayroberts@nlesd.ca,Springdale,Western,Western,Green Bay/White Bay,30,24,33,24,35,41,39,0,0,0,0,0,0,0,226,200-299,115,111,226,0,673-3714,673-4480,P.O. Box 309,"Springdale, NL",A0J 1T0,NLESD - Western Region,NL,140 Little Bay Road
200,953,White Hills Academy,Mervin Parsons,mervinparsons@nlesd.ca,St. Anthony,Western,Western,Northern,17,17,24,27,12,26,30,35,31,24,37,29,28,2,339,300-399,68,85,153,186,454-2202,454-2404,31 Elementary School Road,"St. Anthony, NL",A0K 4S0,NLESD - Western Region,NL,31 Elementary School Road
200,116,Bayview Academy,Wallace Childs,wallacechilds@nlesd.ca,St. George's,Western,Western,Southern,13,18,15,16,17,15,22,19,16,34,40,30,28,0,283,200-299,54,62,116,167,647-3381,647-3723,P.O. Box 400,"St. George's, NL",A0N 1Z0,NLESD - Western Region,NL,P. O. Box 400
200,118,Stephenville Elementary,Cindy Barker,cindybarker@nlesd.ca,Stephenville,Western,Western,Southern,0,0,0,0,90,99,0,0,0,0,0,0,0,0,189,100-199,189,0,189,0,643-2927,643-6120,P.O. Box 5300,"Stephenville, NL",A2N 3A3,NLESD - Western Region,NL,P. O. Box 5300
200,119,Stephenville High,Jeffrey Blundon,jeffreyblundon@nlesd.ca,Stephenville,Western,Western,Southern,0,0,0,0,0,0,0,0,0,95,97,105,82,2,381,400-499,0,0,0,381,643-9672,643-5044,P.O. Box 5100,"Stephenville, NL",A2N 3M6,NLESD - Western Region,NL,P. O. Box 5100
200,120,Stephenville Primary,Gerald Morgan,geraldmorgan@nlesd.ca,Stephenville,Western,Western,Southern,90,74,93,87,0,0,0,0,0,0,0,0,0,0,344,300-399,0,344,344,0,643-2331,643-9335,72 West Street,"Stephenville, NL",A2N 1E3,NLESD - Western Region,NL,P. O. Box 5500
200,396,Stephenville Middle School,Kevin Green,kevingreen@nlesd.ca,Stephenville,Western,Western,Southern,0,0,0,0,0,0,97,99,91,0,0,0,0,0,287,200-299,97,0,97,190,643-5101,643-5103,40 Queen St,"Stephenville, NL",A2N 2M5,NLESD - Western Region,NL,40 Queen Street
200,463,Pathfinder Learning Centre,Perry White,perrywhite@nlesd.ca,Stephenville,Western,Western,Southern,0,0,0,0,0,0,0,0,0,0,2,2,6,13,23,10-24,0,0,0,23,643-4360,643-5490,P.O. Box 5600,"Stephenville, NL",A2N 3P5,NLESD - Western Region,NL,P. O. Box 5600
200,123,St. Michael's Elementary,Fred Robertson,fredrobertson@nlesd.ca,Stephenville Crossing,Western,Western,Southern,14,13,19,17,12,21,18,18,21,0,0,0,0,0,153,100-199,51,63,114,39,646-2822,646-5263,Hospital Road,"Stephenville Crossing, NL",A0N 2C0,NLESD - Western Region,NL,P. O. Box 280
200,172,Brian Peckford Primary,Danielle Osmond,danielleosmond@nlesd.ca,Triton,Western,Western,Green Bay/White Bay,9,2,10,9,0,0,0,0,0,0,0,0,0,0,30,25-49,0,30,30,0,263-2512,263-2397,P.O. Box 39,"Triton, NL",A0J 1V0,NLESD - Western Region,NL,P.O. Box39
200,089,Jakeman All Grade,Jillian Cross,jilliancross@nlesd.ca,Trout River,Western,Western,Central,8,4,2,5,5,8,7,6,5,8,9,4,5,0,76,50-99,20,19,39,37,451-3381,451-2165,Box 70,"Trout River, NL",A0K 5P0,NLESD - Western Region,NL,P. O. Box 70
200,397,Belanger Memorial School,Catherine Bartlett,catherinebartlett1@nlesd.ca,Upper Ferry,Western,Western,Southern,10,12,11,5,9,20,12,12,9,15,12,8,20,0,155,100-199,41,38,79,76,955-2940,955-2620,General Delivery,"Doyles, NL",A0N 1J0,NLESD - Western Region,NL,General Delivery
200,174,St. Peter's Academy,Jeff Quigley,jeffreyquigley@nlesd.ca,Westport,Western,Western,Green Bay/White Bay,4,1,0,0,2,1,4,1,1,5,0,0,4,0,23,10-24,7,5,12,11,224-5111,224-6161,P. O. Box 10,"Westport, NL",A0K 5R0,NLESD - Western Region,NL,P. O. Box 10
200,393,Bonne Bay Academy,Steven Buffett,stevebuffett@nlesd.ca,Woody Point,Western,Western,Central,3,1,1,0,4,2,1,2,2,8,4,4,4,0,36,25-49,7,5,12,24,453-2206,453-2460,P.O. Box 70,"Woody Point, NL",A0K 1P0,NLESD - Western Region,NL,P. O. Box 70
300,924,Tricentia Academy,Justin Noseworthy,justinnoseworthy@nlesd.ca,Arnold's Cove,Central,Central,Vista,13,17,16,12,16,22,22,15,13,14,15,18,14,1,208,200-299,60,58,118,90,463-2283,463-2193,Box 129,"Arnold's Cove, NL",A0B 1A0,NLESD - Central Region,NL,P.O. Box 129
300,398,Avoca Collegiate,Susan Power,susanpower@nlesd.ca,Badger,Central,Central,Nova Central,4,4,2,7,4,12,6,6,10,5,0,0,0,0,60,50-99,22,17,39,21,539-2466,539-2497,Box 190,"Badger, NL",A0H 1A0,NLESD - Central Region,NL,P.O. Box 190
300,400,Helen Tulk Elementary,Judith Crocker,judithcrocker@nlesd.ca,Bishop's Falls,Central,Central,Nova Central,15,29,32,24,31,22,31,0,0,0,0,0,0,0,184,100-199,84,100,184,0,258-6472,258-6487,"Box 130, 1 Forest Road","Bishop's Falls, NL",A0H 1C0,NLESD - Central Region,NL,"P. O. Box 130, Forest Road"
300,402,Leo Burke Academy,Tracy Tucker,tracytucker@nlesd.ca,Bishop's Falls,Central,Central,Nova Central,0,0,0,0,0,0,0,21,25,33,29,22,34,0,164,100-199,0,0,0,164,258-6337,258-6093,Box 530,"Bishop's Falls, NL",A0H 1C0,NLESD - Central Region,NL,P. O. Box 430
300,231,Discovery Collegiate,Gord Broderick,gordonbroderick@nlesd.ca,Bonavista,Central,Central,Vista,0,0,0,0,0,0,0,37,48,41,50,50,62,0,288,200-299,0,0,0,288,468-2323,468-1116,Box 549,"Bonavista, NL",A0C 1B0,NLESD - Central Region,NL,"Box 549, 315 Confederation Dr"
300,232,Matthew Elementary School,Leigh-Ann Ryder,leigh-annryder@nlesd.ca,Bonavista,Central,Central,Vista,29,27,31,27,35,25,33,0,0,0,0,0,0,0,207,200-299,93,114,207,0,468-7242,468-1137,Box 640,"Bonavista, NL",A0C 1B0,NLESD - Central Region,NL,"Box 640, Shelleys Rd"
300,132,Botwood Collegiate,Jamie Hunt,jamiehunt@nlesd.ca,Botwood,Central,Central,Nova Central,0,0,0,0,0,0,0,42,42,46,44,41,54,2,271,200-299,0,0,0,271,257-2497,257-4502,Box 640,"Botwood, NL",A0H 1E0,NLESD - Central Region,NL,P.O. Box 640
300,133,Memorial Academy,Asher Cutting,ashercutting@nlesd.ca,Botwood,Central,Central,Nova Central,29,46,30,34,30,48,49,0,0,0,0,0,0,0,266,200-299,127,139,266,0,257-2346,257-4630,Box 5000,"Botwood, NL",A0H 1E0,NLESD - Central Region,NL,P. O. Box 5000
300,403,Lakeside Academy,Barbara Rideout,barbararideout@nlesd.ca,Buchans,Central,Central,Nova Central,6,4,2,7,4,4,6,6,1,7,4,9,4,1,65,50-99,14,19,33,32,672-3985,672-3669,P.O. Box 130,"Buchans, NL",A0H 1G0,NLESD - Central Region,NL,P. O. Box 130
300,224,Donald C. Jamieson Academy,Leo Hynes,leohynes@nlesd.ca,Burin Bay Arm,Central,Central,Burin,29,37,36,29,45,41,35,43,0,0,0,0,0,0,295,300-399,121,131,252,43,891-1431,891-1814,P.O.Box 160,"Burin Bay Arm, NL",A0E 1G0,NLESD - Central Region,NL,"P.O. Box 160, 48C Main St"
300,177,Greenwood Academy,Ellis Pope,ellispope@nlesd.ca,Campbellton,Central,Central,Nova Central,8,9,11,9,10,12,21,9,13,17,0,0,0,0,119,100-199,43,37,80,39,261-2360,261-2362,Box 100,"Campbellton, NL",A0G 1L0,NLESD - Central Region,NL,P.O. Box 100
300,178,Phoenix Academy,Jerry Jenkins,jerryjenkins@nlesd.ca,Carmanville,Central,Central,Nova Central,7,10,14,9,16,13,14,21,22,12,23,22,13,0,196,200-299,43,40,83,113,534-2840,534-2076,Box 220,"Carmanville, NL",A0G 1N0,NLESD - Central Region,NL,P. O. Box 220
300,234,Catalina Elementary School,Kimberly Lodge,kimberlylodge@nlesd.ca,Catalina,Central,Central,Vista,10,12,12,14,8,11,13,7,10,0,0,0,0,0,97,100-199,32,48,80,17,469-2265,469-2515,Box 250,"Catalina, NL",A0C 1J0,NLESD - Central Region,NL,"P.O. Box 250, 2-16 Church Ave"
300,179,Centreville Academy,Trina Rogers,trinarogers@nlesd.ca,Centreville-Wareham,Central,Central,Nova Central,4,10,7,5,17,13,10,15,7,8,0,0,0,0,96,100-199,40,26,66,30,678-2833,678-2063,P.O. Box 10,"Centreville, NL",A0G 4P0,NLESD - Central Region,NL,P.O. Box 10
300,180,A. R. Scammell Academy,Sandra Gates,sandragates@nlesd.ca,Change Islands,Central,Central,Nova Central,0,1,1,0,1,0,1,0,0,2,0,0,2,0,8,10-24,2,2,4,4,621-3391,621-6361,P.O. Box 39,"Change Islands, NL",A0G 1R0,NLESD - Central Region,NL,P.O. Box 39
300,182,Charlottetown Primary,Glenda Humphries,glendahumphries@nlesd.ca,"Charlottetown, B.B.",Central,Central,Nova Central,2,1,1,0,0,0,0,0,0,0,0,0,0,0,4,<10,0,4,4,0,664-3301,664-4491,P.O. Box 110,"Charlottetown, NL",A0C 1L0,NLESD - Central Region,NL,P.O. Box 10
300,235,Clarenville High School,Ian Davidson,iandavidson@nlesd.ca,Clarenville,Central,Central,Vista,0,0,0,0,0,0,0,0,0,0,104,70,113,0,287,200-299,0,0,0,287,466-2713,466-1009,50 Gladney Street,"Clarenville, NL",A5A 1G8,NLESD - Central Region,NL,50A Gladney Street
300,428,Clarenville Middle School,Glen Moulton,glenmoulton@nlesd.ca,Clarenville,Central,Central,Vista,0,0,0,0,0,0,0,104,99,102,0,0,0,0,305,300-399,0,0,0,305,466-7558,466-2407,50B Gladney St.,"Clarenville, NL",A5A 1G8,NLESD - Central Region,NL,50A Gladney Street
300,405,Cottrell's Cove Academy,Chad Horne,chadhorne@nlesd.ca,Cottrell's Cove,Central,Central,Nova Central,0,1,1,0,0,2,0,1,1,3,1,0,0,0,10,10-24,2,2,4,6,485-2410,485-2806,Box 96,"Cottrell's Cove, NL",A0H 1L0,NLESD - Central Region,NL,P.O. Box 96
300,183,William Mercer Academy,Natasha Aylward,natashapowell@nlesd.ca,Dover,Central,Central,Nova Central,13,15,11,18,21,17,24,15,18,19,0,0,0,0,171,100-199,62,57,119,52,537-2184,537-2387,Box 100,"Dover, NL",A0G 1X0,NLESD - Central Region,NL,P. O. Box 100
300,413,Holy Cross School Complex,Mary Jane Oldford,maryjaneoldford@nlesd.ca,Eastport,Central,Central,Nova Central,4,5,9,8,5,7,6,8,6,8,11,11,9,0,97,100-199,18,26,44,53,677-2120,677-2378,Box 138,"Eastport, NL",A0G 1Z0,NLESD - Central Region,NL,P. O. Box 138
300,406,Fitzgerald Academy,Krista Baker,kristabaker@nlesd.ca,English Harbour West,Central,Central,Nova Central,12,8,14,14,19,10,12,12,17,13,9,12,6,0,158,100-199,41,48,89,69,888-3426,888-3428,P.O. Box 70,"English Harbour West, NL",A0H 1M0,NLESD - Central Region,NL,P.O. Box 70
300,414,Fogo Island Central Academy,Trevor Taylor,trevortaylor@nlesd.ca,Fogo Island,Central,Central,Nova Central,11,20,10,14,22,20,23,28,23,20,22,24,23,1,261,200-299,65,55,120,141,266-2560,266-2384,General Delivery,"Fogo Island, NL",A0G 2B0,NLESD - Central Region,NL,P.O. Box 40
300,213,Lake Academy,Cheryl Burt,cherylburt@nlesd.ca,Fortune,Central,Central,Burin,23,22,31,27,24,32,23,29,0,0,0,0,0,0,211,200-299,79,103,182,29,832-2100,832-0044,"P.O. Box 8, Forest Road","Fortune, NL",A0E 1P0,NLESD - Central Region,NL,"P.O. Box 8, 35-53 Forest Road"
300,416,Smallwood Academy,Maxwell Pike,maxwellpike@nlesd.ca,Gambo,Central,Central,Nova Central,26,16,16,13,14,13,15,12,21,18,18,16,16,0,214,200-299,42,71,113,101,674-5336,674-4244,Box 400,"Gambo, NL",A0G 1T0,NLESD - Central Region,NL,P.O. Box 400
300,417,Gander Academy,Collett Kelly,collettkelly@nlesd.ca,Gander,Central,Central,Nova Central,131,115,103,136,0,0,0,0,0,0,0,0,0,0,485,400-499,0,485,485,0,256-8531,256-8551,Fraser Road,"Gander, NL",A1V 1K8,NLESD - Central Region,NL,55 Fraser Road
300,418,Gander Collegiate,Greg Drover,gregdrover@nlesd.ca,Gander,Central,Central,Nova Central,0,0,0,0,0,0,0,0,0,0,124,145,148,3,420,400-499,0,0,0,420,256-2581,651-2986,3 Magee Road,"Gander, NL",A1V 1W1,NLESD - Central Region,NL,3 Magee Road
300,420,St. Paul's Intermediate School,Julia Webb,juliawebb@nlesd.ca,Gander,Central,Central,Nova Central,0,0,0,0,0,0,0,139,132,136,0,0,0,0,407,300-399,0,0,0,407,256-8404,256-8793,5 Magee Road,"Gander, NL",A1V 1W1,NLESD - Central Region,NL,5 Magee Road
300,495,Gander Elementary,Naomi Young,naomiyoung@nlesd.ca,Gander,Central,Central,Nova Central,0,0,0,0,124,128,150,0,0,0,0,0,0,0,402,400-499,402,0,402,0,651-7494,,10 Penney's Avenue,"Gander, NL",A1V 0J3,NLESD - Central Region,NL,10 Penney Avenue
300,138,Victoria Academy,Derek Drover,derekdrover@nlesd.ca,Gaultois,Central,Central,Nova Central,0,0,0,2,0,1,0,3,0,0,2,3,3,0,14,10-24,1,2,3,11,841-3151,841-7111,Box 10,"Gaultois, NL",A0H 1N0,NLESD - Central Region,NL,P. O. Box 10
300,421,Lakewood Academy,Cathy Rowe,cathyrowe@nlesd.ca,Glenwood,Central,Central,Nova Central,15,13,19,9,13,18,16,18,13,14,27,14,17,1,207,200-299,47,56,103,104,679-2162,679-5627,P.O. Box 10,"Glenwood, NL",A0G 2K0,NLESD - Central Region,NL,P. O. Box 10
300,422,Glovertown Academy,Cheryl Gordon,cherylgordon@nlesd.ca,Glovertown,Central,Central,Nova Central,26,22,13,21,20,29,31,27,19,23,31,27,25,2,316,300-399,80,82,162,154,533-2443,533-1136,P.O. Box 100,"Glovertown, NL",A0G 2L0,NLESD - Central Region,NL,P.O. Box 100
300,214,John Burke High School,Paul Snook,paulsnook@nlesd.ca,Grand Bank,Central,Central,Burin,0,0,0,0,0,0,0,0,32,28,32,27,32,2,153,100-199,0,0,0,153,832-2990,832-0003,"P.O. Box 550, 48 Main Street","Grand Bank, NL",A0E 1W0,NLESD - Central Region,NL,"Box 550, 48 Main St"
300,142,Woodland Primary,Nancy Barry,nancybarry@nlesd.ca,Grand Falls-Windsor,Central,Central,Nova Central,61,65,50,67,0,0,0,0,0,0,0,0,0,0,243,200-299,0,243,243,0,489-4373,489-1025,18A St. Catherine St,"Grand Falls-Windsor, NL",A2A 1V8,NLESD - Central Region,NL,18A St. Catherine Street
300,144,Sprucewood Academy,Sondra Power,sondrapower@nlesd.ca,Grand Falls-Windsor,Central,Central,Nova Central,0,0,0,0,158,141,167,0,0,0,0,0,0,0,466,400-499,466,0,466,0,489-2127,489-8491,26 Price's Ave.,"Grand Falls-Windsor, NL",A2B 1C9,NLESD - Central Region,NL,26 Price's Avenue
300,480,Exploits Valley High,Paul Lewis,paullewis@nlesd.ca,Grand Falls-Windsor,Central,Central,Nova Central,0,0,0,0,0,0,0,0,0,0,173,150,144,7,474,400-499,0,0,0,474,489-4374,489-1477,392 Grenfell Hgts,"Grand Falls-Windsor, NL",A2A 2J2,NLESD - Central Region,NL,392 Grenfell Heights
300,481,Exploits Valley Intermediate,John Antle,johnantle@nlesd.ca,Grand Falls-Windsor,Central,Central,Nova Central,0,0,0,0,0,0,0,152,130,145,0,0,0,0,427,400-499,0,0,0,427,489-5608,489-1473,19 Greenwood Ave,"Grand Falls-Windsor, NL",A2A 1S6,NLESD - Central Region,NL,19 Greenwood Avenue
300,494,Forest Park Primary,Jeff Power,jeffreypower@nlesd.ca,Grand Falls-Windsor,Central,Central,Nova Central,80,69,75,61,0,0,0,0,0,0,0,0,0,0,285,200-299,0,285,285,0,489-2171,489-2842,28 Price's Ave.,"Grand Falls-Windsor, NL",A2B 1C9,NLESD - Central Region,NL,28 Price's Avenue
300,149,King Academy,Bernetta Delaney,bernettadelaney@nlesd.ca,Harbour Breton,Central,Central,Nova Central,0,0,0,0,0,0,0,23,13,19,19,14,13,0,101,50-99,0,0,0,101,885-2319,885-2161,Box 250,"Harbour Breton, NL",A0H 1P0,NLESD - Central Region,NL,P. O. Box 250
300,150,St. Joseph's Elementary,Terry Baker,terrybaker@nlesd.ca,Harbour Breton,Central,Central,Nova Central,8,17,12,12,12,15,17,0,0,0,0,0,0,0,93,100-199,44,49,93,0,885-2407,885-2443,Box 329,"Harbour Breton, NL",A0H 1P0,NLESD - Central Region,NL,P. O. Box 329
300,187,Jane Collins Academy,Nathan Gidge,nathangidge@nlesd.ca,Hare Bay,Central,Central,Nova Central,0,0,0,0,0,0,0,0,0,0,31,25,27,0,83,50-99,0,0,0,83,537-2188,537-2374,Box 159,"Hare Bay, NL",A0G 2P0,NLESD - Central Region,NL,P. O. Box 159
300,151,John Watkins Academy,Janet Loveless,janetloveless@nlesd.ca,Hermitage,Central,Central,Nova Central,1,1,2,0,2,2,4,7,3,6,4,8,6,0,46,25-49,8,4,12,34,883-2480,883-2148,Box 100,"Hermitage, NL",A0H 1S0,NLESD - Central Region,NL,P. O. Box 100
300,242,Random Island Academy,Curtis Blackmore,curtisblackmore@nlesd.ca,Hickman's Harbour,Central,Central,Vista,15,6,7,7,11,2,13,6,9,6,11,11,9,0,113,100-199,26,35,61,52,547-2379,547-2549,P.O. Box 138,"Hickman's Harbour, NL",A0C 1P0,NLESD - Central Region,NL,P.O. Box 138
300,430,St. Mark's School,Yvonne Pevie,yvonnepevie@nlesd.ca,King's Cove,Central,Central,Vista,0,1,0,2,2,4,2,4,1,3,4,3,4,0,30,25-49,8,3,11,19,447-6211,447-2126,P.O. Box 84,"King's Cove, NL",A0C 1S0,NLESD - Central Region,NL,"2 Chapel Hill, P.O. Box 84"
300,188,Sandstone Academy,Carolyn Goodyear,carolyngoodyear@nlesd.ca,Ladle Cove,Central,Central,Nova Central,2,2,0,2,4,3,3,0,0,0,0,0,0,0,16,10-24,10,6,16,0,670-3201,670-2146,General Delivery,"Ladle Cove, NL",A0G 2Y0,NLESD - Central Region,NL,General Delivery
300,218,St. Joseph's Academy,Valerie Fleming,valeriefleming@nlesd.ca,Lamaline,Central,Central,Burin,10,4,5,6,7,4,11,8,3,3,5,9,4,0,79,50-99,22,25,47,32,857-2790,857-2036,Box 70,"Lamaline, NL",A0E 2C0,NLESD - Central Region,NL,"P.O. Box 70, Main Highway"
300,427,Holy Name of Mary Academy,Jeananne Lambert,jeanannelambert@nlesd.ca,Lawn,Central,Central,Burin,6,4,1,3,10,5,8,4,6,5,10,8,7,0,77,50-99,23,14,37,40,873-2069,873-2033,Box 39,"Lawn, NL",A0E 2E0,NLESD - Central Region,NL,"P.O. Box 39, Quarry Rd"
300,155,Leading Tickles Primary,Heather Griffin,heathergriffin@nlesd.ca,Leading Tickles,Central,Central,Nova Central,0,0,0,3,0,0,0,0,0,0,0,0,0,0,3,<10,0,3,3,0,483-2580,483-2053,P.O. Box 29,"Leading Tickles, NL",A0H 1T0,NLESD - Central Region,NL,P. O. Box 29
300,471,Heritage Collegiate,Stewart Churchill,stewartchurchill@nlesd.ca,Lethbridge,Central,Central,Vista,0,0,0,0,0,0,0,18,33,29,28,35,24,0,167,100-199,0,0,0,167,467-2717,467-2152,P. O. Box 40,"Lethbridge, NL",A0C 1V0,NLESD - Central Region,NL,"Box 40, Main St"
300,189,Lewisporte Academy,Terry Spurrell,terryspurrell@nlesd.ca,Lewisporte,Central,Central,Nova Central,43,40,37,45,43,56,47,0,0,0,0,0,0,0,311,300-399,146,165,311,0,535-2115,535-0480,P.O.Box 640,"Lewisporte, NL",A0G 3A0,NLESD - Central Region,NL,P. O. Box 640
300,190,Lewisporte Collegiate,Krista Freake,kristafreake@nlesd.ca,Lewisporte,Central,Central,Nova Central,0,0,0,0,0,0,0,0,0,0,71,85,72,0,228,200-299,0,0,0,228,535-6929,535-2356,Box 250,"Lewisporte, NL",A0G 3A0,NLESD - Central Region,NL,P. O. Box 250
300,486,Lewisporte Intermediate,David Conway,davidconway@nlesd.ca,Lewisporte,Central,Central,Nova Central,0,0,0,0,0,0,0,51,56,53,0,0,0,0,160,100-199,0,0,0,160,535-2424,535-3048,P.O.Box  729,"Lewisporte, NL",A0G 3A0,NLESD - Central Region,NL,P.O. Box 729
300,431,Southwest Arm Academy,Leon Porter,leonporter@nlesd.ca,Little Heart's Ease,Central,Central,Vista,6,2,5,10,6,8,11,12,6,9,8,2,9,0,94,50-99,25,23,48,46,548-2363,548-2484,Box 40,"Little Heart's Ease, NL",A0E 2K0,NLESD - Central Region,NL,"Box 40, 1 Main Rd"
300,192,Lumsden Academy,Sarah Best Robbins,Sarahrobbins@nlesd.ca,Lumsden,Central,Central,Nova Central,5,5,1,2,9,5,7,8,6,6,0,0,0,0,54,50-99,21,13,34,20,530-2311,530-2747,Box 10,"Lumsden, NL",A0G 3E0,NLESD - Central Region,NL,"P.O. Box 10, 18 Forest Rd"
300,219,Marystown Central High School,David Babb,davidbabb@nlesd.ca,Marystown,Central,Central,Burin,0,0,0,0,0,0,0,0,0,0,122,112,109,10,353,300-399,0,0,0,353,279-2313,279-3031,P.O. Box 549,"Marystown, NL",A0E 2M0,NLESD - Central Region,NL,"P.O. Box 549, 15 School Road"
300,220,Sacred Heart Academy,Scot Strang,scotstrang@nlesd.ca,Marystown,Central,Central,Burin,41,40,48,43,58,63,64,69,0,0,0,0,0,0,426,400-499,185,172,357,69,279-2051,279-4351,P.O. Box 79,"Marystown, NL",A0E 2M0,NLESD - Central Region,NL,"P.O. Box 79, 69 Columbia Dr"
300,157,St. Peter's All Grade,Brady Turner,bradyturner@nlesd.ca,McCallum,Central,Central,Nova Central,0,0,0,0,0,0,0,1,0,0,1,0,0,0,2,<10,0,0,0,2,846-3311,846-4103,P.O.Box 10,"McCallum, NL",A0H 2J0,NLESD - Central Region,NL,P. O. Box 10
300,407,Bay d'Espoir Academy,Connie Willcott,conniewillcott@nlesd.ca,Milltown,Central,Central,Nova Central,14,5,14,14,9,15,18,29,14,18,15,19,30,0,214,200-299,42,47,89,125,882-2500,882-2302,P.O. Box 190,"Milltown, NL",A0H 2E0,NLESD - Central Region,NL,"P.O. Box 310, 10 Church Rd"
300,194,Gill Memorial Academy,Sheldon Gillam,sheldongillam@nlesd.ca,Musgrave Harbour,Central,Central,Nova Central,2,10,5,6,11,9,13,11,13,6,16,11,6,0,119,100-199,33,23,56,63,655-2121,655-2037,Box 70,"Musgrave Harbour, NL",A0G 3J0,NLESD - Central Region,NL,P.O. Box 70
300,237,Anthony Paddon Elementary,Janice Harnum,janiceharnum@nlesd.ca,Musgravetown,Central,Central,Vista,21,29,32,36,32,28,25,0,0,0,0,0,0,0,203,100-199,85,118,203,0,467-2785,467-4357,Box 8,"Musgravetown, NL",A0C 1Z0,NLESD - Central Region,NL,"P.O. Box 8 , Main Street"
300,160,Bayview Primary,,,Nipper's Harbour,,,,,,,,,,,,,,,,,,,<10,0,0,0,0,,,,,,,NL,
300,426,Hillview Academy,Peter Wheeler,peterwheeler@nlesd.ca,Norris Arm,Central,Central,Nova Central,2,7,3,11,12,8,8,6,7,7,0,0,0,0,71,50-99,28,23,51,20,653-2529,653-2579,P. O. Box 10,"Norris Arm South, NL",A0G 3M0,NLESD - Central Region,NL,P. O. Box 10
300,163,Point Leamington Academy,John Loder,johnloder@nlesd.ca,Point Leamington,Central,Central,Nova Central,2,4,0,1,8,5,3,6,8,6,6,5,7,0,61,50-99,16,7,23,38,484-3432,484-3598,Box 100,"Point Leamington, NL",A0H 1Z0,NLESD - Central Region,NL,P. O. Box 100
300,240,Bishop White School,Stephanie Gould,stephaniegould@nlesd.ca,Port Rexton,Central,Central,Vista,9,10,7,8,9,13,4,7,11,5,8,7,6,0,104,100-199,26,34,60,44,464-3501,464-3243,P.O. Box 70,"Port Rexton, NL",A0C 2H0,NLESD - Central Region,NL,P.O. Box 70
300,165,St. Stephen's All Grade,Jessica Legrow,jessicalegrow@nlesd.ca,Rencontre East,Central,Central,Nova Central,0,3,1,1,3,0,2,3,1,1,3,1,1,0,20,10-24,5,5,10,10,848-3516,848-3106,Box 59,"Rencontre East, NL",A0H 2C0,NLESD - Central Region,NL,P. O. Box 59
300,223,Christ the King School,Lee Masters,leemasters@nlesd.ca,Rushoon,Central,Central,Burin,3,7,5,6,5,10,3,8,4,5,12,10,11,2,91,50-99,18,21,39,52,443-2293,443-2323,General Delivery,"Rushoon, NL",A0E 2S0,NLESD - Central Region,NL,"General Delivery, 1 Main Road"
300,209,Pearce Junior High School,Gregory Farrell,gregoryfarrell@nlesd.ca,Salt Pond,Central,Central,Burin,0,0,0,0,0,0,0,0,102,116,0,0,0,0,218,200-299,0,0,0,218,891-1310,891-2422,P.O. Box 130,"Burin Bay Arm, NL",A0E 1G0,NLESD - Central Region,NL,"P.O. Box 130, 48B Main St"
300,243,Riverside Elementary,Peter Hackett,peterhackett@nlesd.ca,Shoal Harbour,Central,Central,Vista,90,83,88,95,105,101,107,0,0,0,0,0,0,0,669,600-699,313,356,669,0,466-7552,466-7592,22 Thomas Pl.,"Clarenville, NL",A5A 4P3,NLESD - Central Region,NL,22 Thomas Place
300,225,St. Anne's School,Elena Whyte,elenawhyte@nlesd.ca,South East Bight,Central,Central,Burin,0,0,2,2,1,1,3,2,0,0,1,0,0,0,12,10-24,5,4,9,3,428-3561,428-3114,General Delivery,"South East Bight, NL",A0E 3B0,NLESD - Central Region,NL,"General Delivery, Main Road"
300,226,Fortune Bay Academy,George Sheppard,georgesheppard@nlesd.ca,St. Bernard's - Jacques Fontaine,Central,Central,Burin,5,3,4,6,7,5,3,7,6,2,6,9,6,0,69,50-99,15,18,33,36,461-2225,461-2749,P.O. Box 129,St. Bernard's - Jacques Font,A0E 2T0,NLESD - Central Region,NL,"P.O. Box 129, Main Road"
300,196,St. Gabriel's All Grade,Natalie Adams,natalieadams@nlesd.ca,St. Brendan's,Central,Central,Nova Central,0,0,0,0,1,0,1,0,0,1,0,0,0,0,3,<10,2,0,2,1,669-3331,669-5551,P.O. Box 10,"St. Brendan's, NL",A0G 3V0,NLESD - Central Region,NL,10 Main Street
300,228,St. Lawrence Academy,Thelma Roul Barry,thelmaroulbarry@nlesd.ca,St. Lawrence,Central,Central,Burin,6,7,11,9,15,13,9,16,18,13,17,13,14,1,162,100-199,37,33,70,92,873-2660,873-2711,P.O. Box 336,"St. Lawrence, NL",A0E 2V0,NLESD - Central Region,NL,"101 Main Street, P.O. Box 457"
300,478,New World Island Academy,Carolyn Clarke,carolynclarke@nlesd.ca,Summerford,Central,Central,Nova Central,16,22,21,22,23,22,24,21,32,23,19,33,28,1,307,300-399,69,81,150,157,629-3241,629-7447,Box 130,"Summerford, NL",A0G 4E0,NLESD - Central Region,NL,P. O. Box 130
300,246,Swift Current Academy,Tanya Harris,tanyaharris@nlesd.ca,Swift Current,Central,Central,Vista,2,0,1,2,5,0,6,0,0,0,0,0,0,0,16,10-24,11,5,16,0,549-2377,549-2109,P. O. Box 40,"Swift Current, NL",A0E 2W0,NLESD - Central Region,NL,P.O. Box 40
300,229,St. Joseph's All Grade,Carolyn Matchim,carolynmatchim@nlesd.ca,Terrenceville,Central,Central,Burin,7,5,4,8,4,8,9,7,12,4,5,13,6,1,93,50-99,21,24,45,48,662-2201,662-2008,P.O. Box 70,"Terrenceville, NL",A0E 2X0,NLESD - Central Region,NL,"P.O. Box 70 , 491A Main Drive"
300,201,J.M. Olds Collegiate,Jean Link,jeanlink@nlesd.ca,Twillingate,Central,Central,Nova Central,0,0,0,0,0,0,0,17,22,18,13,16,17,0,103,100-199,0,0,0,103,884-5931,884-5281,Box 460,"Twillingate, NL",A0G 4M0,NLESD - Central Region,NL,P. O. Box 460
300,202,Twillingate Island Elementary,Dave Dove,davedove@nlesd.ca,Twillingate,Central,Central,Nova Central,15,19,14,17,13,15,22,0,0,0,0,0,0,0,115,100-199,50,65,115,0,884-2871,884-5362,P.O. Box 370,"Twillingate, NL",A0G 4M0,NLESD - Central Region,NL,P.O. Box 370
300,204,Pearson Academy,Gordon Melindy,gordonmelindy@nlesd.ca,Wesleyville,Central,Central,Nova Central,13,16,14,12,14,18,19,11,16,30,31,31,26,2,253,200-299,51,55,106,147,536-2254,536-2185,Box 100,"Wesleyville, NL",A0G 4R0,NLESD - Central Region,NL,P. O. Box 100
300,206,Riverwood Academy,Jonathan Williams,jonathanwilliams@nlesd.ca,Wing's Point,Central,Central,Nova Central,7,13,19,19,13,16,14,15,24,14,22,29,13,1,219,200-299,43,58,101,118,676-2009,676-2382,General Delivery,"Wing's Point, NL",A0G 4T0,NLESD - Central Region,NL,240 Main Street
400,247,Roncalli Central High,Eddie Russell,edwardrussell@nlesd.ca,Avondale,Eastern,Eastern,Avalon West,0,0,0,0,0,0,0,53,57,58,47,65,54,0,334,300-399,0,0,0,334,229-3381,229-4435,P. O. Box 260,"Avondale, NL",A0A 1B0,NLESD - Eastern Region,NL,Avondale
400,433,Tricon Elementary,Donna Barrett,donnabarrett@nlesd.ca,Bay de Verde,Eastern,Eastern,Avalon West,10,5,9,13,17,20,14,0,0,0,0,0,0,0,88,50-99,51,37,88,0,587-2550,587-2320,P.O. Box 100,"Bay de Verde, NL",A0A 1E0,NLESD - Eastern Region,NL,"PO Box 100, 1 Barron Rd"
400,248,Amalgamated Academy,Gary Barrett,garybarrett@nlesd.ca,Bay Roberts,Eastern,Eastern,Avalon West,0,0,0,0,84,100,106,139,148,140,0,0,0,0,717,700-799,290,0,290,427,786-0280,786-1243,P.O. Box 460,"Bay Roberts, NL",A0A 1G0,NLESD - Eastern Region,NL,21 Eric Dawe Drive
400,249,Ascension Collegiate,Neil Kearley,neilkearley@nlesd.ca,Bay Roberts,Eastern,Eastern,Avalon West,0,0,0,0,0,0,0,0,0,0,212,181,196,21,610,600-699,0,0,0,610,786-3400,786-0660,Box 370,"Bay Roberts, NL",A0A 1G0,NLESD - Eastern Region,NL,Box 370
400,294,St. Augustine's Elementary,Tanmy Manor,tammymanor@nlesd.ca,Bell Island,Eastern,Eastern,Avalon East,16,23,12,14,18,21,25,0,0,0,0,0,0,0,129,100-199,64,65,129,0,488-3349,488-2355,P.O. Box 820,"Bell Island, NL",A0A 4H0,NLESD - Eastern Region,NL,Wabana
400,296,St. Michael's Regional High,Michael Hayley,michaelhayley@nlesd.ca,Bell Island,Eastern,Eastern,Avalon East,0,0,0,0,0,0,0,26,18,15,23,22,22,1,127,100-199,0,0,0,127,488-2828,488-3800,P.O. Box 400,"Bell Island, NL",A0A 4H0,NLESD - Eastern Region,NL,P.O. Box 400
400,464,Crescent Collegiate,Michelle Chislet-Lahey,michellechislettlahey@nlesd.ca,Blaketown,Eastern,Eastern,Avalon West,0,0,0,0,0,0,0,59,91,56,70,71,71,0,418,400-499,0,0,0,418,759-3126,759-3135,General Delivery,"South Dildo, NL",A0B 1R0,NLESD - Eastern Region,NL,General Delivery
400,253,Carbonear Collegiate,Rodney Hodder,rodneyhodder@nlesd.ca,Carbonear,Eastern,Eastern,Avalon West,0,0,0,0,0,0,0,0,0,131,136,119,127,7,520,400-499,0,0,0,520,596-3911,596-0462,95 Valley Road,"Carbonear, NL",A1Y 1A6,NLESD - Eastern Region,NL,95 Valley Road
400,954,Carbonear Academy,Byron King,byronking@nlesd.ca,Carbonear,Eastern,Eastern,Avalon West,51,41,44,37,44,59,44,71,58,0,0,0,0,0,449,400-499,147,173,320,129,5960426,596-0428,88 Valley Road,"Carbonear, NL",A1Y 1A7,NLESD - Eastern Region,NL,88 Valley Road
400,258,Holy Family Elementary,Susan George,susangeorge@nlesd.ca,Chapel Arm,Eastern,Eastern,Avalon West,11,12,14,8,12,12,14,0,0,0,0,0,0,0,83,50-99,38,45,83,0,592-2341,592-2033,General Delivery,"Chapel Arm, NL",A0B 1L0,NLESD - Eastern Region,NL,"PO Box 130, 50B Main Road"
400,259,Coley's Point Primary,Blair Hurley,blairhurley@nlesd.ca,Coley's Point,Eastern,Eastern,Avalon West,85,65,61,70,0,0,0,0,0,0,0,0,0,0,281,200-299,0,281,281,0,786-9052,786-2048,P.O. Box 509,"Bay Roberts, NL",A0A 1G0,NLESD - Eastern Region,NL,"Box 509, 1 Sod Lane"
400,260,Immaculate Conception Elementary,Todd Crane,toddcrane@nlesd.ca,Colliers,Eastern,Eastern,Avalon West,18,22,22,18,15,18,19,0,0,0,0,0,0,0,132,100-199,52,80,132,0,229-4664,229-1025,P. O. Box 40,"Colliers, NL",A0A 1Y0,NLESD - Eastern Region,NL,"PO Box 40, 93 Harbour Dr"
400,497,Admiral Academy,Joanne Anthony,joanneanthony@nlesd.ca,Conception Bay South,Eastern,Eastern,Avalon East,64,74,58,68,54,73,80,49,0,0,0,0,0,0,520,500-599,207,264,471,49,834-5394,834-6573,835 Conception Bay Highway,Conception Bay South,A1X 6G7,NLESD - Eastern Region,NL,835 CBS Highway
400,300,Frank Roberts Junior High,Shane Welcher,shanewelcher@nlesd.ca,Conception Bay South (Foxtrap),Eastern,Eastern,Metro,0,0,0,0,0,0,0,176,214,208,0,0,0,0,598,500-599,0,0,0,598,834-9847,834-6069,"P.O. Box 16040, Stn Foxtrap","CBS, NL",A1X 2E2,NLESD - Eastern Region,NL,"Box 16040, 350 Foxtrap Access Rd"
400,302,Queen Elizabeth Regional High,Wayne Rodgers,waynerodgers@nlesd.ca,Conception Bay South (Foxtrap),Eastern,Eastern,Metro,0,0,0,0,0,0,0,0,0,0,191,181,196,16,584,600-699,0,0,0,584,834-2081,834-7121,P.O. Box 16007,"Stn. Foxtrap, CBS, NL",A1X 2E2,NLESD - Eastern Region,NL,"P.O. Box 16007, Stn. Foxtrap"
400,303,St. Edward's School,Annette King,annetteking@nlesd.ca,Conception Bay South (Kelligrews),Eastern,Eastern,Metro,66,68,59,66,62,61,87,0,0,0,0,0,0,0,469,400-499,210,259,469,0,834-4421,834-1855,P.O. Box 17043,"Stn. Kelligrews, CBS,  NL",A1X 3H1,NLESD - Eastern Region,NL,"P.O. Box 17043, Stn. Kelligrews"
400,304,Holy Spirit High,David Locke,davidlocke@nlesd.ca,Conception Bay South (Manuels),Eastern,Eastern,Metro,0,0,0,0,0,0,0,0,0,238,206,204,225,5,878,800+,0,0,0,878,834-1031,834-1040,2694 Topsail Road,Conception Bay South NL,A1W 4B1,NLESD - Eastern Region,NL,2694 Topsail Road
400,305,Villanova Junior High,Dale Lambe,dalelambe@nlesd.ca,Conception Bay South (Manuels),Eastern,Eastern,Metro,0,0,0,0,0,109,100,238,233,0,0,0,0,0,680,600-699,209,0,209,471,834-3916,834-4064,2698 Topsail Road,"CBS, NL",A1W 4B1,NLESD - Eastern Region,NL,2698 Topsail Road
400,306,St. George's Elementary,Paul Edwards,pauledwards@nlesd.ca,Conception Bay South (Manuels),Eastern,Eastern,Metro,39,49,53,47,48,41,46,0,0,0,0,0,0,0,323,300-399,135,188,323,0,834-2069,834-6645,P.O. Box 14092,"Manuels, CBS, NL",A1W 3J1,NLESD - Eastern Region,NL,P.O. Box 14092
400,366,Topsail Elementary,Rosanne Collett,Rosannecollett@nlesd.ca,Conception Bay South (Topsail),Eastern,Eastern,Metro,91,96,79,109,104,0,0,0,0,0,0,0,0,0,479,400-499,104,375,479,0,834-2968,834-6429,"P.O. Box 13121, Stn Topsail","CBS, NL",A1W 2K1,NLESD - Eastern Region,NL,"P.O. Box 13121, Stn. Topsail"
400,371,Upper Gullies Elementary,Lynette Ivany,lynetteivany@nlesd.ca,Conception Bay South (Upper Gullies),Eastern,Eastern,Metro,45,36,35,44,45,61,37,0,0,0,0,0,0,0,303,200-299,143,160,303,0,744-3141,744-2283,30 Roberts Road South,"Upper Gullies, CBS, NL",A1X 6K2,NLESD - Eastern Region,NL,30 Robert's Road South
400,262,Woodland Elementary,Lorraine Harnum,lorraineharnum@nlesd.ca,Dildo,Eastern,Eastern,Avalon West,17,26,28,22,22,26,38,0,0,0,0,0,0,0,179,100-199,86,93,179,0,582-2310,582-3082,P.O. Box 40,"Dildo, NL",A0B 1P0,NLESD - Eastern Region,NL,Box 40
400,435,St. Anne's Academy,Shelly Quilty,shellyquilty@nlesd.ca,Dunville,Eastern,Eastern,Avalon West,24,30,26,26,29,43,37,0,0,0,0,0,0,0,215,200-299,109,106,215,0,227-3192,227-2069,P.O. Box 300,"Dunville, NL",A0B 1S0,NLESD - Eastern Region,NL,Box 249
400,447,Baltimore School Complex,Darrell Budgell,darrellbudgell@nlesd.ca,Ferryland,Eastern,Eastern,Avalon East,11,11,13,10,8,11,14,27,14,14,24,19,17,0,193,200-299,33,45,78,115,432-2090,432-2262,General Delivery,"Ferryland, NL",A0A 2H0,NLESD - Eastern Region,NL,General Delivery
400,265,Acreman Elementary,Roger Green,rogergreen@nlesd.ca,Green's Harbour,Eastern,Eastern,Avalon West,15,24,21,32,19,22,25,0,0,0,0,0,0,0,158,100-199,66,92,158,0,582-2448,582-2551,P. O. Box 9,"Green's Harbour, NL",A0B 1X0,NLESD - Eastern Region,NL,Box 9
400,269,St. Francis School,Jeffrey Neil,jeffreyneil@nlesd.ca,Harbour Grace,Eastern,Eastern,Avalon West,18,23,25,21,31,22,42,25,31,0,0,0,0,0,238,200-299,95,87,182,56,596-3452,596-2154,Box 460,"Harbour Grace, NL",A0A 2M0,NLESD - Eastern Region,NL,Box 460
400,272,Holy Cross Elementary,Tyson Bennett,tysonbennett@nlesd.ca,Holyrood,Eastern,Eastern,Avalon West,40,36,52,35,43,39,38,0,0,0,0,0,0,0,283,200-299,120,163,283,0,229-3939,229-7266,P.O. Box 280,"Holyrood, NL",A0A 2R0,NLESD - Eastern Region,NL,"PO Box 280, 180 Northside Rd"
400,317,St. Francis of Assisi Elementary,Heidi Williams,heidiwilliams@nlesd.ca,Logy Bay/Middle Cove/Outer Cove,Eastern,Eastern,Metro,25,23,31,36,33,40,35,0,0,0,0,0,0,0,223,200-299,108,115,223,0,437-6663,437-1010,29 Outercove Road,"Outer Cove, NL",A1K 4E7,NLESD - Eastern Region,NL,29 Outer Cove Road
400,307,Mobile Central High,Gary Petten,garypetten@nlesd.ca,Mobile,Eastern,Eastern,Avalon East,0,0,0,0,0,55,44,58,45,52,45,38,29,0,366,300-399,99,0,99,267,334-2525,334-2078,Box 60,"Mobile, NL",A0A 3A0,NLESD - Eastern Region,NL,"Box 60, Riverhead Road"
400,274,St. Catherine's Academy,Heather Hanlon,heatherhanlon@nlesd.ca,Mount Carmel,Eastern,Eastern,Avalon West,5,1,1,3,3,2,6,5,10,1,5,10,9,0,61,50-99,11,10,21,40,521-2090,521-2638,P.O. Box 150,"Mount Carmel, NL",A0B 2M0,NLESD - Eastern Region,NL,"RR 1, Box 150"
400,308,Mary Queen of the World Elementary,Chris Bartlett,christopherbartlett@nlesd.ca,Mount Pearl,Eastern,Eastern,Metro,55,63,54,53,53,59,63,0,0,0,0,0,0,0,400,300-399,175,225,400,0,368-0710,368-2242,791 Topsail Road,"Mount Pearl, NL",A1N 3J6,NLESD - Eastern Region,NL,791 Topsail Road
400,309,Morris Academy,Sandra Humphries,sandrahumphries@nlesd.ca,Mount Pearl,Eastern,Eastern,Metro,33,43,51,41,50,45,0,0,0,0,0,0,0,0,263,200-299,95,168,263,0,368-2121,368-0204,52 Roosevelt Avenue,"Mount Pearl, NL",A1N 1Z8,NLESD - Eastern Region,NL,52 Roosevelt Avenue
400,310,Mount Pearl Intermediate,Della Healey,dellahealey@nlesd.ca,Mount Pearl,Eastern,Eastern,Metro,0,0,0,0,0,0,48,252,214,0,0,0,0,0,514,400-499,48,0,48,466,364-1423,364-1871,56 Ruth Avenue,"Mount Pearl, NL",A1N 2H5,NLESD - Eastern Region,NL,50 Ruth Avenue
400,311,Mount Pearl Senior High,Don King,donaldking@nlesd.ca,Mount Pearl,Eastern,Eastern,Metro,0,0,0,0,0,0,0,0,0,216,247,221,213,7,904,800+,0,0,0,904,364-8456,364-7744,46 Ruth Ave,"Mount Pearl, NL",A1N 2H5,NLESD - Eastern Region,NL,46 Ruth Avenue
400,312,Newtown Elementary,Janette Ann Pomroy,janettepomroy@nlesd.ca,Mount Pearl,Eastern,Eastern,Metro,0,0,0,0,164,169,167,0,0,0,0,0,0,0,500,400-499,500,0,500,0,368-0116,368-0605,25 Jackman Drive,"Mount Pearl, NL",A1N 2P5,NLESD - Eastern Region,NL,25 Jackman Drive
400,313,O'Donel High School,Sheldon Marsh,sheldonmarsh@nlesd.ca,Mount Pearl,Eastern,Eastern,Metro,0,0,0,0,0,0,0,0,0,0,221,220,168,25,634,600-699,0,0,0,634,364-5305,364-5317,Box 578,"Mount Pearl, NL",A1N 2W4,NLESD - Eastern Region,NL,P.O. Box 578
400,315,St. Peter's Junior High,Cecilia Kennedy,ceciliakennedy@nlesd.ca,Mount Pearl,Eastern,Eastern,Metro,0,0,0,0,0,0,0,203,223,204,0,0,0,0,630,600-699,0,0,0,630,368-0189,368-4806,Munden Dr,"Mount Pearl, NL",A1N 2T5,NLESD - Eastern Region,NL,100 Munden Drive
400,316,St. Peter's Primary,Sherry Cheema,Sherrycheema@nlesd.ca,Mount Pearl,Eastern,Eastern,Metro,187,161,179,164,0,0,0,0,0,0,0,0,0,0,691,600-699,0,691,691,0,368-7002,364-1533,108 Ashford Dr.,"Mount Pearl, NL",A1N 3L6,NLESD - Eastern Region,NL,108 Ashford Drive
400,278,All Hallows Elementary,Kevin Giles,kevingiles@nlesd.ca,North River,Eastern,Eastern,Avalon West,48,47,53,43,48,45,53,0,0,0,0,0,0,0,337,300-399,146,191,337,0,786-3691,786-3695,General Delivery,"North River, NL",A0A 3C0,NLESD - Eastern Region,NL,"34 North River Road, P.O. Box 520"
400,476,Baccalieu Collegiate,Jeff Saxby,jeffsaxby@nlesd.ca,Old Perlican,Eastern,Eastern,Avalon West,0,0,0,0,0,0,0,24,37,32,28,36,25,0,182,100-199,0,0,0,182,587-3210,587-3212,P. O. Box 10,"Old Perlican, NL",A0A 3G0,NLESD - Eastern Region,NL,"P.O. Box 10, 1 Track Road"
400,318,Holy Family Elementary,Sheryl Ryan,sherylryan@nlesd.ca,Paradise,Eastern,Eastern,Metro,95,81,70,70,68,87,73,0,0,0,0,0,0,0,544,500-599,228,316,544,0,781-1440,781-1444,67 St. Thomas Line,"Paradise, NL",A1L 1K9,NLESD - Eastern Region,NL,9 Ridgewood Drive
400,492,Octagon Pond Elementary,Kirk Smith,kirksmith@nlesd.ca,Paradise,Eastern,Eastern,Metro,77,72,79,94,82,91,54,0,0,0,0,0,0,0,549,500-599,227,322,549,0,782-4560,782-5189,425 Topsail Road,St. John's,A1E 5N7,NLESD - Eastern Region,NL,425 Topsail Road
400,951,Paradise Elementary,Denise Coady,denisecoady@nlesd.ca,Paradise,Eastern,Eastern,Metro,76,93,83,84,106,102,86,0,0,0,0,0,0,0,630,600-699,294,336,630,0,782-3000,782-0763,60 Karwood Drive,"Paradise, NL",A1L 2T8,NLESD - Eastern Region,NL,60 Karwood Drive
400,952,Elizabeth Park Elementary,Elizabeth Churchill,elizabethchurchill@nlesd.ca,Paradise,Eastern,Eastern,Metro,66,87,66,80,75,101,83,0,0,0,0,0,0,0,558,500-599,259,299,558,0,782-8488,782-2662,80 Ellesmere Avenue,"Paradise, NL",A1L 0R7,NLESD - Eastern Region,NL,80 Ellesmere Avenue
400,280,Laval High School,Sean Ryan,seanryan@nlesd.ca,Placentia,Eastern,Eastern,Avalon West,0,0,0,0,0,0,0,28,41,33,30,33,30,0,195,200-299,0,0,0,195,227-2041,227-2155,P.O. Box 310,"Placentia, NL",A0B 2Y0,NLESD - Eastern Region,NL,Box 310
400,320,Beachy Cove Elementary,Aubrey Dawe,aubrey@beachycove.ca,Portugal Cove - St. Philip's,Eastern,Eastern,Metro,109,117,102,104,117,0,0,0,0,0,0,0,0,0,549,500-599,117,432,549,0,895-2241,895-2767,P.O. Box 578,"Portugal Cove, NL",A1M 3R6,NLESD - Eastern Region,NL,"P.O. Box 578, 412 Beachy Cove Rd"
400,496,Brookside Intermediate,Elsie Colbourne,elsiecolbourne@nlesd.ca,Portugal Cove - St. Philip's,Eastern,Eastern,Metro,0,0,0,0,0,95,122,91,110,135,0,0,0,0,553,500-599,217,0,217,336,895-7181,895-7253,1169-1181 Thorburn Road,Portugal Cove - St. Philip's,A1M 1T6,NLESD - Eastern Region,NL,1169-1181 Thorburn Road
400,473,Cape St. Francis Elementary,Klark Pike,klarkpike@nlesd.ca,Pouch Cove,Eastern,Eastern,Metro,49,33,46,46,41,0,0,0,0,0,0,0,0,0,215,200-299,41,174,215,0,335-2962,335-2964,P.O. Box 220,"Pouch Cove, NL",A0A 3L0,NLESD - Eastern Region,NL,P.O. Box 220
400,285,Holy Redeemer Elementary,Catherine Downey,cathydowney@nlesd.ca,Spaniard's Bay,Eastern,Eastern,Avalon West,25,34,33,30,34,27,42,35,18,27,0,0,0,0,305,200-299,103,122,225,80,786-9056,786-6017,Box 40,"Spaniard's Bay, NL",A0A 3X0,NLESD - Eastern Region,NL,"Box 905, 2 Back Cove Rd"
400,286,Fatima Academy,Darlene Walsh,darlenewalsh@nlesd.ca,St. Bride's,Eastern,Eastern,Avalon West,0,1,0,1,3,3,1,7,6,4,3,5,7,1,42,25-49,7,2,9,33,337-2500,337-2042,General Delivery,"St. Bride's, NL",A0B 2Z0,NLESD - Eastern Region,NL,9 Main Street
400,324,Beaconsfield Junior High,Greg O'Leary,gregoleary@nlesd.ca,St. John's,Eastern,Eastern,Metro,0,0,0,0,0,0,0,120,186,226,0,0,0,0,532,500-599,0,0,0,532,368-0146,368-0325,210 Waterford Bridge Road,"St. John's, NL",A1E 1E2,NLESD - Eastern Region,NL,210 Waterford Bridge Road
400,325,Bishop Abraham Elementary,Laura Butland,laurabutland@nlesd.ca,St. John's,Eastern,Eastern,Metro,30,27,37,25,31,33,31,0,0,0,0,0,0,0,214,200-299,95,119,214,0,579-9071,579-0090,196 Pennywell Rd.,"St. John's, NL",A1C 2L6,NLESD - Eastern Region,NL,196 Pennywell Road
400,326,Bishop Feild Elementary,Laurie Andrews,laurieandrews@nlesd.ca,St. John's,Eastern,Eastern,Metro,39,39,33,40,40,38,46,0,0,0,0,0,0,0,275,200-299,124,151,275,0,722-3103,722-1058,44 Bond Street,"St. John's, NL",A1C 1S6,NLESD - Eastern Region,NL,46 Bond Street
400,330,Brother Rice Junior High,Nancy Mandeville,Nancymandeville@nlesd.ca,St. John's,Eastern,Eastern,Metro,0,0,0,0,0,0,0,144,152,137,0,0,0,0,433,400-499,0,0,0,433,753-6453,753-8527,75 Bonaventure Ave.,"St. John's, NL",A1C 3Z3,NLESD - Eastern Region,NL,75 Bonaventure Ave.
400,331,Cowan Heights Elementary,Rick Fennemore,rickfennemore@nlesd.ca,St. John's,Eastern,Eastern,Metro,60,54,39,44,50,53,53,32,0,0,0,0,0,0,385,300-399,156,197,353,32,745-1700,745-2694,104 Canada Drive,"St. John's, NL",A1E 2M8,NLESD - Eastern Region,NL,100 Canada Drive
400,334,Larkhall Academy,Reginald Durdle,regdurdle@nlesd.ca,St. John's,Eastern,Eastern,Metro,54,49,41,59,55,51,0,0,0,0,0,0,0,0,309,200-299,106,203,309,0,722-7012,722-0153,16 Larkhall St,"St. John's, NL",A1B 2C3,NLESD - Eastern Region,NL,16 Larkhall Street
400,335,Leary's Brook Junior High,Owen Matchim,owenmatchim@nlesd.ca,St. John's,Eastern,Eastern,Metro,0,0,0,0,0,0,88,96,81,76,0,0,0,0,341,300-399,88,0,88,253,726-9889,726-2547,15 Larkhall St,"St. John's, NL",A1B 2C4,NLESD - Eastern Region,NL,15 Larkhall Street
400,336,Gonzaga Regional High,Deborah Howse,debbiehowse@nlesd.ca,St. John's,Eastern,Eastern,Metro,0,0,0,0,0,0,0,0,0,0,242,225,218,19,704,700-799,0,0,0,704,753-7510,753-2117,20 Smithville Cres,"St. John's, NL",A1B 2V2,NLESD - Eastern Region,NL,20 Smithville Crescent
400,340,Holy Heart of Mary Regional High,Sheldon Barry,sheldonbarry@nlesd.ca,St. John's,Eastern,Eastern,Metro,0,0,0,0,0,0,0,0,0,0,281,325,329,56,991,800+,0,0,0,991,754-1600,754-0855,55 Bonaventure Ave,"St. John's, NL",A1C 3Z3,NLESD - Eastern Region,NL,Bonaventure Avenue
400,342,Macdonald Drive Elementary,Matthew Smith,matthewsmith@nlesd.ca,St. John's,Eastern,Eastern,Metro,67,51,55,65,67,70,62,0,0,0,0,0,0,0,437,400-499,199,238,437,0,753-6020,753-3809,150 Macdonald Drive,"St. John's, NL",A1A 2K9,NLESD - Eastern Region,NL,100 Macdonald Drive
400,343,Macdonald Drive Junior High,Christina Pike,christinapike@nlesd.ca,St. John's,Eastern,Eastern,Metro,0,0,0,0,0,0,0,240,287,237,0,0,0,0,764,700-799,0,0,0,764,753-8240,753-1243,152 MacDonald Drive,"St. John's, NL",A1A 2K9,NLESD - Eastern Region,NL,110 Macdonald Drive
400,345,Mary Queen of Peace Elementary,Kim Leonard,kimberlyleonard@nlesd.ca,St. John's,Eastern,Eastern,Metro,84,80,87,83,90,102,103,0,0,0,0,0,0,0,629,600-699,295,334,629,0,753-7950,753-4973,137 Torbay Road,"St. John's, NL",A1A 2G9,NLESD - Eastern Region,NL,137 Torbay Road
400,347,Prince of Wales Collegiate,Carla Roberts,carlaroberts@nlesd.ca,St. John's,Eastern,Eastern,Metro,0,0,0,0,0,0,0,0,0,0,169,189,157,27,542,600-699,0,0,0,542,576-4061,576-4920,3 Paton Street,"St. John's, NL",A1B 3E7,NLESD - Eastern Region,NL,24 Paton Street
400,348,Roncalli Elementary,Alun Young,alunyoung@nlesd.ca,St. John's,Eastern,Eastern,Metro,54,55,59,60,71,51,69,0,0,0,0,0,0,0,419,400-499,191,228,419,0,576-4731,576-0087,130 Airport Hgts Dr,"St. John's, NL",A1A 4Z7,NLESD - Eastern Region,NL,130 Airport Heights Drive
400,349,St. Andrew's Elementary,Leanne Morrissey,leannemorrissey@nlesd.ca,St. John's,Eastern,Eastern,Metro,58,40,47,35,39,45,0,0,0,0,0,0,0,0,264,200-299,84,180,264,0,726-3682,726-1012,141 University Ave,"St. John's, NL",A1B 1Z4,NLESD - Eastern Region,NL,141 University Avenue
400,350,St. John Bosco School,Linda Hart,lindahart@nlesd.ca,St. John's,Eastern,Eastern,Metro,18,10,22,17,18,22,20,14,22,25,0,0,0,0,188,100-199,60,67,127,61,753-8850,753-7870,"P.O. Box 150, Shea Heights","St. John's, NL",A0A 1J0,NLESD - Eastern Region,NL,75 Linegar Avenue
400,355,St. Mary's Elementary,Sharon Collett,SharonCollett@nlesd.ca,St. John's,Eastern,Eastern,Metro,32,25,25,19,37,29,23,0,0,0,0,0,0,0,190,100-199,89,101,190,0,753-9892,753-9220,124 Waterford Bridge Rd,"St. John's, NL",A1E 1C9,NLESD - Eastern Region,NL,124 Waterford Bridge Road
400,356,St. Matthew's Elementary,Sharon Vivian,sharonvivian@nlesd.ca,St. John's,Eastern,Eastern,Metro,49,54,52,47,60,49,63,60,0,0,0,0,0,0,434,400-499,172,202,374,60,745-1513,745-3618,115 Cowan Avenue,"St. John's, NL",A1E 3W4,NLESD - Eastern Region,NL,115 Cowan Avenue
400,359,St. Paul's Junior High,Elizabeth Ares,elizabethares@nlesd.ca,St. John's,Eastern,Eastern,Metro,0,0,0,0,0,0,0,120,110,138,0,0,0,0,368,300-399,0,0,0,368,753-6630,753-4974,340 Newfoundland Dr,"St. John's, NL",A1A 3R9,NLESD - Eastern Region,NL,340 Newfoundland Drive
400,360,Rennie's River Elementary School,Stephanie Snow,stephaniesnow@nlesd.ca,St. John's,Eastern,Eastern,Metro,31,32,37,37,31,45,36,0,0,0,0,0,0,0,249,200-299,112,137,249,0,754-2690,754-4737,150 Elizabeth Avenue,"St. John's, NL",A1B 1S4,NLESD - Eastern Region,NL,150 Elizabeth Avenue
400,362,St. Teresa's School/Ecole Ste-Therese,Kyran Dwyer,kyrandwyer@nlesd.ca,St. John's,Eastern,Eastern,Metro,102,66,72,83,87,58,73,0,0,0,0,0,0,0,541,500-599,218,323,541,0,579-9111,579-2448,100 Mundy Pond Road,"St. John's, NL",A1E 1V1,NLESD - Eastern Region,NL,100 Mundy Pond Road
400,363,Vanier Elementary,Gina Ducey,ginaducey@nlesd.ca,St. John's,Eastern,Eastern,Metro,32,46,21,40,43,38,41,0,0,0,0,0,0,0,261,200-299,122,139,261,0,754-2440,754-1805,75 Ennis Avenue,"St. John's, NL",A1A 1Y7,NLESD - Eastern Region,NL,85 Ennis Avenue
400,364,East Point Elementary,Christopher Young,chrisyoung@nlesd.ca,St. John's,Eastern,Eastern,Metro,26,25,25,26,31,27,30,0,0,0,0,0,0,0,190,100-199,88,102,190,0,753-7924,754-2295,14 Middleton Street,"St. John's, NL",A1A 3H9,NLESD - Eastern Region,NL,14 Middleton Street
400,452,District School,Julie Parsons,julieparsons@nlesd.ca,St. John's,Eastern,Eastern,Metro,0,0,0,0,0,0,0,0,2,6,12,10,9,0,39,25-49,0,0,0,39,579-4131,579-2267,145 St. Clare Avenue,St. John's,A1C 2J9,NLESD - Eastern Region,NL,145 St. Clare Avenue
400,468,Hazelwood Elementary,Nancy Healey,nancyhealey@nlesd.ca,St. John's,Eastern,Eastern,Metro,85,55,64,75,55,74,80,0,0,0,0,0,0,0,488,400-499,209,279,488,0,368-2123,368-7701,391 Topsail Rd,"St. John's, NL",A1E 2B7,NLESD - Eastern Region,NL,391 Topsail Road
400,489,Waterford Valley High,Bridget Ricketts,bridgetricketts@nlesd.ca,St. John's,Eastern,Eastern,Metro,0,0,0,0,0,0,0,0,0,0,183,205,202,29,619,600-699,0,0,0,619,745-6264,745-5672,465 Topsail Road,St. John's,A1E 0E3,NLESD - Eastern Region,NL,465 Topsail Road
400,337,Goulds Elementary,James Kieley,jameskieley@nlesd.ca,St. John's (Goulds),Eastern,Eastern,Metro,79,74,84,78,75,89,0,0,0,0,0,0,0,0,479,400-499,164,315,479,0,368-8351,368-6966,"Box 6, 46 Doyles Road","Goulds, NL",A1S 1A1,NLESD - Eastern Region,NL,46 Doyles Road
400,353,St. Kevin's Junior High,Wilson Warren,wilsonwarren@nlesd.ca,St. John's (Goulds),Eastern,Eastern,Metro,0,0,0,0,0,0,95,97,88,0,0,0,0,0,280,200-299,95,0,95,185,745-8980,745-1151,P.O. Box 700,"Goulds, NL",A1S 1G7,NLESD - Eastern Region,NL,P.O. Box 700
400,354,St. Kevin's High,Anthony Power,tonypower@nlesd.ca,St. John's (Goulds),Eastern,Eastern,Metro,0,0,0,0,0,0,0,0,0,86,88,109,84,3,370,300-399,0,0,0,370,745-9731,745-0607,Box 490,"Goulds, NL",A1S 1G6,NLESD - Eastern Region,NL,P.O. Box 490
400,287,Dunne Memorial Academy,Arlene Fagan,arlenefagan@nlesd.ca,St. Mary's,Eastern,Eastern,Avalon West,3,9,1,6,4,6,4,5,3,6,3,10,12,0,72,50-99,14,19,33,39,525-2330,525-2777,P.O. Box 349,"St. Mary's, NL",A0B 3B0,NLESD - Eastern Region,NL,"Box 349, 1-13 Pathend Rd"
400,367,Holy Trinity Elementary,Deborah Peddle,deborahpeddle@nlesd.ca,Torbay,Eastern,Eastern,Metro,95,107,99,117,133,0,0,0,0,0,0,0,0,0,551,500-599,133,418,551,0,437-6433,437-1134,10 Doyle's & Quigley's Lane,"Torbay, NL",A1K 1A7,NLESD - Eastern Region,NL,10 Doyle's & Quigley's Lane
400,368,Holy Trinity High,Susan Perry,susanperry@nlesd.ca,Torbay,Eastern,Eastern,Metro,0,0,0,0,0,0,0,0,196,150,124,166,115,1,752,700-799,0,0,0,752,437-5563,437-5707,23 Lynch's Lane,"Torbay, NL",A1K 1A6,NLESD - Eastern Region,NL,23 Lynch's Lane
400,493,Juniper Ridge Intermediate,Don Emberley,donemberley@nlesd.ca,Torbay,Eastern,Eastern,Metro,0,0,0,0,0,192,164,196,0,0,0,0,0,0,552,500-599,356,0,356,196,437-3021,437-1134,10 Doyle's & Quigley's Lane,"Torbay, NL",A1K 1A7,NLESD - Eastern Region,NL,20 Darryll Pye Drive
400,370,Stella Maris Academy,Viola Coombs,violacoombs@nlesd.ca,Trepassey,Eastern,Eastern,Metro,4,2,3,2,1,2,4,3,1,4,2,3,3,0,34,25-49,7,11,18,16,438-2361,438-2442,General Delivery,"Trepassey, NL",A0A 4B0,NLESD - Eastern Region,NL,"PO Box 70, 1 Church Road"
400,289,St. Peter's Elementary,John Drover,johndrover@nlesd.ca,Upper Island Cove,Eastern,Eastern,Avalon West,17,19,25,15,15,25,21,19,24,18,0,0,0,0,198,200-299,61,76,137,61,589-2464,589-2210,P.O. Box 100,"Upper Island Cove, NL",A0A 4E0,NLESD - Eastern Region,NL,Box 100
400,442,Persalvic Elementary,David Penney,davidpenney1@nlesd.ca,Victoria,Eastern,Eastern,Avalon West,12,20,18,21,23,21,29,49,37,0,0,0,0,0,230,200-299,73,71,144,86,596-2441,596-2598,P.O. Box 70,"Victoria, NL",A0A 4G0,NLESD - Eastern Region,NL,Box 70
400,444,Cabot Academy,Jacqueline King,jacquelineking@nlesd.ca,Western Bay,Eastern,Eastern,Avalon West,9,12,4,18,9,13,12,0,0,0,0,0,0,0,77,50-99,34,43,77,0,598-2270,598-2231,P.O. Box 39,"Western Bay, NL",A0A 4J0,NLESD - Eastern Region,NL,Box 39
400,446,Whitbourne Elementary,Gerald McCarthy,geraldmccarthy@nlesd.ca,Whitbourne,Eastern,Eastern,Avalon West,11,6,12,13,15,11,13,0,0,0,0,0,0,0,81,50-99,39,42,81,0,759-2640,759-2839,P.O. Box 8,"Whitbourne, NL",A0B 3K0,NLESD - Eastern Region,NL,Box 8
400,291,Perlwin Elementary,Jamie Garland,jamiegarland@nlesd.ca,Winterton,Eastern,Eastern,Avalon West,4,8,5,4,7,13,3,0,0,0,0,0,0,0,44,25-49,23,21,44,0,583-2810,583-2818,P.O. Box 130,"Winterton, NL",A0B 3M0,NLESD - Eastern Region,NL,
400,372,St. Bernard's Elementary,Darlene Johnson,darlenejohnson@nlesd.ca,Witless Bay,Eastern,Eastern,Avalon East,51,63,54,46,52,0,0,0,0,0,0,0,0,0,266,300-399,52,214,266,0,334-2222,334-2333,P.O. Box 70,"Witless Bay, NL",A0A 4K0,NLESD - Eastern Region,NL,PO Box 70
500,095,Ecole Notre-Dame du Cap,Josette Bourque,"jbourque@csfp.nl.ca,",Cap Saint-Georges,Francophone,,,5,3,4,4,7,10,3,2,1,0,0,0,0,0,39,25-49,20,16,36,3,644-2070,644-2262,Case postale 170,"Cap Saint-Georges, NL",A0N 1E0,Conseil scolaire francophone,NL,
500,472,Ecole Boreale,Patrick Bourdeau,patrickbourdeau@csfp.nl.ca,Happy Valley-Goose Bay,Francophone,,,5,8,5,7,2,2,2,5,0,0,0,0,0,0,36,25-49,6,25,31,5,896-0670,896-5029,"P.O. Box 1038, Stn. C","Happy Valley- Goose Bay, NL",A0P 1C0,Conseil scolaire francophone,NL,
500,107,Ecole Sainte-Anne,J Claveau,jclaveau@csfptnl.ca,La Grand'Terre (Mainland),Francophone,,,2,3,4,4,5,5,5,3,3,12,3,5,4,1,59,50-99,15,13,28,31,642-5771,642-5327,"Case postale 190, RR#1","La Grand'Terre,TL",A0N 1R0,Conseil scolaire francophone,NL,
500,459,Centre educatif l'ENVOL,Chloé Tinkler,ctinkler@csfp.nl.ca,Labrador City,Francophone,,,6,2,4,2,4,2,2,2,0,0,0,1,1,0,26,10-24,8,14,22,4,944-2684,944-7422,505 Bristol Crescent,"Labrador City, TL",A2V 1J2,Conseil scolaire francophone,NL,
500,460,Ecole des Grands-Vents,Marcella Cormier,mcormier@csfp.nl.ca,St. John's,Francophone,,,24,28,24,19,29,18,15,0,0,0,0,0,0,0,157,100-199,62,95,157,0,754-8000,754-8050,65 Ridge Road,"Saint- Jean, TL",A1B 4P5,Conseil scolaire francophone,NL,
500,499,Ecole Rocher-du-Nord,Nicole Champdoizeau,nchampdoizeau@csfp.nl.ca,St. John's,Francophone,,,0,0,0,0,0,0,0,11,9,12,3,2,0,0,37,25-49,0,0,0,37,552-0294,,7 Ricketts Road,"St. John's, NL",A1C 6G8,Conseil scolaire francophone,NL,
804,018,Sheshatshiu Innu School,Greg Quilty,gquilty@innueducation.ca,Sheshatshiu,Native,,,25,39,30,34,38,36,32,34,33,30,23,40,68,0,462,400-499,106,128,234,228,497-3519,497-8310,Box 70,"Sheshatshiu, NL",A0P 1M0,District 804 - Native,NL,
804,019,Mushuau Innu Natuashish School,Jesse Smith,jsmith@innueducation.ca,Natuashish,Native,,,17,20,20,29,24,28,16,16,22,8,8,19,35,0,262,200-299,68,86,154,108,478-8972,478-8989,Box 189,"Natuashish, NL",A0P 1A0,District 804 - Native,NL,
804,376,Se't Anneway Kegnamogwom,Audrey Benoit,abenoit@setanewey.ca,Conne River,Native,,,9,7,10,8,16,13,10,17,13,15,11,8,15,0,152,100-199,39,34,73,79,882-2747,882-2528,P.O. Box 100,"Conne River, NL",A0H 1J0,District 804 - Native,NL,
803,373,First Baptist Academy,Kirk Piccott,kpiccott@firstbaptist.nl.ca,Mount Pearl,Private,,,7,3,4,0,3,3,2,4,5,2,0,2,4,0,39,25-49,8,14,22,17,364-8928,364-8928,1 Ambassador Place,"Mount Pearl, NL",A1N 5C3,District 803 - Private,NL,
803,374,Murphy Centre,Tim Turner,timothypturner@gmail.com,St. John's,Private,,,0,0,0,0,0,0,0,0,0,0,32,95,61,11,199,100-199,0,0,0,199,579-6606,579-2655,"1 Prince Philip Drive, Box 2","St. John's, NL",A1A 5B2,District 803 - Private,NL,
803,375,Lakecrest-St. John's Independent School,Gina Parsons,gparsons@lakecrest.ca,St. John's,Private,,,10,15,19,18,17,16,23,12,18,15,0,0,0,0,163,100-199,56,62,118,45,738-1212,738-1701,58 Patrick St.,"St. John's, NL",A1E 2S7,District 803 - Private,NL,
803,450,St. Bonaventure's College,Annette Mallay,amallay@stbons.ca,St. John's,Private,,,20,28,21,27,29,34,31,24,30,20,31,20,25,0,340,300-399,94,96,190,150,726-0024,726-0148,Bonaventure Avenue,"St. John's, NL",A1C 6B3,District 803 - Private,NL,
803,453,Eric G. Lambert All-Grade,Yvonne Pledger,YvonnePledger@nalcorenergy.com,Churchill Falls,Private,,,13,12,11,11,18,9,11,12,8,9,10,12,11,1,148,100-199,38,47,85,63,925-3371,925-3364,P.O. Box 40,"Churchill Falls, NL",A0R 1A0,District 803 - Private,NL,
803,469,Immaculate Heart of Mary School,Elaine King,elaine.king.ihms@gmail.com,Corner Brook,Private,,,12,14,12,11,12,12,9,18,8,6,2,5,7,0,128,100-199,33,49,82,46,634-1700,634-0620,112 Humber Road,"Corner Brook, NL",A2H 1E8,District 803 - Private,NL,
803,501,Anchor Academy,Natasha Kelly,nkelly@anchoracademynl.com,St. John's,Private,,,4,3,6,1,2,0,2,0,0,0,0,0,0,0,18,10-24,4,14,18,0,765-0775,,1 Escasoni Place,"St. John's, NL",A1A 0K7,District 803 - Private,NL,