localfile,source_url,provider,licence,last_updated,update_frequency,notes,business_name,business_sector,business_subsector,business_description,business_id_no,licence_number,licence_type,primary_NAICS,secondary_NAICS,NAICS_descr,alt_econ_act_code,alt_econ_act_descrip,latitude,longitude,full_address,full_address_2,mailing_address,unit,street_no,street_name,street_direction,street_type,city,province,postal_code,country,business_website,email,telephone,telephone_extension,toll_free_telephone,fax,total_no_employees,no_full_time,no_part_time,no_seasonal,date_established,indigenous
AB_Banff_Business_Licences.csv,https://maps.banff.ca/opendata/,Town of Banff,,,,,BUSINESS_NAME,PROPOSED_BUSINESS,,,,LICENSE_NUMBER,,,,,,,,,,,,UNIT,STREET_NUMBER,STREET_NAME,,,force:Banff,force:AB,,,,,BUSINESS_NUMBER,,,,,,,,START_DATE,force:no
AB_Calgary_Business_Licences.csv,https://data.calgary.ca/Business-and-Economic-Activity/Calgary-Business-Licences/vdjc-pybd,City of Calgary,https://data.calgary.ca/stories/s/Open-Calgary-Terms-of-Use/u45n-7awa,18-01-2022,Daily,,TRADENAME,,,,,,LICENCETYPES,,,,,,latitude,longitude,ADDRESS,,,,,,,,force:Calgary,force:AB,,,,,,,,,,,,,JOBCREATED,force:no
AB_Chestermere_Businesses.csv,https://data-chestermere.opendata.arcgis.com/datasets/businesses-2/explore?location=51.036600%2C-113.824000%2C13.01&showTable=true,City of Chestermere,,26-01-2021,,,name,factype,,,,,,,,,,,lat,lon,fulladdr,,,,,,,,municipality,force:AB,,,agencyurl,,pocphone,,,,,,,,,force:no
AB_Edmonton_Business_Licences.csv,https://data.edmonton.ca/Sustainable-Development/City-of-Edmonton-Business-Licenses/qhi4-bdpu,City of Edmonton,https://data.edmonton.ca/stories/s/City-of-Edmonton-Open-Data-Terms-of-Use/msh8-if28/,16-11-2021,,,Trade Name,Category,,,,Licence Number,,,,,,,Latitude,Longitude,Address,,,,,,,,force:Edmonton,force:AB,,,,,,,,,,,,,,force:no
AB_Strathcona_Business_Directory.csv,https://data.strathcona.ca/Business-Economy/Business-Directory/mbdk-4nqc/data,Stathcona County,https://open.canada.ca/en/open-government-licence-canada,13-11-2021,,,Name,Sector,Industry,Group,,,,NAICS_Code,,,,,Lat,Long,Address,,,,,,,,force:Strathcona,force:AB,,,Website,,Phone,,,,,,,,,force:no
BC_Burnaby_Business_Licences.csv,https://data.burnaby.ca/datasets/business-licences,City of Burnaby,https://data.burnaby.ca/pages/open-government-licence,14-09-2021,,,TRADE_NAME,,,,,LICENCE_NUMBER,LICENCE_TYPE_NAME,,,,,,,,,,,UNIT,HOUSE,STREET,,,force:Burnaby,force:BC,,,,,,,,,,,,,,force:no
BC_Chilliwack_Business_Licences.csv,https://www.chilliwack.com/main/page.cfm?id=2331&odAction=viewItem&odID=142,City of Chilliwack,https://www.chilliwack.com/main/page.cfm?id=2391,18-01-2022,Weekly,,TRADE_NAME,LICENSE_DESCRIPTION,,,,,,,,,,,,,ADDRESS,,,,,,,,force:Chilliwack,force:BC,,,,,PHONE,,,,,,,,,force:no
BC_Indigenous_Business_Listings.csv,https://catalogue.data.gov.bc.ca/dataset/bc-indigenous-business-listings,Government of British Columbia,https://www2.gov.bc.ca/gov/content/data/open-data/open-government-licence-bc,25-10-2021,,,Business Name,Industry Sector,Type,Description,,,,,,,,,Latitude,Longitude,Address,,Mailing Address,,,,,,City,force:BC,Postal Code,,Web Site,Email,Phone,,,Fax,Number of Employees,,,,Year Formed,Indigenous Ownership
BC_Kelowna_Business_Licence.csv,https://opendata.kelowna.ca/datasets/business-licence/explore?location=49.899750%2C-119.458400%2C11.15,City of Kelowna,http://apps.kelowna.ca/images/opendata/opengovernmentlicence.pdf,07-12-2021,,,NAME,,,BUSINESS_DESC,,LICENCE_ACCOUNT_NUMBER,,,,,TYPE_CODE,TYPE_DESCRIPTION,,,LICENSE_LOCATION,,,,,,,,force:Kelowna,force:BC,,,,,,,,,,,,,,force:no
BC_Langley_Business_Licences.csv,https://data-tol.opendata.arcgis.com/datasets/business-licenses,Township of Langley,https://www.tol.ca/opengovlicense,16-02-2018,,,Business_Name,Licence_Desc,,,,,,NAICS_Primary,,NAICS_Primary_Desc,Category,Category_Desc,Latitude,Longitude,,,Mailing_Address,Civic_Unit,Civic_House,Civic_Street,,,force:Township of Langley,force:BC,,,,,Phone,,,,,FullTime_Employees,PartTime_Employees,Seasonal_Employees,,force:no
BC_Liquor_licences.csv,https://catalogue.data.gov.bc.ca/dataset/licensed-establishments-in-b-c,Government of British Columbia,https://www2.gov.bc.ca/gov/content/data/open-data/open-government-licence-bc,,,,establishment name,,,,,licence number,licence type,,,,,,,,location address line 1,location address line 2,,,,,,,location address  city,force:BC,location postal code,,,,,,,,,,,,,force:no
BC_Maple_Ridge_Business_Licences.csv,https://opengov.mapleridge.ca/datasets/business-licences/data,City of Maple Ridge,https://opengov.mapleridge.ca/pages/open-government-licence,10-08-2021,,,BusinessName,BusinessType,BusinessSubType,BusinessDescription,BusinessID,,LicenceCategory,,,,,,lat,lon,,,,Unit,House,Street,,,force:Maple Ridge,force:BC,PostalCode,,WebsiteAddress,,Phone1,,,,,,,,,force:no
BC_Nanaimo_Business_Licences.csv,https://www.nanaimo.ca/open-data-catalogue/DataBrowser/nanaimo/BusinessLicences#,City of Nanaimo,https://www.nanaimo.ca/your-government/maps-data/open-data-catalogue/open-data-catalogue-licence,28-12-2010,,,TradeName,BusinessDescription,NAICSCategoryDescription,NAICSDetailDescription,LEGAL_ID,Licence,,NAICSCategory,NAICSDetail,EDO_NAICS_Desc,,,Latitude,Longitude,,,,CivicAddressUnit,CivicAddressHouse,CivicAddressStreet,,,CivicAddressCity,CivicAddressProvince,,,,,,,,,,,,,,force:no
BC_New_Westminster_Business_Licences.csv,http://opendata.newwestcity.ca/datasets/business-licenses-all,City of New Westminster,http://opendata.newwestcity.ca/licence,19-01-2022,Daily,,BUSINESS_NAME,,,,,LICENCE,,NAICS_CODE,,NAICS_DESCRIPTION,,,,,CIVIC_ADDRESS,,,,,,,,force:New Westminster,force:BC,,,,,,,,,,,,,YEAR_OPENED,force:no
BC_New_Westminster_Business_Licences_(Childcare).csv,https://data-60320-newwestcity.opendata.arcgis.com/datasets/business-licenses-childcare/explore,City of New Westminster,http://opendata.newwestcity.ca/licence,19-01-2022,,,BUSINESS_NAME,,,,,LICENCE,,NAICS_CODE,,NAICS_DESCRIPTION,,,,,CIVIC_ADDRESS,,,,,,,,force:New Westminster,force:BC,,,,,,,,,,,,,YEAR_OPENED,force:no
BC_New_Westminster_Business_Licences_(Intermunicipal).csv,https://data-60320-newwestcity.opendata.arcgis.com/datasets/business-licenses-intermunicipal/explore,City of New Westminster,http://opendata.newwestcity.ca/licence,19-01-2022,,,BUSINESS_NAME,,,,,LICENCE,,NAICS_CODE,,NAICS_DESCRIPTION,,,,,CIVIC_ADDRESS,,,,,,,,force:New Westminster,force:BC,,,,,,,,,,,,,YEAR_OPENED,force:no
BC_New_Westminster_Business_Licences_(New_this_Year).csv,https://data-60320-newwestcity.opendata.arcgis.com/datasets/business-licenses-new-this-year/explore,City of New Westminster,http://opendata.newwestcity.ca/licence,19-01-2022,,,BUSINESS_NAME,,,,,LICENCE,,NAICS_CODE,,NAICS_DESCRIPTION,,,,,CIVIC_ADDRESS,,,,,,,,force:New Westminster,force:BC,,,,,,,,,,,,,YEAR_OPENED,force:no
BC_New_Westminster_Business_Licences_(Nonresidents).csv,https://data-60320-newwestcity.opendata.arcgis.com/datasets/business-licenses-nonresidents/explore,City of New Westminster,http://opendata.newwestcity.ca/licence,19-01-2022,,,BUSINESS_NAME,,,,,LICENCE,,NAICS_CODE,,NAICS_DESCRIPTION,,,,,CIVIC_ADDRESS,,,,,,,,force:New Westminster,force:BC,,,,,,,,,,,,,YEAR_OPENED,force:no
BC_New_Westminster_Business_Licences_(Residents).csv,https://data-60320-newwestcity.opendata.arcgis.com/datasets/business-licenses-residents/explore,City of New Westminster,http://opendata.newwestcity.ca/licence,19-01-2022,,,BUSINESS_NAME,,,,,LICENCE,,NAICS_CODE,,NAICS_DESCRIPTION,,,,,CIVIC_ADDRESS,,,,,,,,force:New Westminster,force:BC,,,,,,,,,,,,,YEAR_OPENED,force:no
BC_Port_Moody_Business_Directory.csv,https://data.portmoody.ca/maps/3579528aad9d40bd89db1a8bb98bfe35/explore?location=49.289850%2C-122.851150%2C14.07,City of Port Moody,https://www.portmoody.ca/en/city-hall/open-data-terms-of-use.aspx,21-02-2022,,,Business_Name,Business_Category,Business_Description,,,,,,,,,,lat,lon,Address,,,,,,,,force:Port Moody,force:BC,,,Website_,Email,Phone_,,,,,,,,,force:no
BC_Prince_George_Business_Licence.csv,https://data-cityofpg.opendata.arcgis.com/datasets/business-license-1/explore,City of Prince George ,https://pgmap.princegeorge.ca/opendata/CityofPrinceGeorge_Open_Government_License_Open_Data.pdf,19-01-2022,Daily,,TradeName,LicenceCategory,LicenceDesc,,,LicenceNumber,,,,,,,,,,,,Unit,Address,StreeName,,,force:Prince George,force:BC,,,,,,,,,,,,,,force:no
BC_Richmond_Based_Businesses.csv,https://www.richmond.ca/busdev/directory/search/bddownload.aspx,City of Richmond,https://www.hamilton.ca/city-initiatives/strategies-actions/open-data-licence-terms-and-conditions,15-10-2021,,,BusinessName,BusinessType,BusinessDescription,,,,,Naics,,NaicsDescription,,,,,Address,,,,,,,,force:Richmond,force:BC,,,,,Phone,,,,,FullTime,PartTime,,,force:no
BC_Squamish_Business_Licence_Annual_2021.csv,https://data.squamish.ca/datasets/business-licence-annual-2020/explore?location=49.752423%2C-123.140961%2C11.50,City of Squamish,https://squamish.ca/discover-squamish/maps-and-data/open-data/,15-11-2021,,,Business_Name,Licence_Type,,Licence_Description,,Business_Licence,Licence_Type,NAICS,NAICS_Sector,NAICS_Description,,,lat,lon,Business_Location,,,,,,,,force:Squamish,force:BC,,,,,,,,,,,,,Date_Opened,force:no
BC_Surrey_Business_Licences.csv,https://data.surrey.ca/dataset/business-licences,City of Surrey,https://data.surrey.ca/pages/open-government-licence-surrey,13-10-2021,Yearly,,Business Name,Products or Services,,,,,,,,,,,Latitude,Longitude,,,,Unit,House Number,Road,,,force:Surrey,force:BC,Postal Code,,,,Phone,,,,,,,,,force:no
BC_Vancouver_Business_Licences.csv,https://opendata.vancouver.ca/explore/dataset/business-licences/export/?disjunctive.status&disjunctive.businesssubtype,City of Vancouver,https://opendata.vancouver.ca/pages/licence/,18-01-2022,Daily,,BusinessName,BusinessSubType,BusinessType,,,LicenceNumber,,,,,,,lat,long,,,,Unit,House,Street,,,City,Province,PostalCode,Country,,,,,,,NumberofEmployees,,,,,force:no
BC_Victoria_Business_Licences.csv,https://opendata.victoria.ca/datasets/business-licences-past-5-years/data,City of Victoria,https://opendata.victoria.ca/pages/open-data-licence,03-12-2020,,,TradeName,Category,,Description,,LicenceNo,,,,,,,LAT,LONG,FullAddress,,,Unit,House,Street,,,force:Victoria,force:BC,,,,,,,,,,,,,,force:no
BC_Wineries.csv,https://catalogue.data.gov.bc.ca/dataset/bc-winery-locations,Government of British Columbia,https://www2.gov.bc.ca/gov/content/data/open-data/open-government-licence-bc,,,,NAME,force:Wineries,,,,,,,,,,,,,ADDRESS,,,,,,,,CITY,force:BC,POSTALCODE,,,,,,,,,,,,,force:no
Indigenous_Business_Directory.csv,https://www.sac-isc.gc.ca/rea-ibd,Indigenous Services Canada,https://www.canada.ca/en/transparency/terms.html,04-01-2019,,,Company Operating Name,,,Company Description,Company ID,,,Primary Industry NAICS Code,Alternate NAICS Codes,,,,,,Address 1,Address 2,,,,,,,City,Province,Postal Code,,URL,Email,Phone Number,,,Fax Number,,,,,,force:yes
MB_Indigenous_AFOA.csv,https://www.afoamb.ca/about-us/corporate-members/,Aboriginal Financial Officers Association of Manitoba,,,,,name,,,,,,,,,,,,,,,,,unit,street_number,street_name,,,city,province,postal_code,,,email,phone ,,,fax,,,,,,force:yes
NB_Moncton_Grocery_Stores.csv,https://open.moncton.ca/datasets/grocery-stores/explore?location=46.089028%2C-64.771766%2C12.79&showTable=true,City of Moncton,https://ago-item-storage.s3.us-east-1.amazonaws.com/3ec310926cbd436cbaa609d8ee9fac15/Open_Data_Terms_of_Use.pdf?X-Amz-Security-Token=IQoJb3JpZ2luX2VjEAwaCXVzLWVhc3QtMSJHMEUCIQD4OImUnBbQKt7fZxWv7W%2B6Ll0XjtmL3AJFM2MgqBEWPQIgAzcTJ%2FZGwLoVaxScWIa8Sp8k3JLeFgbc7TDun%2BxNJiwqgwQIxP%2F%2F%2F%2F%2F%2F%2F%2F%2F%2FARAAGgw2MDQ3NTgxMDI2NjUiDFaxpYcL1tc8NXa24irXA3PowJXr4ouiYvG0dCqHGbt0I4WJFf6cZaNkaY%2BN8D11SK8%2BefibeqQtIh3Vbm5M4rK0FpVgqOdlIqHi3A%2FBlys7iqKsTXSPlU0aI1b9vxLxDChYI4a9FFLv%2FifmtnLS84fmbf1HDVBRy5CIEzGNZhFL%2FRYinnmqOA1WrTdsDZtRJebU3iVAlRSBE%2B4ZFLGnmyejK6G8R2wA4jfI380x8c92oqz1gBaXAxpZRBTTYx2JvwwJFh0vwgGWY9WBpprFORFfILvOHYfGUVjucs1jzD3Ns4B5A%2FZ84ikRUQisC7towimIKF8R%2F3tBfHVImuKreqT3Vnk5oACFrjkGRJk8F4gJrjUNgKiEWbx2PPM6ER9SbJPcRijS9RaxG5VrQTeA4yhIUNxBcMd4SLkcBsLMTf4SAI7RxouJ%2Bv4jQAchSvu%2Bv4UCGobhKeu3ywfR5NFf7HFj3k78Ach%2Bsgqv2dDMeHVgUguHQwb%2BzgnyXe5EPfn9dNT5O4rjry%2BPnsDpTdRnA%2B98ruE7%2BrJP0ODPql4IzAPUE79BlUwr5MkEtgJPmbBtfvDnpk63fXLUoXL3Ifzs35OExv5Rkjk6Tc%2FWfs1STi0TksF9UTpeDKyYTW%2Fv13z6qXoLA1LPIjCZy9qMBjqlAWmFyJvYgkmrxwrcmJ1IjWo2yuzazKK%2F1wqwwJHiDn0Z8oq1k%2FcxbCKaO9v4bw5i6HBAANQR0Ds%2BGYhhu%2FK2C8N3sg4bxlfPI1zcBKyRL1ILBQ7J5MPSY4msMEnvGuFmJ8XecSWgKzcBEIdSSUWpcEyQiyg5reVVCEr%2F8DnpdAHspHZqIu8O1uldDuzl11VinPZUcdbOgTeZAn4jIPqAVBd6o8YpUA%3D%3D&X-Amz-Algorithm=AWS4-HMAC-SHA256&X-Amz-Date=20211118T204142Z&X-Amz-SignedHeaders=host&X-Amz-Expires=300&X-Amz-Credential=ASIAYZTTEKKE6PXCSKHH%2F20211118%2Fus-east-1%2Fs3%2Faws4_request&X-Amz-Signature=68ce5006077d3f204724edbd917e13fabdd01748d36d04b7abc01ce236d3ad01,23-03-2020,,,Name,Comment,,,,,,,,,,,lat,lon,Address,,,,,,,,force:Moncton,force:NB,,,,,,,,,,,,,,force:no
NB_Moncton_Ph_Pharmacies.csv,https://open.moncton.ca/datasets/pharmacies/explore?location=46.092990%2C-64.785448%2C12.68&showTable=true,City of Moncton,https://ago-item-storage.s3.us-east-1.amazonaws.com/3ec310926cbd436cbaa609d8ee9fac15/Open_Data_Terms_of_Use.pdf?X-Amz-Security-Token=IQoJb3JpZ2luX2VjEAwaCXVzLWVhc3QtMSJIMEYCIQCAdW%2Bag2UJXkrHPQH%2BrLi%2FNNPneGBq%2BkOzIFdY%2By%2FqyAIhAMEdtTZ2pqazx8FE7lsk3tvIMwSKdZxeBJ97AQEAks3tKoMECMX%2F%2F%2F%2F%2F%2F%2F%2F%2F%2FwEQABoMNjA0NzU4MTAyNjY1IgxK%2BkPSVpdRdQEV%2Fcwq1wMoLNv5Oqpdi%2BKbtXaVqt5PVe%2BNuO74Dku8vxIWorVwOVkhHLw1j9xlXFhYEoHVXnbdfjXdpO1JE4xaPUpv7P5wIP3epNOsiPDz2lyZaVgbGciBx3KyqJ%2B3CMuO5%2BqJlFfU3a2OsdI5RKRZMOD6rZmMs8wCtUfEYW3XfDjcc3fQEnMRvBsW9ACh4HTWlyHU7D1%2FWA1NlappMu0qFuSYm9nQfcXY9EmDSsS4aEDIyDeVGOGjS3LNaqzsDQqx82eAFZnd1v7%2BGBO0182Ik9I5Zbqo1jN1VZPfRN284rqCAsU95zo%2BP21NGNKLAnIU0xcTPd3b9%2BVBdzs3IUbF6ZaMqGZgBUt9ctBLFNppDSCQb4bNrWgcs%2FtHRqLK4Nd57w1FGFmpAq87yaTFY19ocm%2Bu0gGOAk0aeu1ihws4QtY%2B12%2BmHdsyy9E%2BYjO8hOp%2Bc4utSUExjTLcaGydxCxchveYlZ9GhiKqWiFLqutWQhZNL%2BwbEb04UPS0J%2FGH5csPeq7GHz7YRwAuQ27BiVDB3V4SIqDbflvCqhhkv7I4Qi79gmseXewGKnu4rDjWQdk5HCrddYxmADLwHxtYuDiJCHeZmSGgk1%2FUs9WYx1jS%2F%2FIQBBfy3b96SOJYKmkw9t7ajAY6pAFgjdaIMyNTraXpqkja443w0r6BKp9VtaIHgc9mrxl4i5XypAVYBHXvbtQKpAnc7u74ShGfBfkQI1eJMKsFf4ofaeN5qkkLLKiU6w2edrtIbArcB5RT1pbHigE7%2F7z2tr7dWoBXyEC8UmdDMjO6jxYKEQMs0FEATg3X%2FwxFhWKdP9kecXRzZWh%2BqkukycGH9qbyHzkd2I%2BQtXxMAHKOR2PTQrom1g%3D%3D&X-Amz-Algorithm=AWS4-HMAC-SHA256&X-Amz-Date=20211118T204555Z&X-Amz-SignedHeaders=host&X-Amz-Expires=300&X-Amz-Credential=ASIAYZTTEKKERCR5V7F5%2F20211118%2Fus-east-1%2Fs3%2Faws4_request&X-Amz-Signature=1031a04a5935401192056b030c256cfda974db29d168ca94628ae49000d13d83,19-03-2020,,,Name,Type,,,,,,,,,,,lat,lon,Address,,,,,,,,force:Moncton,force:NB,,,,,Phone,,,,,,,,,force:no
NB_Saint_John_Grocery_Stores.csv,https://catalogue-saintjohn.opendata.arcgis.com/datasets/grocery-stores/explore?location=45.278564%2C-66.049994%2C12.00&showTable=true,City of Saint John,,25-05-2020,,,Name,force:Grocery Store,,,,,,,,,,,lat,lon,Address,,,,,,,,force:Saint John,force:NB,,,Website,,Telephone,,,,,,,,,force:no
NT_Yellowknife_Business_Directory.csv,https://opendata.yellowknife.ca/home/details/0ead7112-bafe-4c0d-b0ca-b2220cc6d2a9,City of Yellowknife,https://www.yellowknife.ca/en/discovering-yellowknife/resources/geomatic_services/City_of_Yellowknife_Open_Data_LIcence__Terms_of_Use.pdf,No data,,,BUSINESSNAME,BUSINESSTYPE,,,,,,,,,,,,,,,,MUNICIPAL ADDRESS,MUNICIPAL ADDRESS2,MUNICIPAL ADDRESS3,,,force:Yellowknife,force:NT,,,,EMAILADDRESS,PHONE,,,,,,,,,force:no
NU_Indigenous_Business.csv,https://nni.gov.nu.ca/business/search/results/community,Government of Nunavut,https://nni.gov.nu.ca/privacy,,,,Name,,,,,,,,,,,,,,,,,,,,,,Community,force:NU,,,,,,,,,,,,,,force:yes
ON_Brampton_Business_Directory.csv,https://geohub.brampton.ca/datasets/brampton-business-directory/explore?location=43.730712%2C-79.750850%2C10.00,City of Brampton,https://creativecommons.org/licenses/by/4.0/,22-11-2021,,,COMPANY_NAME,PRODUCT_DESC,,,,,,NAICS_DETAIL,,,,,lat,lon,BUSINESS_FULL_ADDRESS,,,UNIT,STREET_NUM,STREET_NAME,STREET_DIRECTION,STREET_TYPE,CITY,PROVINCE,POSTAL_CODE,,WEBURL,,PHONE,,,FAX,TOTAL_EMPLOYEE,,,,DATE_EST_IN_CITY,force:no
ON_Caledon_Business_Directory.csv,Caledon Business Directory 2018 | Caledon Business Directory 2018 | Data Portal - Region of Peel (peelregion.ca) | https://data.peelregion.ca/datasets/caledon-business-directory-2018/explore,Regional Municipality of Peel,License | Data Portal - Region of Peel (peelregion.ca),29-03-2021,,,Name,,,,,,,Bus_NAICS,NAICS_2,NAICS2desc,,,Latitude,Longitude,Address,,,Unit,,,,,MUN,force:ON,PostalCode,,Website,Email,Telephone,,,Fax,EmplRange,,,,,force:no
ON_Cambridge_Business_Directory.csv,https://geohub.cambridge.ca/datasets/KitchenerGIS::business-directory/explore?location=43.431511%2C-80.473736%2C12.77,City of Kitchener,https://geohub.cambridge.ca/datasets/KitchenerGIS::business-directory/explore?location=43.431492%2C-80.473736%2C12.77,18-01-2022,Daily,,COMPANY_NAME,PRIMARY_NAICS_SECTOR,,PROFILE,ID,,,PRIMARY_NAICS,SECONDARY_NAICS,PRIMARY_NAICS_DESCRIPTION,,,lat,lon,,,,UNIT,STREET_NUMBER,STREET_NAME,,,force:Cambridge,force:ON,POSTAL_CODE,,WEBSITE,EMAIL,PHONE,,TOLL_FREE,,TOTAL_EMPLOYEES,,,,YEAR_ESTABLISHED_ORIGINALLY,force:no
ON_Durham_Business_Directory.csv,https://opendata.durham.ca/datasets/business-directory/explore?location=44.131050%2C-78.898350%2C10.23,Regional Municipality of Durham,https://www.durham.ca/en/regional-government/resources/Documents/OpenDataLicenceAgreement.pdf,30-11-2020,Anually,,Business_Name,,,Business_Description,Business_Id,,,NAICSCode,,NAICSCode_Desc,,,lat,lon,,,,Unit_Number,Street_Number,Street_Name,Street_Direction,Street_Type,City,Province,Site_Postal_Code,,Web_Address,,Telephone_Number,,,Fax_Number,,,,,,force:no
ON_Greater_Sudbury_Business_Licences.csv,https://opendata.greatersudbury.ca/datasets/0da48286504549e9b26d0572ac6f22c2/explore?showTable=true,City of Greater Sudbury,,22-01-2018,,,BUSINESS,CATEGORY,,,VENDORID,,,,,,,,,,,,,,,,,,force:Greater Sudbury,force:ON,,,,,WORK_PHONE_NO,,,,,,,,,force:no
ON_Hamilton_Licenced_Basic_Food_Shops.csv,https://open.hamilton.ca/datasets/59afd6534e4849ccae93c9ed0049a445_14/explore,City of Hamilton,https://www.hamilton.ca/city-initiatives/strategies-actions/open-data-licence-terms-and-conditions,15-10-2021,,,BUSINESS_NAME,SUB_DESCRIPTION,,,,LICENSE_NUMBER,LICENSE_TYPE,,,,,,,,BUSINESS_ADDRESS,,,,,,,,force:Hamilton,force:ON,,,,,,,,,,,,,,force:no
ON_Hamilton_Licenced_Food_Establishments.csv,https://open.hamilton.ca/datasets/85c1b5c9e931470d94f0c9ff5acaa341_2/explore,City of Hamilton,https://www.hamilton.ca/city-initiatives/strategies-actions/open-data-licence-terms-and-conditions,15-10-2021,,,BUSINESS_NAME,SUB_DESCRIPTION,,,,LICENSE_NUMBER,LICENSE_TYPE,,,,,,,,BUSINESS_ADDRESS,,,,,,,,force:Hamilton,force:ON,,,,,,,,,,,,,,force:no
ON_Hamilton_Licenced_Kennels_and_Pet_Shops.csv,https://open.hamilton.ca/datasets/c5a848d9c40f4e83acb1cd73ab9f4508_3/explore,City of Hamilton,https://www.hamilton.ca/city-initiatives/strategies-actions/open-data-licence-terms-and-conditions,15-10-2021,,,BUSINESS_NAME,,,,,LICENSE_NUMBER,LICENSE_TYPE,,,,,,,,BUSINESS_ADDRESS,,,,,,,,force:Hamilton,force:ON,,,,,,,,,,,,,,force:no
ON_Hamilton_Licenced_Lodging_Houses.csv,https://open.hamilton.ca/datasets/981c055e3c2448b3be3a4644993f59fc_4/explore,City of Hamilton,https://www.hamilton.ca/city-initiatives/strategies-actions/open-data-licence-terms-and-conditions,15-10-2021,,,BUSINESS_NAME,,,,,LICENSE_NUMBER,LICENSE_TYPE,,,,,,,,BUSINESS_ADDRESS,,,,,,,,force:Hamilton,force:ON,,,,,,,,,,,,,,force:no
ON_Hamilton_Licenced_Places_of_Amusement.csv,https://open.hamilton.ca/datasets/5de18a38cd37457dae49f22c0a9b76b3_7/explore,City of Hamilton,https://www.hamilton.ca/city-initiatives/strategies-actions/open-data-licence-terms-and-conditions,15-10-2021,,,BUSINESS_NAME,SUB_DESCRIPTION,,,,LICENSE_NUMBER,LICENSE_TYPE,,,,,,,,BUSINESS_ADDRESS,,,,,,,,force:Hamilton,force:ON,,,,,,,,,,,,,,force:no
ON_Hamilton_Licenced_Public_Garages.csv,https://open.hamilton.ca/datasets/c1e7c884bbea4f26a32118ecf830b764_8/explore,City of Hamilton,https://www.hamilton.ca/city-initiatives/strategies-actions/open-data-licence-terms-and-conditions,15-10-2021,,,BUSINESS_NAME,SUB_DESCRIPTION,,,,LICENSE_NUMBER,LICENSE_TYPE,,,,,,,,BUSINESS_ADDRESS,,,,,,,,force:Hamilton,force:ON,,,,,,,,,,,,,,force:no
ON_Hamilton_Licenced_Public_Halls.csv,https://open.hamilton.ca/datasets/044e4d91ba0f4fb2ba162dcd327e6dcc_9/explore,City of Hamilton,https://www.hamilton.ca/city-initiatives/strategies-actions/open-data-licence-terms-and-conditions,15-10-2021,,,BUSINESS_NAME,,,,,LICENSE_NUMBER,LICENSE_TYPE,,,,,,,,BUSINESS_ADDRESS,,,,,,,,force:Hamilton,force:ON,,,,,,,,,,,,,,force:no
ON_Hamilton_Licenced_Residential_Care_Facilities.csv,https://open.hamilton.ca/datasets/e37b13a002544e359350c31b2d48ee47_10/explore,City of Hamilton,https://www.hamilton.ca/city-initiatives/strategies-actions/open-data-licence-terms-and-conditions,15-10-2021,,,BUSINESS_NAME,,,,,LICENSE_NUMBER,LICENSE_TYPE,,,,,,,,BUSINESS_ADDRESS,,,,,,,,force:Hamilton,force:ON,,,,,,,,,,,,,,force:no
ON_Hamilton_Licenced_Salvage_Yards.csv,https://open.hamilton.ca/datasets/04317a5ccfe04dad98f8b7a35f3388d1_11/explore,City of Hamilton,https://www.hamilton.ca/city-initiatives/strategies-actions/open-data-licence-terms-and-conditions,15-10-2021,,,BUSINESS_NAME,,,,,LICENSE_NUMBER,LICENSE_TYPE,,,,,,,,BUSINESS_ADDRESS,,,,,,,,force:Hamilton,force:ON,,,,,,,,,,,,,,force:no
ON_Hamilton_Licenced_Second_Hand_Shops.csv,https://open.hamilton.ca/datasets/b1f09efe93a549d3b3f600d1d93b5305_12/explore,City of Hamilton,https://www.hamilton.ca/city-initiatives/strategies-actions/open-data-licence-terms-and-conditions,15-10-2021,,,BUSINESS_NAME,,,,,LICENSE_NUMBER,LICENSE_TYPE,,,,,,,,BUSINESS_ADDRESS,,,,,,,,force:Hamilton,force:ON,,,,,,,,,,,,,,force:no
ON_Kitchener_Business_Directory.csv,https://geohub.cambridge.ca/datasets/KitchenerGIS::business-directory/explore?location=43.431239%2C-80.473736%2C11.00,City of Cambridge,https://www.kitchener.ca/en/council-and-city-administration/open-data-licence.aspx,23-11-2021,,,COMPANY_NAME,PRIMARY_NAICS_SECTOR,,PROFILE,ID,,,PRIMARY_NAICS,SECONDARY_NAICS,PRIMARY_NAICS_DESCRIPTION,,,lat,lon,,,,UNIT,STREET_NUMBER,STREET_NAME,,,force:Kitchener,force:ON,POSTAL_CODE,,WEBSITE,EMAIL,PHONE,,TOLL_FREE,,TOTAL_EMPLOYEES,,,,YEAR_ESTABLISHED_ORIGINALLY,force:no
ON_Mississauga_Business_Directory.csv,https://data.mississauga.ca/datasets/mississauga::2019-mississauga-business-directory/about,City of Mississauga,http://www5.mississauga.ca/research_catalogue/CityofMississauga_TermsofUse.pdf,03-03-2020,,,Name,NAICSTitle,,,ID,,,NAICSCode,,NAICSDescr,,,,,Address,,,UnitNo,StreetNo,StreetName,,,force:Mississauga,force:ON,PostalCode,,WebAddress,EMail,Phone,,TollFree,Fax,EmplRange,,,,,force:no
ON_oebd.csv,https://data.ontario.ca/dataset/ontario-environment-business-directory,Province of Ontario,https://www.ontario.ca/page/copyright-information-c-queens-printer-ontario,04-05-2020,,,Company Name,Sectors,,Description,,,,,,,,,,,,,,,,,,,Location,force:ON,,,Website,,,,,,,,,,,force:no
ON_Ottawa_Cultural_Businesses.csv,https://open.ottawa.ca/datasets/cultural-businesses,City of Ottawa,https://ottawa.ca/en/city-hall/open-transparent-and-accountable-government/open-data#open-data-licence-version-2-0,13-02-2021,,,NAME,SUB,,,ID,,,,,,,,,,ADDRESS,,,,,,,,CITY,PROVINCE,PC,,WEB_1,EMAIL,PHONE,,,,,,,,,force:no
ON_Ottawa_Street_Food_Vendors.csv,https://open.ottawa.ca/datasets/street-food-vendors/explore?location=45.398751%2C-75.710140%2C3.83&showTable=true,City of Ottawa,https://ottawa.ca/en/city-hall/open-transparent-and-accountable-government/open-data#open-data-licence-version-2-0,02-03-2020,,,Trade_Name,,,Concept,,,,,,,,,Y,X,,,,,,,,,force:Ottawa,force:ON,,,Website,,,,,,,,,,,force:no
ON_Pickering_Business_Directory.csv,https://opendata.pickering.ca/datasets/DurhamRegion::business-directory/explore?location=44.131050%2C-78.898350%2C10.23,Regional Municipality of Durham,https://www.durham.ca/en/regional-government/resources/Documents/OpenDataLicenceAgreement.pdf,30-11-2020,Anually,,Business_Name,Business_Description,,,Business_Id,,,NAICSCode,,NAICSCode_Desc,,,lat,lon,,,,Unit_Number,Street_Number,Street_Name,Street_Direction,Street_Type,City,Province,Site_Postal_Code,,Web_Address,,Telephone_Number,,,Fax_Number,,,,,,force:no
ON_Toronto_Business_Licences.csv,https://open.toronto.ca/dataset/municipal-licensing-and-standards-business-licences-and-permits/,City of Toronto,https://open.toronto.ca/open-data-license/,19-01-2022,Daily,,Operating Name,Category,,,,Licence No.,,,,,,,,,Licence Address Line 1,,,,,,,,Licence Address Line 2,force:ON,Licence Address Line 3,,,,Business Phone,,,,,,,,,force:no
ON_Welland_Business_Directory.csv,https://open.welland.ca/datasets/83cab91d949a48fdbc26763dbe6c3778_2/explore,City of Welland,https://open.welland.ca/pages/terms-of-use,20-02-2021,,,Company,SectorDescription,,,ID,,,,,,,,,,Address,,,,,,,,City,Prov,PC,,WebSite,Email,Telephone,Extension,,Fax,,FullTime,PartTime,Seasonal,Estab,force:no
ON_York_Region_Business_Directory.csv,https://insights-york.opendata.arcgis.com/documents/york::york-region-2019-business-directory/about,Regional Municipality of York,https://insights-york.opendata.arcgis.com/documents/york-region-open-data-licence/explore,13-08-2021,,,NAME,,,BUS_ACTIVITY_DESC,BUSINESSID,,,PRIM_NAICS,SEC_NAICS,PRIM_NAICS_DESC,,,,,FULL_ADDRESS,,MAIL_FULL_ADDRESS,UNIT_NUM,STREET_NUM,STREET_NAME,STREET_DIR,STREET_TYPE,MUNICIPALITY,PROVINCE,POST_CODE,COUNTRY,WEBSITE,GEN_BUS_EMAIL,PHONE_NO,,TOLLFREE_NO,FAX_NO,EMPLOYEE_RANGE,,,,,force:no
QC_Etablissements.csv,https://www.donneesquebec.ca/recherche/dataset/registre-des-entreprises,Gouvernement du Québec,https://www.donneesquebec.ca/fr/licence/#CC-BY-SA-NC-4.0,02-01-2022,,,NOM_ETAB,DESC_ACT_ECON_ETAB2,,,NEQ,,,,,,COD_ACT_ECON,DESC_ACT_ECON_ETAB,,,LIGN1_ADR,,,,,,,,LIGN2_ADR,force:QC,LIGN4_ADR,,,,,,,,,,,,,force:no
QC_Sherbrooke_Entreprises.csv,https://www.donneesquebec.ca/recherche/dataset/repertoire-des-entreprises,Ville de Sherbrooke,https://www.donneesquebec.ca/licence/#cc-by,09-11-2021,,,entreprise,,,scian_principal,,,,,,,,,,,,,,,no_civique,rue_local,,,force:Sherbrooke,force:QC,code_postal,,,,entreprise_tel,,,,,,,,,force:no
