X,Y,OBJECTID,BRIDGEOSIMID,CREATE_BY,CREATE_DATE,UPDATE_BY,UPDATE_DATE,STATUS,STATUS_DATE,SOURCE,SOURCE_DATE,CATEGORY,MTOID,NAME_DESC,ROAD_DESC,NUMBER_OF_LANES,LOCATION_DESC,STRUCTURE_TYPE,STRUCTURE_DIRECTION,STRUCTURE_WIDTH_M,FILL_ON_STRUCTURE_M,SKEW_ANGLE,ROAD_WIDTH_M,SPANS,SPAN_LENGTH_M,DECK_LENGTH_M,TOTAL_DECK_AREA_M2,MINIMUM_VERTICAL_CLEARANCE_M,DETOUR_LENGTH_M,CURRENT_LIMIT_TONNES,INSTALLATION_DATE,INSTALLATION_YEAR,ACQUISITION,LAST_OSIM_INSPECTION_YEAR,EVALUATION_DATE,LAST_CONDITION_SURVEY_YEAR,DEPARTMENT,MAP_ROTATION
-80.485701483132942,43.480974662667414,2,827,DAVIDV,2016-03-03T14:31:30.000Z,DAVIDV,2019-03-21T09:44:21.000Z,ACTIVE,2016-03-03T14:31:30.000Z,,,BRIDGE,33-271,SHIRK PLACE BRIDGE,SHIRK PLACE,2,0.32 KM WEST OF LANCASTER STREET,PRECAST CONCRETE GIRDERS,NORTH-SOUTH,12.10000038,,0,9,1,21.8,21,264,0,0,0,1979-01-01T00:00:00.000Z,1979,UNKNOWN,2018,,0,ENGINEERING,150
-80.508590733881675,43.447013959747864,3,844,DAVIDV,2016-03-03T14:31:30.000Z,DAVIDV,2019-03-21T09:44:21.000Z,ACTIVE,2016-03-03T14:31:30.000Z,,,BRIDGE,,CHERRY STREET BRIDGE,CHERRY STREET,,0.08 KM WEST OF STRANGE STREET,CONCRETE BOX RIGID FRAME,EAST-WEST,13.69999981,,28,8.69999981,1,5.5,6.0999999,84,0,0,0,1970-01-01T00:00:00.000Z,1970,UNKNOWN,2018,,0,ENGINEERING,60
-80.504089504207542,43.443102455415733,4,816,DAVIDV,2016-03-03T14:31:30.000Z,DAVIDV,2019-03-21T09:44:21.000Z,ACTIVE,2016-03-03T14:31:30.000Z,,,BRIDGE,,WEST AVENUE BRIDGE OVER HENRY STRUM GREENWAY,WEST AVENUE,2,0.27 KM NORTH OF HIGHLAND ROAD,REINFORCED CONCRETE FRAME,NORTH-SOUTH,20,,35,9.80000019,1,6.7,7.19999981,145,0,0,0,1975-01-01T00:00:00.000Z,1975,UNKNOWN,2018,,0,ENGINEERING,150
-80.506082710331796,43.441937900245854,5,823,DAVIDV,2016-03-03T14:31:30.000Z,DAVIDV,2019-03-21T09:44:21.000Z,ACTIVE,2016-03-03T14:31:30.000Z,,,BRIDGE,33-318,PATRICIA AVENUE BRIDGE,PATRICIA AVENUE,2,0.32 KM NORTH OF HIGHLAND ROAD,REINFORCED CONCRETE FRAME,NORTH-SOUTH,14,,0,9,1,6.1,6.5999999,92,0,0,0,1976-01-01T00:00:00.000Z,1976,UNKNOWN,2018,,0,ENGINEERING,150
-80.508769019475892,43.440605033500994,6,822,DAVIDV,2016-03-03T14:31:30.000Z,DAVIDV,2019-03-21T09:44:21.000Z,ACTIVE,2016-03-03T14:31:30.000Z,,,BRIDGE,33-317,BELMONT AVENUE BRIDGE,BELMONT AVENUE,4,0.2 KM NORTH OF HIGHLAND ROAD,REINFORCED CONCRETE FRAME,NORTH-SOUTH,26.20000076,0.3 ±,5,15.19999981,1,6.1,6.5999999,173,0,0,0,1976-01-01T00:00:00.000Z,1976,UNKNOWN,2018,,0,ENGINEERING,150
-80.511564045287031,43.439466938028737,7,824,DAVIDV,2016-03-03T14:31:30.000Z,DAVIDV,2019-03-21T09:44:21.000Z,ACTIVE,2016-03-03T14:31:30.000Z,,,BRIDGE,33-320,LAWRENCE AVENUE BRIDGE,LAWRENCE AVENUE,2,0.32 KM NORTH OF HIGHLAND ROAD,TWIN RIGID FRAME,NORTH-SOUTH,20,0.3 ±,0,9.30000019,2,2 @ 4.4,10,204,0,0,0,1979-01-01T00:00:00.000Z,1979,UNKNOWN,2018,,0,ENGINEERING,150
-80.495686828050296,43.445787498439586,8,833,DAVIDV,2016-03-03T14:31:30.000Z,DAVIDV,2019-04-03T08:56:50.000Z,ACTIVE,2016-03-03T14:31:30.000Z,,,BRIDGE,33-343,DAVID STREET BRIDGE,DAVID STREET,2,0.12 KM NORTH OF ROLAND STREET,TWIN CONCRETE BOX,NORTH-SOUTH,11,0.5 ±,0,9.5,2,2 @ 5.0,200,2200,0,0,0,1983-01-01T00:00:00.000Z,1983,UNKNOWN,2018,,0,ENGINEERING,150
-80.487082796586066,43.441162848236544,9,828,DAVIDV,2016-03-03T14:31:30.000Z,DAVIDV,2019-03-21T09:44:21.000Z,ACTIVE,2016-03-03T14:31:30.000Z,,,BRIDGE,33-324,MADISON AVENUE BRIDGE,MADISON AVENUE,,0.40 KM EAST OF MILL STREET,TWIN CONCRETE BOX,NORTH-SOUTH,13.10000038,0.6 ±,45,8.5,2,2 @ 6.3,14.5,190,0,0,0,1979-01-01T00:00:00.000Z,1979,UNKNOWN,2018,,0,ENGINEERING,150
-80.483939359964012,43.441521209201824,10,812,DAVIDV,2016-03-03T14:31:30.000Z,DAVIDV,2019-03-21T09:44:21.000Z,ACTIVE,2016-03-03T14:31:30.000Z,,,BRIDGE,33-289,STIRLING AVENUE BRIDGE,STIRLING AVENUE,4,0.08 KM NORTH OF COURTLAND AVENUE,TWIN CONCRETE BOX,NW-SE,84,0.5,40,14.60000038,2,2 @ 6.1,9.69999981,815,0,0,0,1979-01-01T00:00:00.000Z,1979,UNKNOWN,2018,,0,ENGINEERING,150
-80.485913793051481,43.439292860014042,11,821,DAVIDV,2016-03-03T14:31:30.000Z,DAVIDV,2019-03-21T09:44:21.000Z,ACTIVE,2016-03-03T14:31:30.000Z,,,BRIDGE,33-255,STIRLING AVENUE RAILWAY OVERPASS,STIRLING AVENUE SOUTH,4,0.40 KM NORTH OF MILL STREET,CONCRETE BOX GIRDER,EAST-WEST,18.29999924,,0,14.60000038,3,"12.2, 12.8, 12.2",37,677,0,0,0,1967-01-01T00:00:00.000Z,1967,UNKNOWN,2018,,0,ENGINEERING,150
-80.47901209960412,43.441130858943481,12,811,DAVIDV,2016-03-03T14:31:30.000Z,DAVIDV,2019-03-21T09:44:21.000Z,ACTIVE,2016-03-03T14:31:30.000Z,,,BRIDGE,33-257,KENT AVENUE BRIDGE,KENT AVENUE,,0.40 KM NORTH OF COURTLAND AVENUE,TWIN CONCRETE BOX,NORTH-SOUTH,62,,30,9.19999981,2,2 @ 6.7,15,931,0,0,0,1974-01-01T00:00:00.000Z,1974,UNKNOWN,2018,,0,ENGINEERING,150
-80.473163811615592,43.437872435390631,13,809,DAVIDV,2016-03-03T14:31:30.000Z,DAVIDV,2019-03-21T09:44:21.000Z,ACTIVE,2016-03-03T14:31:30.000Z,,,BRIDGE,33-245,SYDNEY STREET BRIDGE,SYDNEY BRIDGE,2,0.10 KM NORTH OF NYBERG STREET,REINFORCED CONCRETE,EAST-WEST,20,,0,9.10000038,2,2 @ 7.0±,15,300,0,0,0,1970-01-01T00:00:00.000Z,1970,UNKNOWN,2018,,0,ENGINEERING,150
-80.45841545984112,43.434328046951109,14,814,DAVIDV,2016-03-03T14:31:30.000Z,DAVIDV,2019-03-21T09:44:21.000Z,ACTIVE,2016-03-03T14:31:30.000Z,,,CULVERT BRIDGE,33-252,ECKERT STREET CULVERT,ECKERT STREET,4,0.21 KM EAST OF DIXON ROAD,TWIN CONCRETE BOX,NORTH-SOUTH,23.5,0.30±,10,14.80000019,2,5-5,110,2585,0,0,0,1966-01-01T00:00:00.000Z,1966,UNKNOWN,2018,,0,ENGINEERING,150
-80.456459168890959,43.445959285746639,15,815,DAVIDV,2016-03-03T14:31:30.000Z,DAVIDV,2019-03-21T09:44:21.000Z,ACTIVE,2016-03-03T14:31:30.000Z,,,BRIDGE,33-270,GRABER PLACE BRIDGE,GRABER PLACE,2,0.30 KM WEST OF DREGER AVENUE,REINFORCED CONCRETE RIGID FRAME,EAST-WEST,9.89999962,,15,7.30000019,1,6.3,7.19999981,72,0,0,0,1962-01-01T00:00:00.000Z,1962,UNKNOWN,2018,,0,ENGINEERING,150
-80.469301664444771,43.428837693952403,16,808,DAVIDV,2016-03-03T14:31:30.000Z,DAVIDV,2019-03-21T09:44:21.000Z,ACTIVE,2016-03-03T14:31:30.000Z,,,BRIDGE,33-245,OVERLAND DRIVE BRIDGE,OVERLAND DRIVE,2,0.06 KM WEST OF COURTLAND AVENUE OVER SCHNEIDER CREEK,REINFORCED CONCRETE RIGID FRAME,EAST-WEST,13.5,,30,10,1,16.51,16.60000038,167,0,0,0,1968-01-01T00:00:00.000Z,1968,UNKNOWN,2018,,2010,ENGINEERING,150
-80.483324615399042,43.435184286657964,17,831,DAVIDV,2016-03-03T14:31:30.000Z,DAVIDV,2019-03-21T09:44:21.000Z,ACTIVE,2016-03-03T14:31:30.000Z,,,CULVERT BRIDGE,33-346,MILL STREET CULVERT (OVER SHOEMAKER CREEK),MILL STREET,3,0.01 KM WEST OF BORDEN PARKWAY,TWIN CONCRETE BOX,EAST-WEST,36.5,0.55±,53,10.89999962,2,3.1,7.4000001,271,0,0,0,1970-01-01T00:00:00.000Z,1970,UNKNOWN,2018,,0,ENGINEERING,150
-80.486540483631259,43.433713673674426,18,832,DAVIDV,2016-03-03T14:31:30.000Z,DAVIDV,2019-03-21T09:44:21.000Z,ACTIVE,2016-03-03T14:31:30.000Z,,,CULVERT BRIDGE,33-347,KEHL STREET BRIDGE,KEHL STREET,2,0.20 KM SOUTH OF HEIMAN STREET,TWIN CONCRETE BOX,EAST-WEST,20,0.3±,0,8.69999981,2,"3.1, 3.1",7.4000001,149,0,0,0,1970-01-01T00:00:00.000Z,1970,UNKNOWN,2018,,0,ENGINEERING,150
-80.496546444433534,43.429753407803254,19,841,DAVIDV,2016-03-03T14:31:30.000Z,DAVIDV,2019-03-21T09:44:21.000Z,ACTIVE,2016-03-03T14:31:30.000Z,,,CULVERT BRIDGE,,STIRLING AVE CULVERT,STIRLING AVENUE,,0.02 KM NORTH OF GREENBROOK DRIVE,PRECAST CONCRETE BOX,EAST-WEST,17.79999924,0.5,15,10.5,2,2 @ 3.0,7.4000001,132,0,0,0,1992-01-01T00:00:00.000Z,1992,UNKNOWN,2018,,0,ENGINEERING,150
-80.497167677650978,43.429375267873873,20,840,DAVIDV,2016-03-03T14:31:30.000Z,DAVIDV,2019-03-21T09:44:21.000Z,ACTIVE,2016-03-03T14:31:30.000Z,,,CULVERT BRIDGE,,GREENBROOK DRIVE CULVERT,GREENBROOK DRIVE,2,0.06 KM WEST OF STIRLING AVENUE,PRECAST CONCRETE BOX,EAST-WEST,46.29999924,0.9,45,11.19999981,2,2 @ 3.0,7.4000001,343,0,0,0,1992-01-01T00:00:00.000Z,1992,UNKNOWN,2018,,0,ENGINEERING,150
-80.50234043725618,43.428451607100072,21,817,DAVIDV,2016-03-03T14:31:30.000Z,DAVIDV,2019-03-21T09:44:21.000Z,ACTIVE,2016-03-03T14:31:30.000Z,,,BRIDGE,,BRIDGE OVER VOISIN GREENWAY,VILLAGE ROAD,2,0.01 KM SOUTH OF GREENBROOK DRIVE,CONCRETE BOX RIGID FRAME,EAST-WEST,19.79999924,0.3 ±,0,9.10000038,1,6.1,7.0999999,141,0,0,0,1962-01-01T00:00:00.000Z,1962,UNKNOWN,2018,,0,ENGINEERING,150
-80.470780700728909,43.424932558776653,22,807,DAVIDV,2016-03-03T14:31:30.000Z,DAVIDV,2019-03-21T09:44:21.000Z,ACTIVE,2016-03-03T14:31:30.000Z,,,BRIDGE,33-261,HAYWARD AVENUE BRIDGE,HAYWARD AVENUE,2,0.43 KM WEST OF COURTLAND AVENUE,CONCRETE DECK ON PRECAST PRESTRESSED BEAMS,EAST-WEST,13.39000034,,10,9.97000027,1,15.42,15.39999962,206,0,0,0,1960-01-01T00:00:00.000Z,1960,UNKNOWN,2018,,0,ENGINEERING,150
-80.459430555136592,43.424219259099289,23,835,DAVIDV,2016-03-03T14:31:30.000Z,DAVIDV,2019-03-21T09:44:21.000Z,ACTIVE,2016-03-03T14:31:30.000Z,,,BRIDGE,,VANIER DRIVE BRIDGE,VANIER DRIVE,2,0.03 KM SOUTH OF SHELLEY DRIVE,REINFORCED CONCRETE,NORTH-SOUTH,19.70000076,0.20,0,10.89999962,1,3.4,4,79,0,0,0,1950-01-01T00:00:00.000Z,1950,UNKNOWN,2018,,0,ENGINEERING,150
-80.45903751829816,43.418419854853362,24,806,DAVIDV,2016-03-03T14:31:30.000Z,DAVIDV,2019-03-21T09:44:21.000Z,ACTIVE,2016-03-03T14:31:30.000Z,,,BRIDGE,,BALZER ROAD BRIDGE #1,BALZER ROAD,1,0.30 KM WEST OF COURTLAND AVENUE (OVER MONTGOMERY CREEK),REINFORCED CONCRETE,EAST-WEST,5.5999999,,0,5,1,6.4,6.4000001,36,0,0,0,1932-01-01T00:00:00.000Z,1932,UNKNOWN,2018,2010-11-01T00:00:00.000Z,0,ENGINEERING,150
-80.442131820976854,43.419037361512316,25,819,DAVIDV,2016-03-03T14:31:30.000Z,DAVIDV,2019-03-21T09:44:21.000Z,ACTIVE,2016-03-03T14:31:30.000Z,,,BRIDGE,33-188,WILSON AVENUE RAILWAY BRIDGE,WILSON AVENUE,2,0.3 KM SOUTH OF FAIRWAY ROAD SOUTH,CONCRETE DECK ON STEEL GIRDERS,NORTH-SOUTH,17.10000038,,0,13.5,3,"10.2, 14.4, 10.2",35,599,0,0,0,1970-01-01T00:00:00.000Z,1970,UNKNOWN,2018,,0,ENGINEERING,150
-80.446992447195058,43.408258625798119,26,826,DAVIDV,2016-03-03T14:31:30.000Z,DAVIDV,2019-03-21T09:44:21.000Z,ACTIVE,2016-03-03T14:31:30.000Z,,,BRIDGE,33-323,WABANAKI DRIVE BRIDGE,WABANAKI DRIVE,4,0.32 KM EAST OF MANITOU DRIVE,PRECAST CONCRETE GIRDERS,EAST-WEST,18.29999924,,20,14.60000038,1,30,31,568,0,0,0,1978-01-01T00:00:00.000Z,1978,UNKNOWN,2018,,0,ENGINEERING,150
-80.435886321303727,43.400899165316055,27,805,DAVIDV,2016-03-03T14:31:30.000Z,DAVIDV,2019-03-21T09:44:21.000Z,ACTIVE,2016-03-03T14:31:30.000Z,,,BRIDGE,33-124,HURON ROAD BRIDGE,HURON ROAD,1,0.21 KM EAST OF HOMER WATSON BLVD.,STEEL BEAM - CONC.DECK,EAST-WEST,5.92000008,,0,5.4000001,1,9.7,17.60000038,104.19999695,0,2,0,1930-01-01T00:00:00.000Z,1930,UNKNOWN,2018,2010-10-20T00:00:00.000Z,2010,ENGINEERING,150
-80.434934373582934,43.393825859332722,28,804,DAVIDV,2016-03-03T14:31:30.000Z,DAVIDV,2019-03-21T09:44:21.000Z,ACTIVE,2016-03-03T14:31:30.000Z,,,BRIDGE,,PIONEER DRIVE BRIDGE,PIONEER DRIVE,2,PIONEER DRIVE 0.28 KM WEST OF HOMER WATSON BLVD.,CONCRETE DECK ON PRECAST GIRDERS,EAST-WEST,20.10000038,,30,15.19999981,1,30.5,31,624,0,0,0,1973-01-01T00:00:00.000Z,1973,UNKNOWN,2018,,0,ENGINEERING,150
-80.436003468964188,43.389328629912292,29,845,DAVIDV,2016-03-03T14:31:30.000Z,DAVIDV,2019-03-21T09:44:21.000Z,ACTIVE,2016-03-03T14:31:30.000Z,,,CULVERT BRIDGE,,DOON VILLAGE ROAD CULVERT,DOON VILLAGE ROAD,2,0.09 KM WEST OF TILT DRIVE,CONCRETE BOX CULVERT,EAST-WEST,4.9000001,0.4 ±,0,6.69999981,1,4.2,20,98,0,0,0,1940-01-01T00:00:00.000Z,1940,UNKNOWN,2018,,0,ENGINEERING,150
-80.423173994751622,43.388496192626242,30,802,DAVIDV,2016-03-03T14:31:30.000Z,DAVIDV,2019-03-21T09:44:21.000Z,ACTIVE,2016-03-03T14:31:30.000Z,,,BRIDGE,33-133,DOON VILLAGE ROAD BRIDGE #1,DOON VILLAGE ROAD,1,0.3 KM WEST OF HOMER WATSON BLVD.,CONCRETE SPANDREL ARCH,EAST-WEST,8.10000038,0.3,0,5.19999981,1,13.4,20,163,0,0,0,1924-01-01T00:00:00.000Z,1924,UNKNOWN,2018,,0,ENGINEERING,150
-80.416076657494074,43.393797789327017,31,801,DAVIDV,2016-03-03T14:31:30.000Z,DAVIDV,2019-03-21T09:44:21.000Z,ACTIVE,2016-03-03T14:31:30.000Z,,,BRIDGE,,OLD MILL ROAD BRIDGE,OLD MILL ROAD,2,0.2 KM EAST OF PARK DRIVE,CONCRETE DECK ON PRECAST GIRDERS,EAST-WEST,12.89999962,,0,9.10000038,3,"11.5, 17.6, 11.5",41,529,0,0,0,1980-01-01T00:00:00.000Z,1980,UNKNOWN,2018,,0,ENGINEERING,150
-80.476579834939216,43.43997216752301,32,810,DAVIDV,2016-03-03T14:31:30.000Z,DAVIDV,2019-03-21T09:44:21.000Z,ACTIVE,2016-03-03T14:31:30.000Z,,,BRIDGE,33-128,BORDEN AVENUE BRIDGE,BORDEN AVENUE,2,0.05 KM NORTH OF NYBERG STREET,TWIN CONCRETE BOX,EAST-WEST,20.79999924,0.5,15,10.39999962,2,2 @ 6.4,13.60000038,283,0,0,0,1974-01-01T00:00:00.000Z,1974,UNKNOWN,2018,,0,ENGINEERING,150
-80.539626979444549,43.437249393748608,33,842,DAVIDV,2016-03-03T14:31:30.000Z,DAVIDV,2019-03-21T09:44:21.000Z,ACTIVE,2016-03-03T14:31:30.000Z,,,CULVERT BRIDGE,,STOKE DRIVE CULVERT,STOKE DRIVE,2,0.8 KM NORTH OF VICTORIA STREET,MULTI PLATE ARCHES CMP,EAST-WEST,12.19999981,0.75,15,10.19999981,3,3 @ 3.4 (ACTUAL ARCH),33.29999924,0,0,0,0,1963-01-01T00:00:00.000Z,1963,UNKNOWN,2018,,0,ENGINEERING,150
-80.532472001267223,43.430499640581473,34,849,DAVIDV,2016-03-03T14:31:30.000Z,DAVIDV,2019-03-21T09:44:21.000Z,ACTIVE,2016-03-03T14:31:30.000Z,,,CULVERT BRIDGE,,EASTFOREST TRAIL CULVERT (OVER DETWEILER GREENWAY),EASTFOREST TRAIL,2,0.10 KM NORTH OF HIGHLAND ROAD,TWIN PRECAST CONCRETE BOXES,EAST-WEST,5.5999999,1.5,45,14.89999962,2,2 @ 2.4 (HEIGHT 1.5),65,364,0,0,0,1998-01-01T00:00:00.000Z,1998,UNKNOWN,2018,,0,ENGINEERING,150
-80.544388398991231,43.428445878912001,35,847,DAVIDV,2016-03-03T14:31:30.000Z,DAVIDV,2019-03-21T09:44:21.000Z,ACTIVE,2016-03-03T14:31:30.000Z,,,CULVERT BRIDGE,,WESTFOREST TRAIL CULVERT (OVER DETWEILER GREENWAY),WESTFOREST TRAIL,2,0.05 KM NORTH OR WESTMEADOW DRIVE,TWIN ARCH CMP'S,EAST-WEST,6.4000001,1.5,45,15,2,2 @ 2.1,50,320,0,0,0,1970-01-01T00:00:00.000Z,1970,UNKNOWN,2018,,0,ENGINEERING,30
-80.546334423596676,43.429066422592285,36,846,DAVIDV,2016-03-03T14:31:30.000Z,DAVIDV,2019-03-21T09:44:21.000Z,ACTIVE,2016-03-03T14:31:30.000Z,,,CULVERT BRIDGE,,WESTMEADOW DRIVE CULVERT (OVER DETWEILER GREENWAY),WESTMEADOW DRIVE,2,0.18 KM NORTH OF WESTFOREST TRAIL,CORRUGATED STEEL PIPE,NORTH-SOUTH,5,1.8,15,9,2,"1.85, 1.54",40,200,0,0,0,1963-01-01T00:00:00.000Z,1963,UNKNOWN,2018,,0,ENGINEERING,150
-80.528454238114278,43.419496377785698,37,839,DAVIDV,2016-03-03T14:31:30.000Z,DAVIDV,2019-03-21T09:44:21.000Z,ACTIVE,2016-03-03T14:31:30.000Z,,,CULVERT BRIDGE,,MCGARRY DRIVE CULVERT (OVER SANDROCK GREENWAY),MCGARRY DRIVE,2,0.05 KM EAST OF ROYAL ORCHARD DRIVE,MULTI PLATE ARCH,NORTH-SOUTH,3.79999995,2,0,10.19999981,1,3.1,34,129,0,0,0,1963-01-01T00:00:00.000Z,1963,UNKNOWN,2018,,0,ENGINEERING,150
-80.5285760559658,43.42199208940837,38,863,DAVIDV,2016-03-03T14:31:30.000Z,DAVIDV,2019-03-21T09:44:21.000Z,ACTIVE,2016-03-03T14:31:30.000Z,,,BRIDGE,,SANDROCK GREENWAY PEDESTRIAN BRIDGE,,,0.27 KM NORTH OF MCGARRY DRIVE (BETWEEN WESTHEIGHTS DRIVE AND BROOKSIDE CRESCENT),DOUBLE 'T' PRECAST GIRDER,EAST-WEST,2.11999989,,0,1.94000006,1,16.7,17.10000038,36,0,0,0,1983-01-01T00:00:00.000Z,1983,UNKNOWN,2018,,0,OPERATIONS,150
-80.512940344612176,43.420724609606779,39,853,DAVIDV,2016-03-03T14:31:30.000Z,DAVIDV,2019-03-21T09:44:21.000Z,ACTIVE,2016-03-03T14:31:30.000Z,,,CULVERT BRIDGE,,RUSKVIEW ROAD CULVERT,RUSKVIEW ROAD,2,0.17 KM WEST OF SWEETBRIAR ROAD,CONCRETE RIGID FRAME,EAST-WEST,3.79999995,0.7 ±,0,9.19999981,1,3.2,102,410,0,0,0,1960-01-01T00:00:00.000Z,1960,UNKNOWN,2018,,0,ENGINEERING,150
-80.508564431541785,43.427058310549505,40,855,DAVIDV,2016-03-03T14:31:30.000Z,DAVIDV,2019-03-21T09:44:21.000Z,ACTIVE,2016-03-03T14:31:30.000Z,,,BRIDGE,,VOISIN GREENWAY TRAIL BRIDGE,"PEDESTRIAN WALKWAY, EAST OF  GREENBROOK DRIVE",,0.17 KM WEST OF WESMOUNT ROAD AND GREENBROOK DRIVE,INVERTED MULTI PLATE ARCH,NORTH-SOUTH,4.30000019,,0,0,1,3.6,3.5999999,15.5,0,0,0,1960-01-01T00:00:00.000Z,1960,UNKNOWN,2018,,0,ENGINEERING,150
-80.511070201547881,43.42534654123029,41,854,DAVIDV,2016-03-03T14:31:30.000Z,DAVIDV,2019-03-21T09:44:21.000Z,ACTIVE,2016-03-03T14:31:30.000Z,,,CULVERT BRIDGE,,GREENBROOK PLAZA CULVERT,N/A,2,"UNDER STONEYBROOK DRIVE AND PLAZA, PARALLEL TO GREENBROOK DRIVE",CONCRETE RIGID FRAME,EAST-WEST,165,0.6,0,9.19999981,1,3.6,3.5999999,594,0,0,0,1960-01-01T00:00:00.000Z,1960,UNKNOWN,2018,,0,ENGINEERING,150
-80.503649511269131,43.414810961331682,42,837,DAVIDV,2016-03-03T14:31:30.000Z,DAVIDV,2019-03-21T09:44:21.000Z,ACTIVE,2016-03-03T14:31:30.000Z,,,CULVERT BRIDGE,,WILLIAMSBURG RD CULVERT,WILLIAMSBURG ROAD,2,"0.15 KM WEST OF WILLIAMSBURG ROAD, 0.07 KM NORTH OF DINISON CRES.",MULTI PLATE ARCH CMP,NORTH-SOUTH,5,2.0 ±,40,10.19999981,1,5.0,48,240,0,0,0,1963-01-01T00:00:00.000Z,1963,UNKNOWN,2018,,0,ENGINEERING,150
-80.503559653768562,43.412029878622555,43,836,DAVIDV,2016-03-03T14:31:30.000Z,DAVIDV,2019-03-21T09:44:21.000Z,ACTIVE,2016-03-03T14:31:30.000Z,,,BRIDGE,,DINISON CRESCENT CULVERT #2,DINISON CRES,2,BESIDE 53 DINISON CRES,MULTI PLATE ARCH CSP,NORTH-SOUTH,5.0999999,1.5,0,9.10000038,1,5.1,30.79999924,157,0,0,0,1963-01-01T00:00:00.000Z,1963,UNKNOWN,2018,,0,ENGINEERING,150
-80.488793275274659,43.432700793564337,44,856,DAVIDV,2016-03-03T14:31:30.000Z,DAVIDV,2019-03-21T09:44:21.000Z,ACTIVE,2016-03-03T14:31:30.000Z,,,CULVERT BRIDGE,,HIGHLAND ROAD CULVERT (OVER SHOEMAKER GREENWAY),HIGHLAND ROAD,2,0.10 KM SOUTH OF HEIMAN STREET,TWIN REINFORCED CONCRETE BOX,EAST-WEST,19.20000076,0.4,15,11.19999981,2,2 @ 3.3,7.9000001,151.5,0,0,0,1970-01-01T00:00:00.000Z,1970,UNKNOWN,2018,,0,ENGINEERING,150
-80.490301694838834,43.429917325508036,45,818,DAVIDV,2016-03-03T14:31:30.000Z,DAVIDV,2019-03-21T09:44:21.000Z,ACTIVE,2016-03-03T14:31:30.000Z,,,CULVERT BRIDGE,,HOMER WATSON BOULEVARD CULVERT OVER SHOEMAKER GREENWAY,HOMER WATSON BOULEVARD,4,0.15 KM NORTH OF HOFFMAN STREET,TWIN CONCRETE BOX RIGID FRAME,EAST-WEST,9.80000019,1.0±,15,7.30000019,2,4.3-4.3,55,539,0,0,0,1970-01-01T00:00:00.000Z,1970,UNKNOWN,2018,,0,ENGINEERING,150
-80.481791713030717,43.436819937955676,46,857,DAVIDV,2016-03-03T14:31:30.000Z,DAVIDV,2019-03-21T09:44:21.000Z,ACTIVE,2016-03-03T14:31:30.000Z,,,CULVERT BRIDGE,,COURTLAND AVE - BORDEN AVE CULVERT,BETWEEN G.E.X.R. RAILWAY AND COURTLAND AVENUE,,,"SINGLE BOX, TWIN BOX AT ENDS",EAST-WEST,279,2.0,0,0,2,3.65,7.5999999,2093,0,0,0,1963-01-01T00:00:00.000Z,1963,UNKNOWN,2018,,0,ENGINEERING,150
-80.479377596040621,43.43924861724792,47,858,DAVIDV,2016-03-03T14:31:30.000Z,DAVIDV,2019-03-21T09:44:21.000Z,ACTIVE,2016-03-03T14:31:30.000Z,,,BRIDGE,,SHOEMAKER GREENWAY BRIDGE,SCHNEIDER'S MEATS PARKING LOT EAST END,1,0.1 KM EAST OF COURTLAND AVENUE OVER SHOEMAKER GREENWAY,CONCRETE BOX,NORTH-SOUTH,7.80000019,,0,7.30000019,1,6.1,7.19999981,56,0,0,0,1970-01-01T00:00:00.000Z,1970,UNKNOWN,2018,,0,ENGINEERING,150
-80.503808782854804,43.417628347077489,48,838,DAVIDV,2016-03-03T14:31:30.000Z,DAVIDV,2019-03-21T09:44:21.000Z,ACTIVE,2016-03-03T14:31:30.000Z,,,CULVERT BRIDGE,,BORDEN GREENWAY TRAIL CULVERT,BORDEN GREENWAY,,0.03 KM NORTH OF PINEDALE DR AT HILLSBOROUGH CRES.,MULTI PLATE ARCH CMP,NORTH-SOUTH,4.30000019,0.6,0,2.5,1,4.3,9.30000019,40,0,0,0,1963-01-01T00:00:00.000Z,1963,UNKNOWN,2018,,0,OPERATIONS,150
-80.522801578298612,43.436627147449116,49,1087,DAVIDV,2016-03-03T14:31:30.000Z,DAVIDV,2019-03-21T09:44:21.000Z,ACTIVE,2016-03-03T14:31:30.000Z,,,BRIDGE,,HENRY STURM GREENWAY TRAIL BRIDGE #2,,,MIDDLE OF PARK ACCRESS FROM CAMROSE CRT,,,0,,0,0,0,<Null>,0,0,0,0,0,2015-01-01T00:00:00.000Z,2015,UNKNOWN,2018,,0,OPERATIONS,150
-80.518727729970209,43.436534047992701,50,1088,DAVIDV,2016-03-03T14:31:30.000Z,DAVIDV,2019-03-21T09:44:21.000Z,ACTIVE,2016-03-03T14:31:30.000Z,,,BRIDGE,,HENRY STURM GREENWAY TRAIL BRIDGE #3,,,0.2 KM WEST OF WESTMOUNT RD W UNDERPASS,,,0,,0,0,0,<Null>,0,0,0,0,0,2015-01-01T00:00:00.000Z,2015,UNKNOWN,2018,,0,OPERATIONS,150
-80.493538749274762,43.443663034118607,51,862,DAVIDV,2016-03-03T14:31:30.000Z,DAVIDV,2019-03-21T09:44:21.000Z,ACTIVE,2016-03-03T14:31:30.000Z,,,BRIDGE,,BENTON STREET PEDESTRIAN BRIDGE,,,END OF BENTON STREET OVER SCHNEIDER CREEK,DOUBLE 'T' PRECAST BEAM,NORTH-SOUTH,2.75,,0,2.46000004,1,16.45,17,46.59999847,0,0,0,1983-01-01T00:00:00.000Z,1983,UNKNOWN,2018,,0,OPERATIONS,150
-80.491789036640412,43.441929122261442,52,861,DAVIDV,2016-03-03T14:31:30.000Z,DAVIDV,2019-03-21T09:44:21.000Z,ACTIVE,2016-03-03T14:31:30.000Z,,,BRIDGE,,PETER STREET PEDESTRIAN BRIDGE,PETER STREET,,END OF PETER STREET OVER SCHNEIDER CREEK,DOUBLE 'T' PRECAST BEAM,EAST-WEST,2.74000001,,0,2.3499999,1,19.4,19.89999962,54.5,0,0,0,1981-01-01T00:00:00.000Z,1981,UNKNOWN,2018,,0,OPERATIONS,150
-80.49716620001395,43.447108743574098,53,877,DAVIDV,2016-03-03T14:31:30.000Z,DAVIDV,2019-03-21T09:44:21.000Z,ACTIVE,2016-03-03T14:31:30.000Z,,,BRIDGE,,VICTORIA PARK LAKE PEDESTRIAN BRIDGE #1,,,VICTORIA PARK - ISLAND TO JUBILEE DRIVE,STEEL TRUSS,NORTH-SOUTH,3.5999999,,0,3.5999999,3,"6.2, 15.6, 6.2",28,101,0,0,0,1910-01-01T00:00:00.000Z,1910,UNKNOWN,2018,2010-11-01T00:00:00.000Z,0,OPERATIONS,150
-80.497899516471335,43.446408864322123,54,876,DAVIDV,2016-03-03T14:31:30.000Z,DAVIDV,2019-03-21T09:44:21.000Z,ACTIVE,2016-03-03T14:31:30.000Z,,,BRIDGE,,VICTORIA PARK LAKE PEDESTRIAN BRIDGE #2,,,VICTORIA PARK -  PAVILION TO ISLAND,STEEL TRUSS,NORTH-SOUTH,2,,0,2,1,26.2,26.20000076,52.40000153,0,0,2.29999995,,,UNKNOWN,2018,,0,OPERATIONS,150
-80.499699586858014,43.44647631878685,55,875,DAVIDV,2016-03-03T14:31:30.000Z,DAVIDV,2019-03-21T09:44:21.000Z,ACTIVE,2016-03-03T14:31:30.000Z,,,BRIDGE,,VICTORIA PARK LAKE PEDESTRIAN BRIDGE #3,,,VICTORIA PARK - NEAR THE CANOE MONUMENT,STEEL BEAM,NORTH-SOUTH,2,,0,1.79999995,3,3 @ 7.4,22.39999962,44.59999847,0,0,0,2014-01-01T00:00:00.000Z,2014,UNKNOWN,2018,,0,OPERATIONS,150
-80.48219901974295,43.4416308238429,56,860,DAVIDV,2016-03-03T14:31:30.000Z,DAVIDV,2019-03-21T09:44:21.000Z,ACTIVE,2016-03-03T14:31:30.000Z,,,CULVERT BRIDGE,,SCHNEIDER CREEK TRAIL CULVERT,IRON HORSE TRAIL,,0.10 KM NORTH OF PALMER AVENUE,TWIN BOX,EAST-WEST,10.19999981,0.9,0,10.19999981,2,2 @ 4.8,27,275,0,0,0,1976-01-01T00:00:00.000Z,1976,UNKNOWN,2018,,0,OPERATIONS,150
-80.48130771140417,43.441677767180792,57,859,DAVIDV,2016-03-03T14:31:30.000Z,DAVIDV,2019-03-21T09:44:21.000Z,ACTIVE,2016-03-03T14:31:30.000Z,,,BRIDGE,,SCHNEIDER CREEK TRAIL BRIDGE #1,IRON HORSE TRAIL,,0.05 KM NORTH OF PALMER AVENUE,SINGLE SPAN CONCRETE,EAST-WEST,2.70000005,,0,2,1,13.3,26.39999962,71.30000305,0,0,0,1976-01-01T00:00:00.000Z,1976,UNKNOWN,2018,,0,OPERATIONS,150
-80.459415184439209,43.428811817177646,58,880,DAVIDV,2016-03-03T14:31:30.000Z,DAVIDV,2019-03-21T09:44:21.000Z,ACTIVE,2016-03-03T14:31:30.000Z,,,BRIDGE,,PEDESTRIAN BRIDGE (OVER MONTGOMERY CREEK),WILSON AVENUE,,AT END OF WILSON AVENUE CROSSING TO SHELLEY DRIVE,PREFABRICATED STEEL TRUSS,EAST-WEST,2,,0,2,1,26,26,52,0,0,0,2007-01-01T00:00:00.000Z,2007,UNKNOWN,2018,,0,OPERATIONS,150
-80.443299241251538,43.403942415164579,59,867,DAVIDV,2016-03-03T14:31:30.000Z,DAVIDV,2019-03-21T09:44:21.000Z,HISTORIC,2017-07-13T13:12:40.000Z,,,BRIDGE,,SCHNEIDER CREEK TRAIL BRIDGE #2,COMMUNITY TRAIL,,COMMUNITY TRAIL 0.52 KM SOUTH ON COMMUNITY TRAIL FROM WABANAKI DRIVE,WOOD DECK ON STEEL GIRDERS,NORTH-SOUTH,2.4000001,,0,2.29999995,2,"12.2, 12.2",24.39999962,59,0,0,0,1970-01-01T00:00:00.000Z,1970,UNKNOWN,2018,,0,OPERATIONS,150
-80.469821455149287,43.414189615983425,60,834,DAVIDV,2016-03-03T14:31:30.000Z,DAVIDV,2019-03-21T09:44:21.000Z,ACTIVE,2016-03-03T14:31:30.000Z,,,CULVERT BRIDGE,,COUNTRY HILL DRIVE - ARCH CULVERT,COUNTRY HILL DRIVE,2,0.9 KM NORTH OF BLEAMS ROAD,CORRUGATE STEEL PLATE CULVERT WITH CONCRETE BASE,NORTH-SOUTH,22.5,0.8±,20,10.39999962,1,4,14,315,0,0,0,1973-01-01T00:00:00.000Z,1973,UNKNOWN,2018,,0,ENGINEERING,150
-80.455979097830081,43.39164287493476,61,866,DAVIDV,2016-03-03T14:31:30.000Z,DAVIDV,2019-03-21T09:44:21.000Z,ACTIVE,2016-03-03T14:31:30.000Z,,,CULVERT BRIDGE,,BIEHN DRIVE CULVERT,BIEHN DRIVE,2,0.15 KM SOUTH OF BLACK WALNUT DRIVE,CORRUGATED STEEL PIPE CULVERT,EAST-WEST,45.59999847,0.8,30,9.5,4,4 @ 1.26,19,181,0,0,0,1963-01-01T00:00:00.000Z,1963,UNKNOWN,2018,,0,ENGINEERING,150
-80.437547347843434,43.388626403375781,62,878,DAVIDV,2016-03-03T14:31:30.000Z,DAVIDV,2019-03-21T09:44:21.000Z,ACTIVE,2016-03-03T14:31:30.000Z,,,BRIDGE,,DOON MILLS DRIVE BRIDGE,DOON MILLS DRIVE,2,0.10 KM NORTH OF TILT DRIVE,CONCRETE DECK ON PRECAST GIRDERS,NORTH-SOUTH,18,,15,12,1,28,30,540,0,0,0,2003-01-01T00:00:00.000Z,2003,UNKNOWN,2018,,0,ENGINEERING,150
-80.430936997196554,43.38546220523839,63,865,DAVIDV,2016-03-03T14:31:30.000Z,DAVIDV,2019-03-21T09:44:21.000Z,ACTIVE,2016-03-03T14:31:30.000Z,,,CULVERT BRIDGE,,DOON MILLS DRIVE CULVERT,DOON MILLS DRIVE,2,SOUTH OF PINE VALLEY DRIVE,CSP CULVERT WITH CONCRETE FOOTING,EAST-WEST,6,0.6,0,10,1,6,30,180,0,0,0,1963-01-01T00:00:00.000Z,1963,UNKNOWN,2018,,0,ENGINEERING,150
-80.422758537004043,43.369525874750074,64,864,DAVIDV,2016-03-03T14:31:30.000Z,DAVIDV,2019-03-21T09:44:21.000Z,ACTIVE,2016-03-03T14:31:30.000Z,,,CULVERT BRIDGE,,REICHERT DRIVE CULVERT,REICHERT DRIVE,2,0.38 KM SOUTH OF NEW DUNDEE ROAD,STEEL BOLTED PLATE CULVERT,NORTH-SOUTH,4.5999999,0.3,45,7.30000019,2,"2, 2",14.5,67,0,0,0,1963-01-01T00:00:00.000Z,1963,UNKNOWN,2018,,0,ENGINEERING,150
-80.465400376174713,43.46498120083492,65,871,DAVIDV,2016-03-03T14:31:30.000Z,DAVIDV,2019-03-21T09:44:21.000Z,ACTIVE,2016-03-03T14:31:30.000Z,,,BRIDGE,,RIVER ROAD - SHIRLEY AVE RAILWAY UNDERPASS,,,NORTH END OF RIVER ROAD,PRE-MANUFACTURED STEEL TRUSS/HYBRID,NORTH-SOUTH,2.4000001,,0,1.79999995,3,"(1) 17.8M, (2) 30M, (3) 17.8M",65.59999847,158,0,0,2.25999999,1979-01-01T00:00:00.000Z,1979,UNKNOWN,2018,,0,ENGINEERING,60
-80.422839129258577,43.444198708407669,66,869,DAVIDV,2016-03-03T14:31:30.000Z,DAVIDV,2019-03-21T09:44:21.000Z,ACTIVE,2016-03-03T14:31:30.000Z,,,CULVERT BRIDGE,,DAIMLER DRIVE CULVERT,DAIMLER DRIVE,2,0.30 KM WEST OF LACKNER BLVD.,PRECAST ARCH CULVERT,EAST-WEST,30.5,0.75 ±,0,10.19999981,1,4.877,5.5,168,0,0,0,1996-01-01T00:00:00.000Z,1996,UNKNOWN,2018,,0,ENGINEERING,150
-80.416437284122438,43.442765826007566,67,868,DAVIDV,2016-03-03T14:31:30.000Z,DAVIDV,2019-03-21T09:44:21.000Z,ACTIVE,2016-03-03T14:31:30.000Z,,,CULVERT BRIDGE,,IDLEWOOD CREEK TRAIL CULVERT,EASEMENT,,0.03 KM NORTH OF FAIRWAY ROAD - 0.12 KM WEST OF LACKNER BOULEVARD,3 - ELIPTICAL (1.7 X 1.20) CSPS,EAST-WEST,19.20000076,0.30 ±,10,6.80000019,3,3 @ 1.7 M C.S.P.'S,6,115,0,0,0,1963-01-01T00:00:00.000Z,1963,UNKNOWN,2018,,0,OPERATIONS,150
-80.547378741503962,43.436987388945326,68,912,DAVIDV,2016-03-03T14:31:30.000Z,DAVIDV,2019-03-21T09:44:21.000Z,ACTIVE,2016-03-03T14:31:30.000Z,,,BRIDGE,,HENRY STURM GREENWAY RAILWAY OVERPASS,,,BY RESURRECTION DR,PRECAST CONCRETE BOX CULVERT,NORTH-SOUTH,2.4000001,,0,0,2,"42.3M LOWER (1), 31M UPPER (2)",73.30000305,175.91999817,0,0,0,,,UNKNOWN,2018,,0,ENGINEERING,60
-80.513918751612565,43.448868123766673,69,874,DAVIDV,2016-03-03T14:31:30.000Z,DAVIDV,2019-03-21T09:44:21.000Z,ACTIVE,2016-03-03T14:31:30.000Z,,,BRIDGE,,IRON HORSE TRAIL RAILWAY OVERPASS,IRON HORSE PEDESTRIAN TRAIL,,200 M NORTH OF GAGE STREET,CONCRETE RAILWAY OVERPASS,,5,,0,2.5999999,1,5.5,7,30,4.9000001,0,0,,,UNKNOWN,2018,,0,ENGINEERING,150
-80.514807127917422,43.448565085466733,70,830,DAVIDV,2016-03-03T14:31:30.000Z,DAVIDV,2019-03-21T09:44:21.000Z,ACTIVE,2016-03-03T14:31:30.000Z,,,BRIDGE,33-192,BELMONT AVENUE RAILWAY UNDERPASS,BELMONT AVENUE,4,0.20 KM NORTH OF GAGE AVENUE,CONCRETE RIGID FRAME,EAST-WEST,5.5,,0,13.5,1,20.4,28,155,4.80000019,0,0,1960-01-01T00:00:00.000Z,1960,UNKNOWN,2018,,0,ENGINEERING,150
-80.50322531063415,43.444065467850074,71,852,DAVIDV,2016-03-03T14:31:30.000Z,DAVIDV,2019-03-21T09:44:21.000Z,ACTIVE,2016-03-03T14:31:30.000Z,,,BRIDGE,,PEDESTRIAN BRIDGE (OVER HENRY STURM GREENWAY),IRON HORSE TRAIL,,0.10 KM EAST OF WEST AVENUE,WOOD TRESTLE,NORTH-SOUTH,3,,0,2.5999999,3,"9.25, 9.0, 9.25",18.39999962,55,0,0,0,1903-01-01T00:00:00.000Z,1903,UNKNOWN,2018,,0,OPERATIONS,150
-80.481130244731204,43.462075780470286,72,829,DAVIDV,2016-03-03T14:31:30.000Z,DAVIDV,2019-03-21T09:44:21.000Z,ACTIVE,2016-03-03T14:31:30.000Z,,,BRIDGE,33-193,WELLINGTON STREET RAILWAY UNDERPASS,WELLINGTON STREET NORTH,,0.08 KM WEST OF PATRICK STREET,STEEL THROUGH GIRDER,NORTH-SOUTH,5.4000001,,21,0,1,15.2 ±,17.5,94,4.28999996,0,0,1961-01-01T00:00:00.000Z,1961,UNKNOWN,2018,,0,ENGINEERING,60
-80.45975260788768,43.418266675686233,73,873,DAVIDV,2016-03-03T14:31:30.000Z,DAVIDV,2019-03-21T09:44:21.000Z,ACTIVE,2016-03-03T14:31:30.000Z,,,CULVERT BRIDGE,,BALZER ROAD CULVERT,BLAZER ROAD,,0.37 KM WEST OF COURTLAND AVENUE,PRECAST CONCRETE BOX CULVERT,NORTH-SOUTH,3.20000005,0.9,0,5.5,1,BOX CULVERT 3.0 M SPAN,26,83,0,0,0,1970-01-01T00:00:00.000Z,1970,UNKNOWN,2018,,0,ENGINEERING,150
-80.529000641870653,43.426727729881044,74,825,DAVIDV,2016-03-03T14:31:30.000Z,DAVIDV,2019-03-21T09:44:21.000Z,ACTIVE,2016-03-03T14:31:30.000Z,,,CULVERT BRIDGE,33-313,QUEENS BOULEVARD CULVERT (OVER SANDROCK GREENWAY),QUEENS BLVD.,4,0.2 KM EAST OF EASTFOREST TRAIL,REINFORCED CONCRETE BOX,EAST-WEST,21,0.8,10,15.39999962,1,6.2,6,126,0,0,0,1975-01-01T00:00:00.000Z,1975,UNKNOWN,2018,,0,ENGINEERING,150
-80.425521134362754,43.388638842717761,75,803,DAVIDV,2016-03-03T14:31:30.000Z,DAVIDV,2019-03-21T09:44:21.000Z,ACTIVE,2016-03-03T14:31:30.000Z,,,BRIDGE,33-132,DOON VILLAGE ROAD BRIDGE #2,DOON VILLAGE ROAD,1,0.38 KM WEST OF HOMER WATSON BLVD.,CONCRETE SPANDREL ARCH,EAST-WEST,8.10000038,0.3,30,5.25,1,12,18.29999924,149,0,0,0,1929-01-01T00:00:00.000Z,1929,UNKNOWN,2018,,0,ENGINEERING,150
-80.463378972965273,43.431140495208787,76,872,DAVIDV,2016-03-03T14:31:30.000Z,DAVIDV,2019-03-21T09:44:21.000Z,ACTIVE,2016-03-03T14:31:30.000Z,,,BRIDGE,,HIGHWAY 7/8 PEDESTRIAN BRIDGE,HIGHWAY 7 & 8,,CONNECTING DIXON STREET AND BONIFACE AVENUE,POST TENSIONED  CONCRETE,NORTH-SOUTH,3,,0,2.4000001,5,"39.75, 4.6 (CANTILEVER), 18.25, 19.8, 16.6 = 99",99,297,0,0,0,1968-01-01T00:00:00.000Z,1968,UNKNOWN,2018,,0,ENGINEERING,150
-80.505859817610784,43.445302138726852,77,843,DAVIDV,2016-03-03T14:31:30.000Z,DAVIDV,2019-03-21T09:44:21.000Z,ACTIVE,2016-03-03T14:31:30.000Z,,,CULVERT BRIDGE,,WEST AVENUE & VICTORIA STREET CULVERT,WEST AVENUE,3,0.03 KM SOUTH OF VICTORIA STREET,REINFORCED CONCRETE,NORTH-SOUTH,50,0.75 ±,20,11,1,4.8,5.5999999,280,0,0,0,1964-01-01T00:00:00.000Z,1964,UNKNOWN,2018,,0,ENGINEERING,150
-80.503886218704466,43.414181107429847,78,879,DAVIDV,2016-03-03T14:31:30.000Z,DAVIDV,2019-03-21T09:44:21.000Z,ACTIVE,2016-03-03T14:31:30.000Z,,,CULVERT BRIDGE,,DINISON CRESCENT CULVERT #1,DINISON CRES,2,BESIDE 250 DINISON CRES,CORRUGATED STEEL PIPE CULVERT,EAST-WEST,5,2.0 ±,25,9,1,5,48,240,0,0,0,1963-01-01T00:00:00.000Z,1963,UNKNOWN,2018,,0,ENGINEERING,150
-80.447036826800996,43.468728865846074,79,870,DAVIDV,2016-03-03T14:31:30.000Z,DAVIDV,2019-03-21T09:44:21.000Z,ACTIVE,2016-03-03T14:31:30.000Z,,,BRIDGE,,KOLB DRAIN TRAIL BRIDGE,PEDESTRIAN TRAIL (ROTHSAY AVE),,ACROSS FROM MATTHEW ST ,PRE-MANUFACTURED STEEL TRUSS,NORTH-SOUTH,2.0999999,,0,1.83000004,1,21.3,21.60000038,39.5,0,0,0,1990-01-01T00:00:00.000Z,1990,UNKNOWN,2018,,0,OPERATIONS,150
-80.531272346573488,43.437912761529986,80,894,DAVIDV,2016-03-03T14:31:30.000Z,DAVIDV,2019-03-21T09:44:21.000Z,ACTIVE,2016-03-03T14:31:30.000Z,,,BRIDGE,,MONARCH WOODS TRAIL BRIDGE #3,,,MONARCH WOODS TRAIL NEAR FISHER HALLMAN RD UNDERPASS,PREFABRICATED STEEL TRUSS,NORTH-SOUTH,3.1500001,,0,0,1,6,6.5,20.46999931,0,0,0,1993-01-01T00:00:00.000Z,1993,UNKNOWN,2018,,0,OPERATIONS,150
-80.5342277848858,43.437388530062179,81,893,DAVIDV,2016-03-03T14:31:30.000Z,DAVIDV,2019-03-21T09:44:21.000Z,ACTIVE,2016-03-03T14:31:30.000Z,,,BRIDGE,,MONARCH WOODS TRAIL BRIDGE #2,,,MONARCH WOODS TRAIL MIDDLE OF PARK ACCESS FROM 264 STOKE DR,PEDESTRIAN BRIDGE,NORTH-SOUTH,2,,0,0,1,6.4,6.4000001,12.80000019,0,0,0,1993-01-01T00:00:00.000Z,1993,UNKNOWN,2018,,0,OPERATIONS,150
-80.537317068450378,43.43756026965022,82,892,DAVIDV,2016-03-03T14:31:30.000Z,DAVIDV,2019-03-21T09:44:21.000Z,ACTIVE,2016-03-03T14:31:30.000Z,,,BRIDGE,,MONARCH WOODS TRAIL BRIDGE #1,,,MONARCH WOODS TRAIL ACCESS FROM 166 STOKE DR,PEDESTRIAN BRIDGE,NORTH-SOUTH,2,,0,0,1,6.4,6.4000001,12.80000019,0,0,0,1993-01-01T00:00:00.000Z,1993,UNKNOWN,2018,,0,OPERATIONS,150
-80.54341711503173,43.437630478180523,83,891,DAVIDV,2016-03-03T14:31:30.000Z,DAVIDV,2019-03-21T09:44:21.000Z,ACTIVE,2016-03-03T14:31:30.000Z,,,BRIDGE,,LYNNVALLEY PARK TRAIL BRIDGE #2,,,LYNNVALLEY TRAIL BETWEEN BALL DIAMOND AND PLAYGROUND,PEDESTRIAN BRIDGE,NORTH-SOUTH,1.29999995,,0,0,1,3.66 (1),3.66000009,4.75,0,0,0,1993-01-01T00:00:00.000Z,1993,UNKNOWN,2018,,0,OPERATIONS,150
-80.541589886017505,43.437728539075508,84,890,DAVIDV,2016-03-03T14:31:30.000Z,DAVIDV,2019-03-21T09:44:21.000Z,ACTIVE,2016-03-03T14:31:30.000Z,,,BRIDGE,,LYNNVALLEY PARK TRAIL BRIDGE #1,,,LYNNVALLEY TRAIL CLOSEST TO 202 LYNNVALLEY CRT,PEDESTRIAN BRIDGE,NORTH-SOUTH,1.29999995,,0,1.20000005,1,3.66 (1),3.66000009,4.75,0,0,0,1993-01-01T00:00:00.000Z,1993,UNKNOWN,2018,,0,OPERATIONS,150
-80.459344525134838,43.426521813465406,85,881,DAVIDV,2016-03-03T14:31:30.000Z,DAVIDV,2019-03-21T09:44:21.000Z,ACTIVE,2016-03-03T14:31:30.000Z,,,BRIDGE,,PEDESTRIAN BRIDGE (OVER MONTGOMERY CREEK),SHELLEY DRIVE,,0.20 KM NORTH OF VANIER DRIVE,REINFORCED CONCRETE,NORTH-SOUTH,1.5,,0,0,1,3.6,3.5999999,5.4000001,0,0,0,1970-01-01T00:00:00.000Z,1970,UNKNOWN,2018,,0,OPERATIONS,150
-80.459285492122731,43.42293090443556,86,882,DAVIDV,2016-03-03T14:31:30.000Z,DAVIDV,2019-03-21T09:44:21.000Z,ACTIVE,2016-03-03T14:31:30.000Z,,,BRIDGE,,PEDESTRIAN BRIDGE (OVER MONTGOMERY CREEK),SHELLEY DRIVE,,0.14 KM SOUTH OF VANIER DRIVE,REINFORCED CONCRETE,NORTH-SOUTH,1.5,,0,0,1,3.6,3.5999999,5.4000001,0,0,0,1970-01-01T00:00:00.000Z,1970,UNKNOWN,2018,,0,OPERATIONS,150
-80.426406200569033,43.389578196721921,87,883,DAVIDV,2016-03-03T14:31:30.000Z,DAVIDV,2019-03-21T09:44:21.000Z,ACTIVE,2016-03-03T14:31:30.000Z,,,BRIDGE,,SCHNEIDER CREEK TRAIL BRIDGE #3,,,0.1 KM NORTH OF DOON VILLAGE ROAD ON PEDESTRIAN WALKWAY.,PREFABRICATED STEEL TRUSS,NORTH-SOUTH,1.79999995,,0,0,1,12.8,12.80000019,25.70000076,0,0,0,1980-01-01T00:00:00.000Z,1980,UNKNOWN,2018,,0,OPERATIONS,150
-80.421588668596343,43.386754479806612,88,884,DAVIDV,2016-03-03T14:31:30.000Z,DAVIDV,2019-03-21T09:44:21.000Z,ACTIVE,2016-03-03T14:31:30.000Z,,,BRIDGE,,SCHOOL CREEK TRAIL BRIDGE,,,0.15 KM ON PATH BETWEEN WATERBRIDGE COURT AND DOON VILLAGE ROAD,PREFABRICATED STEEL TRUSS,NORTH-SOUTH,1.79999995,,0,0,1,7.1,7.5,15,0,0,0,1990-01-01T00:00:00.000Z,1990,UNKNOWN,2018,,0,OPERATIONS,150
-80.514487125657311,43.437011467809945,89,885,DAVIDV,2016-03-03T14:31:30.000Z,DAVIDV,2019-03-21T09:44:21.000Z,ACTIVE,2016-03-03T14:31:30.000Z,,,BRIDGE,,HENRY STURM GREENWAY TRAIL BRIDGE #4,,,0.20 KM EAST OF WESTMOUNT RD W UNDERPASS,STEEL TRUSS,NORTH-SOUTH,2.0999999,,0,1.79999995,0,14.9,15,27,0,0,0,2012-01-01T00:00:00.000Z,2012,UNKNOWN,2018,,0,OPERATIONS,150
-80.396858810592647,43.391994289673121,90,886,DAVIDV,2016-03-03T14:31:30.000Z,DAVIDV,2019-03-21T09:44:21.000Z,ACTIVE,2016-03-03T14:31:30.000Z,,,BRIDGE,,MORNINGSIDE DRIVE OVER HWY 401 PEDESTRIAN BRIDGE,MORNINGSIDE DRIVE,,MORNINGSIDE DRIVE OVER HWY 401,CONCRETE DECK ON PRECAST GIRDERS,NORTH-SOUTH,4.5999999,,0,3.70000005,2,2 @ 34.6,70,323,0,0,0,2007-01-01T00:00:00.000Z,2007,UNKNOWN,2018,,0,ENGINEERING,150
-80.448899423322914,43.468506502513421,91,887,DAVIDV,2016-03-03T14:31:30.000Z,DAVIDV,2019-03-21T09:44:21.000Z,ACTIVE,2016-03-03T14:31:30.000Z,,,BRIDGE,,NATCHEZ ROAD BRIDGE,NATCHEZ ROAD,,0.01 KM SOUTH OF VICTORIA STREET NORTH,RIGID FRAME,,7.30000019,,0,6.80000019,1,,7.5,54.79999924,0,0,0,1970-01-01T00:00:00.000Z,1970,UNKNOWN,2018,,0,ENGINEERING,150
-80.473915204192394,43.49016924848523,92,898,DAVIDV,2016-03-03T14:31:30.000Z,DAVIDV,2019-03-21T09:44:21.000Z,HISTORIC,2017-07-13T13:12:40.000Z,,,BRIDGE,,MELITZER CREEK TRAIL BRIDGE,,,0.25 KM SOUTH OF OLD COTTAGE ROAD,PREFABRICATED STEEL TRUSS,EAST-WEST,3,,0,0,1,6.0,6,18,0,0,0,,,UNKNOWN,2018,,0,OPERATIONS,150
-80.47309913863792,43.473088318405161,93,897,DAVIDV,2016-03-03T14:31:30.000Z,DAVIDV,2019-03-21T09:44:21.000Z,ACTIVE,2016-03-03T14:31:30.000Z,,,BRIDGE,,GRAND RIVER TRIBUTARY TRAIL BRIDGE,,,0.1 KM SOUTH OF RIVERBEND DRIVE,PREFABRICATED STEEL TRUSS,NORTH-SOUTH,3,,0,0,1,10,10,30,0,0,0,,,UNKNOWN,2018,,0,OPERATIONS,150
-80.452138965429441,43.461178539455574,94,899,DAVIDV,2016-03-03T14:31:30.000Z,DAVIDV,2019-03-21T09:44:21.000Z,ACTIVE,2016-03-03T14:31:30.000Z,,,BRIDGE,,STANLEY PARK TRAIL BRIDGE,,,0.10 KM OF WEST OF TILLY CRESCENT,TIMBER GIRDER,EAST-WEST,1.51999998,,0,0,1,5.0,5,7.5999999,0,0,0,1970-01-01T00:00:00.000Z,1970,UNKNOWN,2018,,0,OPERATIONS,60
-80.433018895152827,43.447257728368669,95,900,DAVIDV,2016-03-03T14:31:30.000Z,DAVIDV,2019-03-21T09:44:21.000Z,ACTIVE,2016-03-03T14:31:30.000Z,,,BRIDGE,,IDLEWOOD CREEK TRAIL BRIDGE #1,,,0.05 KM WEST OF 319 EDENBRIDGE PL,TIMBER,EAST-WEST,2.20000005,,0,0,1,4.2,4.19999981,9.19999981,0,0,0,1985-01-01T00:00:00.000Z,1985,UNKNOWN,2018,,0,OPERATIONS,150
-80.431189768905668,43.446858395422574,96,901,DAVIDV,2016-03-03T14:31:30.000Z,DAVIDV,2019-03-21T09:44:21.000Z,ACTIVE,2016-03-03T14:31:30.000Z,,,BRIDGE,,IDLEWOOD CREEK TRAIL BRIDGE #2,,,0.6 KM NORTH OF 46 ROEHAMPTON CRT,PREFABRICATED STEEL TRUSS,EAST-WEST,1.89999998,,0,0,1,6.0,6,11.39999962,0,0,0,1985-01-01T00:00:00.000Z,1985,UNKNOWN,2018,,0,OPERATIONS,150
-80.424111555863604,43.444723794816767,97,903,DAVIDV,2016-03-03T14:31:30.000Z,DAVIDV,2019-03-21T09:44:21.000Z,ACTIVE,2016-03-03T14:31:30.000Z,,,BRIDGE,,IDLEWOOD CREEK TRAIL BRIDGE #3,,,0.01 KM SOUTH OF 33 IDLE RIDGE CRT,CONCRETE SLAB,NORTH-SOUTH,1.52999997,,0,0,1,3.95,3.95000005,6,0,0,0,,,UNKNOWN,2018,,0,OPERATIONS,150
-80.420044430215953,43.442948864446528,98,902,DAVIDV,2016-03-03T14:31:30.000Z,DAVIDV,2019-03-21T09:44:21.000Z,ACTIVE,2016-03-03T14:31:30.000Z,,,BRIDGE,,IDLEWOOD CREEK TRAIL BRIDGE #4,,,0.01 KM SOUTH OF 214 CORFIELD PL,PREFABRICATED STEEL TRUSS,NORTH-SOUTH,2.31999993,,0,0,1,6.10,6.0999999,14.19999981,0,0,0,2013-01-01T00:00:00.000Z,2013,UNKNOWN,2018,,0,OPERATIONS,150
-80.410553051841191,43.444695534039788,99,904,DAVIDV,2016-03-03T14:31:30.000Z,DAVIDV,2019-03-21T09:44:21.000Z,ACTIVE,2016-03-03T14:31:30.000Z,,,BRIDGE,,IDLEWOOD CREEK TRAIL BRIDGE #5,,,0.01 SOUTH OF FAIRWAY ROAD (ACCESS BESIDE 51 JANINE ST),PREFABRICATED STEEL TRUSS,NORTH-SOUTH,2.70000005,,0,0,1,1,21.60000038,58.29999924,0,0,0,,,UNKNOWN,2018,,0,OPERATIONS,150
-80.500444749785913,43.42476784326638,100,896,DAVIDV,2016-03-03T14:31:30.000Z,DAVIDV,2019-03-21T09:44:21.000Z,ACTIVE,2016-03-03T14:31:30.000Z,,,BRIDGE,,CONCORDIA PARK PEDESTRIAN ARCH BRIDGE,GILMOUR CRESCENT,,0.1 KM SOUTH EAST GILMOUR ON PATH,PREFABRICATED STEEL TRUSS,NORTH-SOUTH,2,,0,0,1,9,9,18,0,0,0,1970-01-01T00:00:00.000Z,1970,UNKNOWN,2018,,0,OPERATIONS,150
-80.468524997103771,43.423043147477223,101,905,DAVIDV,2016-03-03T14:31:30.000Z,DAVIDV,2019-03-21T09:44:21.000Z,ACTIVE,2016-03-03T14:31:30.000Z,,,BRIDGE,,PETER HALLMAN BALL YARD ARCH BRIDGE,0.4KM SOUTH OF ARDELT AVE,,LENNOX LEWIS AVE.,PREFABRICATED STEEL TRUSS,EAST-WEST,2,,0,1.70000005,1,17.5,17.5,35,0,0,0,,,UNKNOWN,2018,,0,OPERATIONS,150
-80.469922647246307,43.412536259102971,102,906,DAVIDV,2016-03-03T14:31:30.000Z,DAVIDV,2019-03-21T09:44:21.000Z,ACTIVE,2016-03-03T14:31:30.000Z,,,BRIDGE,,COUNTRY HILLS PARK TRAIL BRIDGE,COUNTRY HILL DRIVE,,0.15KM SOUTH OF COUNTRY HILL,REINFORCED CONCRETE SLAB,EAST-WEST,1.5,,0,0,1,4,4,6,0,0,0,1990-01-01T00:00:00.000Z,1990,UNKNOWN,2018,,0,OPERATIONS,150
-80.445791017665684,43.387590253729734,103,908,DAVIDV,2016-03-03T14:31:30.000Z,DAVIDV,2019-03-21T09:44:21.000Z,ACTIVE,2016-03-03T14:31:30.000Z,,,BOARDWALK,,TILTS BUSH BOARDWALK BOARDWALK,,,0.3 KM SOUTH OF BECHTEL DR NEED SABRINA CRES,TIMBER BOARDWALK,NORTH-SOUTH,1.83000004,,0,0,98,98 @ 2.0,195.67999268,312.94000244,0,0,0,,,UNKNOWN,2018,,0,OPERATIONS,150
-80.460459093705737,43.388232570806522,104,909,DAVIDV,2016-03-03T14:31:30.000Z,DAVIDV,2019-03-21T09:44:21.000Z,ACTIVE,2016-03-03T14:31:30.000Z,,,BRIDGE,,KILKERRAN CRES - RUSH MEADOW CRES TRAIL BRIDGE #3,,,0.2 KM WEST OF KILKERRAN CRES,PREFABRICATED STEEL TRUSS/TIMBER BOARWALK,,1.89999998,,0,0,2,"12.9, 8.5",21.39999962,40.70000076,0,0,0,,,UNKNOWN,2018,,0,OPERATIONS,150
-80.459131173060399,43.387547089424096,105,910,DAVIDV,2016-03-03T14:31:30.000Z,DAVIDV,2019-03-21T09:44:21.000Z,ACTIVE,2016-03-03T14:31:30.000Z,,,BRIDGE,,KILKERRAN CRES - RUSH MEADOW CRES TRAIL BRIDGE #2,,,0.1 KM WEST OF KILKERRAN CRES,TIMBER/COMPOSITE BOARDWALK,EAST-WEST,1.55999994,,0,0,17,"16 SPANS @ 3.67, 1 SPAN @ 4.2",66.80000305,104.19999695,0,0,0,,,UNKNOWN,2018,,0,OPERATIONS,150
-80.457648380115813,43.387004864689672,106,911,DAVIDV,2016-03-03T14:31:30.000Z,DAVIDV,2019-03-21T09:44:21.000Z,ACTIVE,2016-03-03T14:31:30.000Z,,,BRIDGE,,KILKERRAN CRES - RUSH MEADOW CRES TRAIL BRIDGE #1,,,END OF WALKWAY AT 103 KILKERRAN CRES,TIMBER/COMPOSITE BOARDWALK,EAST-WEST,1.52999997,,0,0,7,1.87 (1-7),13.5,20.64999962,0,0,0,,,UNKNOWN,2018,,0,OPERATIONS,150
-80.441510781587553,43.404928211613253,107,907,DAVIDV,2016-03-03T14:31:30.000Z,DAVIDV,2019-03-21T09:44:21.000Z,ACTIVE,2016-03-03T14:31:30.000Z,,,BOARDWALK,,HOMER WATSON PARK TRAIL BOARDWALK,COMMUNITY TRAIL,,1.00KM SOUTH ON COMMUNITY TRAIL FROM WABANAKI DRIVE,WOOD DECK ON TIMBER STRINGERS/GIRDERS,NORTH-SOUTH,1.5,,0,1.5,1,7.01,7.01000023,10.52000046,0,0,0,2013-01-01T00:00:00.000Z,2013,UNKNOWN,2018,,0,OPERATIONS,150
-80.503946796540674,43.4016461542193,108,913,DAVIDV,2016-03-03T14:31:30.000Z,DAVIDV,2019-03-21T09:44:21.000Z,ACTIVE,2016-03-03T14:31:30.000Z,,,BRIDGE,,COMMONWEALTH CRES PEDESTRIAN BRIDGE,COMMONWEALTH CRESCENT,,0.1KM WEST OF COMMONWEALTH CRESCENT  ON PATH,PREFABRICATED STEEL TRUSS,NORTH-SOUTH,1.95000005,,0,0,1,5.9,5.9000001,11.50500011,0,0,0,,,UNKNOWN,2018,,0,OPERATIONS,150
-80.441566259945361,43.379398849595837,109,888,DAVIDV,2016-03-03T14:31:30.000Z,DAVIDV,2019-03-21T09:44:21.000Z,ACTIVE,2016-03-03T14:31:30.000Z,,,CULVERT BRIDGE,,FOREST CREEK DRIVE CULVERT,FOREST CREEK DRIVE,2,0.2 KM SOUTH OF DOON CREEK STREET,CONCRETE BOX  CLOSED CULVERT,EAST-WEST,11.60000038,2.7,0,11.60000038,2,2.4,6.0999999,70.80000305,0,0,0,2010-01-01T00:00:00.000Z,2010,UNKNOWN,2018,,0,ENGINEERING,150
-80.439430558777829,43.378887589790722,110,889,DAVIDV,2016-03-03T14:31:30.000Z,DAVIDV,2019-03-21T09:44:21.000Z,ACTIVE,2016-03-03T14:31:30.000Z,,,CULVERT BRIDGE,,ROBERT FERRIE DRIVE CULVERT,ROBERT FERRIE DRIVE,2,0.5 KM EAST OF FOREST CREEK DRIVE,PRECAST CONCRETE BOX CULVERT,NORTH-SOUTH,20.79999924,0.95,0,10.10000038,2,"3.15, 3.15",7.19999981,149.80000305,0,0,0,2010-01-01T00:00:00.000Z,2010,UNKNOWN,2018,,0,ENGINEERING,150
-80.461846692190605,43.386394254881843,111,915,DAVIDV,2016-03-03T14:31:30.000Z,DAVIDV,2019-03-21T09:44:21.000Z,ACTIVE,2016-03-03T14:31:30.000Z,,,BRIDGE,,WARDS POND TRAIL BRIDGE #1,,,SOUTH OF RUSH MEADOW CRESCENT,EAGLE SPAN (EQUIVALENT),NORTH-SOUTH,1.5,,0,0,0,12.5,12.5,18.75,0,0,0,2010-01-01T00:00:00.000Z,2010,UNKNOWN,2018,,0,OPERATIONS,150
-80.461649405836937,43.387081879255064,112,914,DAVIDV,2016-03-03T14:31:30.000Z,DAVIDV,2019-03-21T09:44:21.000Z,ACTIVE,2016-03-03T14:31:30.000Z,,,BRIDGE,,WARDS POND TRAIL BRIDGE #2,,,SOUTH OF RUSH MEADOW CRESCENT,PREFABRICATED STEEL TRUSS,NORTH-SOUTH,3,,0,0,0,12,12,36,0,0,5,2010-01-01T00:00:00.000Z,2010,UNKNOWN,2018,,0,OPERATIONS,150
-80.504345134858184,43.449485019775445,113,916,DAVIDV,2016-03-03T14:31:30.000Z,DAVIDV,2019-03-21T09:44:21.000Z,ACTIVE,2016-03-03T14:31:30.000Z,,,BRIDGE,,PARK ST RAILWAY UNDERPASS,PARK ST,,NEAR 130 PARK ST,,,0,,0,0,0,,0,0,0,0,0,1930-01-01T00:00:00.000Z,1930,UNKNOWN,2018,,0,ENGINEERING,150
-80.478072031951072,43.389067312548015,114,917,DAVIDV,2016-03-03T14:31:30.000Z,DAVIDV,2019-03-21T09:44:21.000Z,ACTIVE,2016-03-03T14:31:30.000Z,,,CULVERT BRIDGE,,PARKVALE DR CULVERT,PARKVALE DR,,NEAR 198 PARKVALE DR,CONCRETE RECTANGULAR CULVERT,,0,,0,0,0,,0,0,0,0,0,1980-01-01T00:00:00.000Z,1980,UNKNOWN,2018,,0,ENGINEERING,150
-80.461511761979267,43.415711371153762,115,918,DAVIDV,2016-03-03T14:31:30.000Z,DAVIDV,2019-03-21T09:44:21.000Z,ACTIVE,2016-03-03T14:31:30.000Z,,,CULVERT BRIDGE,,FALLOWFIELD DR CULVERT,FALLOWFIELD DR,,BRISBANE DR AND ANASTASIA DR,,,0,,0,0,0,,0,0,0,0,0,1970-01-01T00:00:00.000Z,1970,UNKNOWN,2018,,0,ENGINEERING,150
-80.481192948753844,43.393223064384131,116,921,DAVIDV,2016-03-03T14:31:30.000Z,DAVIDV,2019-03-21T09:44:21.000Z,ACTIVE,2016-03-03T14:31:30.000Z,,,BRIDGE,,HURON NATURAL PARK TRAIL BRIDGE #1,,,NEAR NATIVE INDIAN INTREPRETATION AREA,,,0,,0,0,0,,0,0,0,0,0,2010-01-01T00:00:00.000Z,2010,UNKNOWN,2018,,0,OPERATIONS,150
-80.484392875859712,43.394948546142686,117,922,DAVIDV,2016-03-03T14:31:30.000Z,DAVIDV,2019-03-21T09:44:21.000Z,ACTIVE,2016-03-03T14:31:30.000Z,,,BRIDGE,,HURON NATURAL PARK TRAIL BRIDGE #2,,,FAR SIDE OF BIG POND,TIMBER BOARDWALK,,0,,0,0,0,,0,0,0,0,0,2007-01-01T00:00:00.000Z,2007,UNKNOWN,2018,,0,OPERATIONS,150
-80.40540515268286,43.396245934001193,118,960,DAVIDV,2016-03-03T14:31:30.000Z,DAVIDV,2019-03-21T09:44:21.000Z,ACTIVE,2016-03-03T14:31:30.000Z,,,BRIDGE,,WALTER BEAN TRAIL BRIDGE,,,OVER GRAND RIVER - DOON VALLEY GOLF COURSE,PREFABRICATED STEEL TRUSS,,0,,0,0,0,,0,0,0,0,0,2011-01-01T00:00:00.000Z,2011,UNKNOWN,2018,,0,OPERATIONS,150
-80.404351113391769,43.444112845472965,119,961,DAVIDV,2016-03-03T14:31:30.000Z,DAVIDV,2019-03-21T09:44:21.000Z,ACTIVE,2016-03-03T14:31:30.000Z,,,BRIDGE,,GRAND RIVER HIKING TRAIL BRIDGE,,,0.2 KM WEST OF WOOLNER TRAIL (ROAD),,,0,,0,0,0,,0,0,0,0,0,2011-01-01T00:00:00.000Z,2011,UNKNOWN,2018,,0,OPERATIONS,150
-80.463268847416884,43.421525202079437,120,1013,DAVIDV,2016-03-03T14:31:30.000Z,DAVIDV,2019-03-21T09:44:21.000Z,ACTIVE,2016-03-03T14:31:30.000Z,,,BRIDGE,,BLOCK LINE RD BRIDGE,BLOCK LINE RD ,4,BRIDGE OVER RAILWAY TRACKS NEAR COURTLAND AVE E,,,0,,0,0,0,,0,0,0,0,0,2013-01-01T00:00:00.000Z,2013,UNKNOWN,2018,,0,ENGINEERING,150
-80.501783280958648,43.445515301743434,121,1027,DAVIDV,2016-03-03T14:31:30.000Z,DAVIDV,2019-03-21T09:44:21.000Z,ACTIVE,2016-03-03T14:31:30.000Z,,,BRIDGE,,VICTORIA PARK LAKE PEDESTRIAN BRIDGE #4,,,VICTORIA PARK - NEAR RAILWAY BRIDGE,WOOD DECK ON HSS TRUSS,,0,,0,0,0,,0,0,0,0,0,2013-01-01T00:00:00.000Z,2013,UNKNOWN,2018,,0,OPERATIONS,150
-80.528871590249992,43.43921587878107,124,1089,DAVIDV,2016-03-03T14:31:30.000Z,DAVIDV,2019-03-21T09:44:21.000Z,ACTIVE,2017-07-14T10:30:41.000Z,,,BRIDGE,,HENRY STURM GREENWAY TRAIL BRIDGE #1,,,ACCESS WEST FROM DALEGROVE DR WALKWAY,,,0,,0,0,0,,0,0,0,0,0,2015-01-01T00:00:00.000Z,2015,UNKNOWN,2018,,0,OPERATIONS,150
-80.442308185364709,43.368900861016478,125,1090,DAVIDV,2016-03-03T14:42:06.000Z,DAVIDV,2019-03-21T09:44:21.000Z,ACTIVE,2019-03-11T15:23:03.000Z,,,BRIDGE,,BLAIR CREEK DR BRIDGE,BLAIR CREEK DR,2,BRIDGE OVER BLAIR CREEK NATURAL AREA,,,0,,0,0,0,,0,0,0,0,0,,,UNKNOWN,2018,,0,ENGINEERING,150
-80.465982496339493,43.382862737603624,126,1091,DAVIDV,2016-03-03T14:45:19.000Z,DAVIDV,2018-04-06T14:34:33.000Z,PLANNED,2016-03-03T14:45:19.000Z,,,BRIDGE,,STRASBRUG ROAD BRIDGE,,,MIDDLE OF BRIGADON WOODS NEAR NEWCASTLE CRT,,,0,,0,0,0,,0,0,0,0,0,,,UNKNOWN,,,0,ENGINEERING,150
-80.489428833705205,43.456990862547102,321,1092,DAVIDV,2016-07-04T14:44:29.000Z,DAVIDV,2019-03-21T09:44:21.000Z,ACTIVE,2016-07-08T09:49:27.000Z,,,BRIDGE,,MARGARET AVENUE RAILWAY OVERPASS,MARAGARET AVE ,,NEAR 82 MARAGARET AVE ,,,,,,,,,,,,,,,,TO INPUT,2018,,,ENGINEERING,0
-80.431616970529078,43.38400371556309,641,1093,DAVIDV,2016-11-03T11:49:02.000Z,DAVIDV,2019-03-21T09:44:21.000Z,ACTIVE,2016-11-03T11:49:02.000Z,,,BOARDWALK,,DOON SOUTH BOARDWALK #1,,,TAKE WALKWAY BESIDE 51 PINE VALLEY DR TURN RIGHT ONTO BOARDWALK BRIDGE  ,,,,,,,,,,,,,,,,TO INPUT,2018,,,OPERATIONS,0
-80.43452167120013,43.381257730434335,642,1094,DAVIDV,2016-11-03T11:50:20.000Z,DAVIDV,2019-03-21T09:44:21.000Z,ACTIVE,2016-11-03T11:50:20.000Z,,,BOARDWALK,,DOON SOUTH BOARDWALK #2,,,FOLLOW WALKWAY FROM KNOX CRT KEEP TO THE LEFT AROUND SWM AND FIND AT THE BACK,,,,,,,,,,,,,,,,TO INPUT,2018,,,OPERATIONS,0
-80.435213714959971,43.37997144960945,643,1095,DAVIDV,2016-11-03T11:50:44.000Z,DAVIDV,2019-03-21T09:44:21.000Z,ACTIVE,2016-11-03T11:50:44.000Z,,,BOARDWALK,,DOON SOUTH BOARDWALK #3,,,THROUGH WALKWALK FROM KNOX CRT,,,,,,,,,,,,,,,,TO INPUT,2018,,,OPERATIONS,0
-80.484152546669506,43.396319881299341,644,1096,DAVIDV,2016-11-03T11:52:07.000Z,DAVIDV,2019-03-21T09:44:21.000Z,ACTIVE,2016-11-03T11:52:07.000Z,,,BOARDWALK,,HURON NATURAL PARK LOOKOUT BOARDWALK,,,WOODEN STRUCTURE OVER LOOKING THE BIG POND,,,,,,,,,,,,,,,,TO INPUT,2018,,,OPERATIONS,0
-80.464729275713893,43.438619975281313,645,1097,DAVIDV,2016-11-03T11:52:53.000Z,DAVIDV,2019-03-21T09:44:21.000Z,ACTIVE,2016-11-03T11:52:53.000Z,,,BRIDGE,,ROCKWAY CENTRE FOUNTAIN BRIDGE,,,BRIDGE OVER THE FOUNTAIN POND,,,,,,,,,,,,,,,,TO INPUT,2018,,,,0
-80.472559446394271,43.437342205295124,962,1099,DIANNEA,2018-01-12T11:22:57.000Z,DAVIDV,2019-03-21T09:44:21.000Z,ACTIVE,2018-01-12T11:22:57.000Z,,2018-01-12T00:00:00.000Z,BRIDGE,,ROCKWAY GOLF COURSE CART BRIDGE #1,,,CLOSEST TO INTERSECTION OF NYBERG ST AND SYDNEY ST,,,,,,,,,,,,,,,,TO INPUT,2018,,,GOLF COURSES,0
-80.472889853958719,43.435180822340683,963,1100,DIANNEA,2018-01-12T11:23:23.000Z,DAVIDV,2019-03-21T09:44:21.000Z,ACTIVE,2018-01-12T11:23:23.000Z,,2018-01-12T00:00:00.000Z,BRIDGE,,ROCKWAY GOLF COURSE CART BRIDGE #2 ,,,NEAR BEDFORD RD,,,,,,,,,,,,,,,,TO INPUT,2018,,,GOLF COURSES,0
-80.473224407840135,43.433830343976595,964,1101,DIANNEA,2018-01-12T11:23:38.000Z,DAVIDV,2019-03-21T09:44:21.000Z,ACTIVE,2018-01-12T11:23:38.000Z,,2018-01-12T00:00:00.000Z,BRIDGE,,ROCKWAY GOLF COURSE CART BRIDGE #3,,,CLOSEST TO COURTLAND AVE E,,,,,,,,,,,,,,,,TO INPUT,2018,,,GOLF COURSES,0
-80.493985627479461,43.389413413320469,969,1106,DIANNEA,2018-01-12T14:09:25.000Z,DAVIDV,2019-03-21T09:44:21.000Z,ACTIVE,2018-01-12T14:09:25.000Z,,,BRIDGE,,WILLIAMSBURG CEMETERY BRIDGE #1,,,THE BOARDWALK OVER THE WETLAND AREAS ,,,,,,,,,,,,,,,2005,TO INPUT,2018,,,CEMETERIES,0
-80.495448168157765,43.389960059694666,970,1107,DIANNEA,2018-01-12T14:09:50.000Z,DAVIDV,2019-03-21T09:44:21.000Z,ACTIVE,2018-01-12T14:09:50.000Z,,,BRIDGE,,WILLIAMSBURG CEMETERY BRIDGE #2,,,THE BRIDGE OVER THE MAIN POND AREA NEAR DEDICATION CENTRE,,,,,,,,,,,,,,,2011,TO INPUT,2018,,,CEMETERIES,0
-80.499127771567402,43.390282470452959,971,1108,DIANNEA,2018-01-12T14:09:54.000Z,DAVIDV,2019-03-21T09:44:21.000Z,ACTIVE,2018-01-12T14:09:54.000Z,,,BRIDGE,,WILLIAMSBURG CEMETERY BRIDGE #3,,,ON THE TRAIL NORTH SIDE OF THE CEMETERY,,,,,,,,,,,,,,,2002,TO INPUT,2018,,,CEMETERIES,0
-80.466082182773079,43.421228042285847,1281,1109,DAVIDV,2019-03-20T11:15:12.000Z,DAVIDV,2019-03-21T09:44:21.000Z,ACTIVE,2019-03-20T11:15:12.000Z,,,BRIDGE,,PETER HALLMAN BALLYARD BRIDGE,,,160M NE OF BLOCKLINE ROAD AND LENNOX LEWIS WAY,EAGLE BRIDGE,EAST-WEST,3,,0,0,1,15.1,15,47,0,0,,,2013,TO INPUT,2018,,2018,OPERATIONS,0
-80.497410535683514,43.429010780487353,1282,1110,DAVIDV,2019-03-20T11:22:38.000Z,DAVIDV,2019-03-21T09:44:21.000Z,ACTIVE,2019-03-20T11:22:38.000Z,,,CULVERT BRIDGE,,CONCORDIA PARK CULVERT,,,"24 M SOUTH OF GREENBROOK DRIVE, 60 M WEST OF GREENBROOK DRIVE/STIRLING AVENUE",CONCRETE RECTANGULAR CULVERT,NORTH-SOUTH,3,,0,3,1,3.1,6,23,0,0,,,,TO INPUT,2018,,2018,OPERATIONS,0
-80.488713233280578,43.395089222193988,1283,1111,DAVIDV,2019-03-20T13:11:15.000Z,DAVIDV,2019-03-21T09:44:21.000Z,ACTIVE,2019-03-20T13:11:15.000Z,,,BOARDWALK,,HURON NATURAL PARK #2,TRILLIUM DRIVE,,HURON NATURAL AREA,PEDESTRIAN WOOD PLANK,NORTH-SOUTH,1,,0,0,2,"1=1.75; 2=5.45",7,13,0,0,,,2007,TO INPUT,2018,,2018,OPERATIONS,0
-80.486741514617819,43.394286494942484,1284,1112,DAVIDV,2019-03-20T13:16:22.000Z,DAVIDV,2019-03-21T09:44:21.000Z,ACTIVE,2019-03-20T13:16:22.000Z,,,BOARDWALK,,HURON NATURAL PARK #3,TRILLIUM DRIVE,,"HURON NATURAL AREA, 24 M EAST OF FISHER-HALLMAN/PLAINS ROAD",WOOD PLANK PEDESTRIAN BRIDGE,EAST-WEST,1,,0,0,2,"1=5.4, 2=5.4",11,21,0,0,,,2007,TO INPUT,2018,,2018,OPERATIONS,0
-80.451459971281835,43.466206162937446,1285,1113,DAVIDV,2019-03-20T13:19:20.000Z,DAVIDV,2019-03-21T09:44:21.000Z,ACTIVE,2019-03-20T13:19:20.000Z,,,CULVERT BRIDGE,,KOLB GREENWAY CULVERT,,,250 M FROM CARSON DRIVE TRAIL ENTRANCE (NORTH),PREFABRICATED STEEL TRUSS,NORTH-SOUTH,3,,,,1,10,10,31,,,,,2017,TO INPUT,2018,,2018,OPERATIONS,0
-80.535960694264972,43.436359136246978,1286,1114,DAVIDV,2019-03-20T13:21:26.000Z,DAVIDV,2019-03-21T09:44:21.000Z,ACTIVE,2019-03-20T13:21:26.000Z,,,BOARDWALK,,MONARCH WOODS BOARDWALK #1,,,200 NE FROM TRAIL ENTRANCE AT STOKE AND WEXFORD,WOOD PEDESTRIAN BRIDGE,EAST-WEST,1,,0,0,1,4,4,5,0,0,,,,TO INPUT,2018,,2018,OPERATIONS,0
-80.537562512174361,43.437603264319208,1287,1115,DAVIDV,2019-03-20T13:23:18.000Z,DAVIDV,2019-03-21T09:44:21.000Z,ACTIVE,2019-03-20T13:23:18.000Z,,,BOARDWALK,,MONARCH WOODS BOARDWALK #2,,,150M ON NORTH PATH FROM STOKE ROAD STRUCTURE 842,WOOD PEDESTRIAN BRIDGE,EAST-WEST,1,,0,0,1,13.2,13,24,0,0,,,,TO INPUT,2018,,2018,OPERATIONS,0
